ds,trend,yhat_lower,yhat_upper,trend_lower,trend_upper,additive_terms,additive_terms_lower,additive_terms_upper,weekly,weekly_lower,weekly_upper,yearly,yearly_lower,yearly_upper,multiplicative_terms,multiplicative_terms_lower,multiplicative_terms_upper,yhat
2020-01-01,21479.44477460901,17064.102917107877,27779.197378501973,21479.44477460901,21479.44477460901,828.6191474917036,828.6191474917036,828.6191474917036,240.69501629112094,240.69501629112094,240.69501629112094,587.9241312005828,587.9241312005828,587.9241312005828,0.0,0.0,0.0,22308.063922100715
2020-01-02,21479.424354109247,16788.549922961065,27544.956226574646,21479.424354109247,21479.424354109247,584.5800962404903,584.5800962404903,584.5800962404903,15.713991667202812,15.713991667202812,15.713991667202812,568.8661045732875,568.8661045732875,568.8661045732875,0.0,0.0,0.0,22064.004450349737
2020-01-03,21479.403933609487,15891.851875005972,26820.748174492986,21479.403933609487,21479.403933609487,-205.54922873359004,-205.54922873359004,-205.54922873359004,-747.3336135359748,-747.3336135359748,-747.3336135359748,541.7843848023848,541.7843848023848,541.7843848023848,0.0,0.0,0.0,21273.854704875896
2020-01-04,21479.383513109726,16920.954320828205,28072.4140559546,21479.383513109726,21479.383513109726,859.0157239022645,859.0157239022645,859.0157239022645,351.65304209240065,351.65304209240065,351.65304209240065,507.36268180986394,507.36268180986394,507.36268180986394,0.0,0.0,0.0,22338.39923701199
2020-01-05,21479.363092609965,16612.65120599044,27258.332680132447,21479.363092609965,21479.363092609965,701.2053995796274,701.2053995796274,701.2053995796274,234.81271771576945,234.81271771576945,234.81271771576945,466.3926818638579,466.3926818638579,466.3926818638579,0.0,0.0,0.0,22180.56849218959
2020-01-06,21479.3426721102,16663.32605871515,27693.42273895928,21479.3426721102,21479.3426721102,675.950747277767,675.950747277767,675.950747277767,256.1974819065793,256.1974819065793,256.1974819065793,419.75326537118775,419.75326537118775,419.75326537118775,0.0,0.0,0.0,22155.293419387966
2020-01-07,21479.322251610436,16189.613000809493,26826.676968334432,21479.322251610436,21479.322251610436,16.64992714412459,16.64992714412459,16.64992714412459,-351.7386361383897,-351.7386361383897,-351.7386361383897,368.38856328251427,368.38856328251427,368.38856328251427,0.0,0.0,0.0,21495.97217875456
2020-01-08,21479.30183111068,16311.701992733475,27315.847553227377,21479.30183111068,21479.30183111068,553.9804622705927,553.9804622705927,553.9804622705927,240.69501629296383,240.69501629296383,240.69501629296383,313.28544597762897,313.28544597762897,313.28544597762897,0.0,0.0,0.0,22033.28229338127
2020-01-09,21479.281410610914,16289.271919760744,27325.582146232733,21479.281410610914,21479.281410610914,271.16502872092383,271.16502872092383,271.16502872092383,15.71399166718519,15.71399166718519,15.71399166718519,255.45103705373864,255.45103705373864,255.45103705373864,0.0,0.0,0.0,21750.446439331838
2020-01-10,21479.260990111157,15338.966137835703,26341.822812865754,21479.260990111157,21479.260990111157,-551.4427870456079,-551.4427870456079,-551.4427870456079,-747.3336135349776,-747.3336135349776,-747.3336135349776,195.89082648936974,195.89082648936974,195.89082648936974,0.0,0.0,0.0,20927.818203065548
2020-01-11,21479.240569611393,16632.26654236844,28015.39593811259,21479.240569611393,21479.240569611393,487.2409660488256,487.2409660488256,487.2409660488256,351.6530420924931,351.6530420924931,351.6530420924931,135.58792395633253,135.58792395633253,135.58792395633253,0.0,0.0,0.0,21966.48153566022
2020-01-12,21479.22014911163,15945.406531126604,27362.75084332713,21479.22014911163,21479.22014911163,310.29666251543915,310.29666251543915,310.29666251543915,234.81271771574245,234.81271771574245,234.81271771574245,75.48394479969669,75.48394479969669,75.48394479969669,0.0,0.0,0.0,21789.51681162707
2020-01-13,21479.199728611868,16301.757491253975,27317.651778674848,21479.199728611868,21479.199728611868,272.65944192626694,272.65944192626694,272.65944192626694,256.1974819070372,256.1974819070372,256.1974819070372,16.461960019229767,16.461960019229767,16.461960019229767,0.0,0.0,0.0,21751.859170538133
2020-01-14,21479.179308112107,15664.175457197363,26654.229292372962,21479.179308112107,21479.179308112107,-392.4067667057197,-392.4067667057197,-392.4067667057197,-351.73863613962385,-351.73863613962385,-351.73863613962385,-40.66813056609586,-40.66813056609586,-40.66813056609586,0.0,0.0,0.0,21086.772541406386
2020-01-15,21479.158887612346,16227.691012695319,27225.595463888727,21479.158887612346,21479.158887612346,145.51349266985875,145.51349266985875,145.51349266985875,240.695016291813,240.695016291813,240.695016291813,-95.18152362195426,-95.18152362195426,-95.18152362195426,0.0,0.0,0.0,21624.672380282205
2020-01-16,21479.13846711258,15512.294105011812,27155.880188527775,21479.13846711258,21479.13846711258,-130.73355306503643,-130.73355306503643,-130.73355306503643,15.713991667167553,15.713991667167553,15.713991667167553,-146.44754473220397,-146.44754473220397,-146.44754473220397,0.0,0.0,0.0,21348.404914047544
2020-01-17,21479.118046612824,14707.529018133773,25983.140103807633,21479.118046612824,21479.118046612824,-941.2693006935159,-941.2693006935159,-941.2693006935159,-747.3336135383752,-747.3336135383752,-747.3336135383752,-193.9356871551407,-193.9356871551407,-193.9356871551407,0.0,0.0,0.0,20537.84874591931
2020-01-18,21479.09762611306,16613.697169723506,26973.939544737084,21479.09762611306,21479.09762611306,114.43439471143039,114.43439471143039,114.43439471143039,351.65304209399693,351.65304209399693,351.65304209399693,-237.2186473825666,-237.2186473825666,-237.2186473825666,0.0,0.0,0.0,21593.532020824492
2020-01-19,21479.077205613296,15534.684869884704,26781.736866503128,21479.077205613296,21479.077205613296,-41.15971960240998,-41.15971960240998,-41.15971960240998,234.81271771544232,234.81271771544232,234.81271771544232,-275.97243731785227,-275.97243731785227,-275.97243731785227,0.0,0.0,0.0,21437.917486010887
2020-01-20,21479.05678511354,16120.178963926668,26574.077983225998,21479.05678511354,21479.05678511354,-53.77625569569362,-53.77625569569362,-53.77625569569362,256.1974819062971,256.1974819062971,256.1974819062971,-309.9737376019907,-309.9737376019907,-309.9737376019907,0.0,0.0,0.0,21425.280529417843
2020-01-21,21479.036364613774,15369.122759807397,26464.322917024238,21479.036364613774,21479.036364613774,-690.8333703670568,-690.8333703670568,-690.8333703670568,-351.73863614085803,-351.73863614085803,-351.73863614085803,-339.09473422619885,-339.09473422619885,-339.09473422619885,0.0,0.0,0.0,20788.202994246716
2020-01-22,21479.015944114013,15382.938423406391,27005.26931514596,21479.015944114013,21479.015944114013,-122.60073253785845,-122.60073253785845,-122.60073253785845,240.69501629365595,240.69501629365595,240.69501629365595,-363.2957488315144,-363.2957488315144,-363.2957488315144,0.0,0.0,0.0,21356.415211576154
2020-01-23,21478.995523614252,15270.80763743444,26901.60918056658,21478.995523614252,21478.995523614252,-366.90203839852023,-366.90203839852023,-366.90203839852023,15.713991667149951,15.713991667149951,15.713991667149951,-382.6160300656702,-382.6160300656702,-382.6160300656702,0.0,0.0,0.0,21112.093485215733
2020-01-24,21478.975103114488,14943.146043815585,25676.108784143173,21478.975103114488,21478.975103114488,-1144.4967309946342,-1144.4967309946342,-1144.4967309946342,-747.3336135371387,-747.3336135371387,-747.3336135371387,-397.1631174574954,-397.1631174574954,-397.1631174574954,0.0,0.0,0.0,20334.478372119855
2020-01-25,21478.954682614727,15491.622803834407,26996.567944199975,21478.954682614727,21478.954682614727,-55.44817721317097,-55.44817721317097,-55.44817721317097,351.6530420940894,351.6530420940894,351.6530420940894,-407.1012193072604,-407.1012193072604,-407.1012193072604,0.0,0.0,0.0,21423.506505401558
2020-01-26,21478.934262114966,15738.100319927038,26875.992887434993,21478.934262114966,21478.934262114966,-177.82634362930926,-177.82634362930926,-177.82634362930926,234.8127177159065,234.8127177159065,234.8127177159065,-412.63906134521574,-412.63906134521574,-412.63906134521574,0.0,0.0,0.0,21301.107918485657
2020-01-27,21478.913841615205,15416.154882969859,27126.48896838772,21478.913841615205,21478.913841615205,-157.82018119122284,-157.82018119122284,-157.82018119122284,256.1974819055571,256.1974819055571,256.1974819055571,-414.0176630967799,-414.0176630967799,-414.0176630967799,0.0,0.0,0.0,21321.093660423983
2020-01-28,21478.89342111544,15399.036197945761,26368.968708468492,21478.89342111544,21478.89342111544,-763.237120344699,-763.237120344699,-763.237120344699,-351.73863613832174,-351.73863613832174,-351.73863613832174,-411.49848420637727,-411.49848420637727,-411.49848420637727,0.0,0.0,0.0,20715.65630077074
2020-01-29,21478.873000615677,15608.55907730018,26757.885073067406,21478.873000615677,21478.873000615677,-164.65733777533907,-164.65733777533907,-164.65733777533907,240.69501629110025,240.69501629110025,240.69501629110025,-405.3523540664393,-405.3523540664393,-405.3523540664393,0.0,0.0,0.0,21314.21566284034
2020-01-30,21478.85258011592,15238.85834051046,26850.393274410293,21478.85258011592,21478.85258011592,-380.13556438931585,-380.13556438931585,-380.13556438931585,15.713991665054591,15.713991665054591,15.713991665054591,-395.8495560543704,-395.8495560543704,-395.8495560543704,0.0,0.0,0.0,21098.717015726605
2020-01-31,21478.832159616155,14323.021524565287,25843.20993505536,21478.832159616155,21478.832159616155,-1130.5849975302754,-1130.5849975302754,-1130.5849975302754,-747.3336135376861,-747.3336135376861,-747.3336135376861,-383.25138399258924,-383.25138399258924,-383.25138399258924,0.0,0.0,0.0,20348.247162085878
2020-02-01,21478.811739116398,15487.7940139427,27297.976833538112,21478.811739116398,21478.811739116398,-16.15038286424049,-16.15038286424049,-16.15038286424049,351.65304209418196,351.65304209418196,351.65304209418196,-367.8034249584224,-367.8034249584224,-367.8034249584224,0.0,0.0,0.0,21462.661356252156
2020-02-02,21478.791318616633,15733.505974129954,27160.355764658434,21478.791318616633,21478.791318616633,-114.9180337124405,-114.9180337124405,-114.9180337124405,234.81271771560637,234.81271771560637,234.81271771560637,-349.73075142804686,-349.73075142804686,-349.73075142804686,0.0,0.0,0.0,21363.87328490419
2020-02-03,21478.77089811687,15706.22371333185,27148.605567969862,21478.77089811687,21478.77089811687,-73.03764740495579,-73.03764740495579,-73.03764740495579,256.19748190739097,256.19748190739097,256.19748190739097,-329.2351293123467,-329.2351293123467,-329.2351293123467,0.0,0.0,0.0,21405.733250711914
2020-02-04,21478.750477617108,15309.783424264253,26233.756838400783,21478.750477617108,21478.750477617108,-658.2329054082712,-658.2329054082712,-658.2329054082712,-351.73863613955587,-351.73863613955587,-351.73863613955587,-306.4942692687154,-306.4942692687154,-306.4942692687154,0.0,0.0,0.0,20820.517572208835
2020-02-05,21478.730057117347,15807.886008783433,27459.27927455074,21478.730057117347,21478.730057117347,-40.968053072009035,-40.968053072009035,-40.968053072009035,240.69501629294305,240.69501629294305,240.69501629294305,-281.6630693649521,-281.6630693649521,-281.6630693649521,0.0,0.0,0.0,21437.762004045337
2020-02-06,21478.709636617587,15490.808159918883,27063.368717771882,21478.709636617587,21478.709636617587,-239.1627286636137,-239.1627286636137,-239.1627286636137,15.713991667738895,15.713991667738895,15.713991667738895,-254.8767203313526,-254.8767203313526,-254.8767203313526,0.0,0.0,0.0,21239.546907953973
2020-02-07,21478.689216117822,14725.353817506884,25905.197538598593,21478.689216117822,21478.689216117822,-973.5890863471708,-973.5890863471708,-973.5890863471708,-747.3336135364497,-747.3336135364497,-747.3336135364497,-226.25547281072102,-226.25547281072102,-226.25547281072102,0.0,0.0,0.0,20505.10012977065
2020-02-08,21478.668795618065,15645.730469362958,26787.24911651448,21478.668795618065,21478.668795618065,155.74224055240464,155.74224055240464,155.74224055240464,351.6530420956858,351.6530420956858,351.6530420956858,-195.9108015432812,-195.9108015432812,-195.9108015432812,0.0,0.0,0.0,21634.41103617047
2020-02-09,21478.6483751183,16209.254030901595,27114.07266958326,21478.6483751183,21478.6483751183,70.86007123722929,70.86007123722929,70.86007123722929,234.81271771585244,234.81271771585244,234.81271771585244,-163.95264647862317,-163.95264647862317,-163.95264647862317,0.0,0.0,0.0,21549.50844635553
2020-02-10,21478.627954618536,15978.194592506068,27365.234062855023,21478.627954618536,21478.627954618536,125.70011473457032,125.70011473457032,125.70011473457032,256.197481906651,256.197481906651,256.197481906651,-130.49736717208066,-130.49736717208066,-130.49736717208066,0.0,0.0,0.0,21604.328069353105
2020-02-11,21478.60753411878,15804.49529800318,26041.760987863145,21478.60753411878,21478.60753411878,-447.41465216079706,-447.41465216079706,-447.41465216079706,-351.73863614012697,-351.73863614012697,-351.73863614012697,-95.67601602067015,-95.67601602067015,-95.67601602067015,0.0,0.0,0.0,21031.19288195798
2020-02-12,21478.587113619014,16042.828915078242,27203.93058247096,21478.587113619014,21478.587113619014,181.05249733258384,181.05249733258384,181.05249733258384,240.69501629478594,240.69501629478594,240.69501629478594,-59.64251896220209,-59.64251896220209,-59.64251896220209,0.0,0.0,0.0,21659.6396109516
2020-02-13,21478.566693119254,15421.67396656296,27135.768175051122,21478.566693119254,21478.566693119254,-6.867358174243787,-6.867358174243787,-6.867358174243787,15.713991665643519,15.713991665643519,15.713991665643519,-22.581349839887306,-22.581349839887306,-22.581349839887306,0.0,0.0,0.0,21471.69933494501
2020-02-14,21478.546272619493,14836.714985617933,26391.790722848866,21478.546272619493,21478.546272619493,-732.047910434493,-732.047910434493,-732.047910434493,-747.3336135367579,-747.3336135367579,-747.3336135367579,15.285703102264701,15.285703102264701,15.285703102264701,0.0,0.0,0.0,20746.498362185
2020-02-15,21478.52585211973,16298.95484307039,27790.83586458766,21478.52585211973,21478.52585211973,405.3470955844139,405.3470955844139,405.3470955844139,351.6530420957783,351.6530420957783,351.6530420957783,53.69405348863562,53.69405348863562,53.69405348863562,0.0,0.0,0.0,21883.87294770414
2020-02-16,21478.505431619968,15979.227252789166,27207.223302267314,21478.505431619968,21478.505431619968,327.14516819133837,327.14516819133837,327.14516819133837,234.8127177155523,234.8127177155523,234.8127177155523,92.33245047578603,92.33245047578603,92.33245047578603,0.0,0.0,0.0,21805.650599811306
2020-02-17,21478.485011120207,15953.20839165504,27335.974829510928,21478.485011120207,21478.485011120207,387.0384936608715,387.0384936608715,387.0384936608715,256.19748190591105,256.19748190591105,256.19748190591105,130.84101175496048,130.84101175496048,130.84101175496048,0.0,0.0,0.0,21865.52350478108
2020-02-18,21478.464590620446,15607.546101412505,27178.770259570403,21478.464590620446,21478.464590620446,-182.92726180712313,-182.92726180712313,-182.92726180712313,-351.7386361413611,-351.7386361413611,-351.7386361413611,168.81137433423797,168.81137433423797,168.81137433423797,0.0,0.0,0.0,21295.537328813323
2020-02-19,21478.44417012068,16273.657755590337,27482.586737624282,21478.44417012068,21478.44417012068,446.48412546166674,446.48412546166674,446.48412546166674,240.69501629223024,240.69501629223024,240.69501629223024,205.78910916943656,205.78910916943656,205.78910916943656,0.0,0.0,0.0,21924.928295582347
2020-02-20,21478.423749620917,16088.506579142771,27490.302519880588,21478.423749620917,21478.423749620917,256.9924584288573,256.9924584288573,256.9924584288573,15.713991669781393,15.713991669781393,15.713991669781393,241.27846675907588,241.27846675907588,241.27846675907588,0.0,0.0,0.0,21735.416208049774
2020-02-21,21478.40332912116,15164.621351931442,26359.610474468718,21478.40332912116,21478.40332912116,-472.5841757969221,-472.5841757969221,-472.5841757969221,-747.3336135370661,-747.3336135370661,-747.3336135370661,274.74943774014383,274.74943774014383,274.74943774014383,0.0,0.0,0.0,21005.81915332424
2020-02-22,21478.382908621395,16768.591919283313,27873.184003558246,21478.382908621395,21478.382908621395,657.3000700911132,657.3000700911132,657.3000700911132,351.65304209306527,351.65304209306527,351.65304209306527,305.6470279980479,305.6470279980479,305.6470279980479,0.0,0.0,0.0,22135.68297871251
2020-02-23,21478.36248812164,16247.020983801884,27407.63840458029,21478.36248812164,21478.36248812164,568.2152822518487,568.2152822518487,568.2152822518487,234.8127177152523,234.8127177152523,234.8127177152523,333.40256453659657,333.40256453659657,333.40256453659657,0.0,0.0,0.0,22046.577770373486
2020-02-24,21478.342067621874,16389.91291815834,27251.534839507272,21478.342067621874,21478.342067621874,613.6442509750328,613.6442509750328,613.6442509750328,256.1974819063688,256.1974819063688,256.1974819063688,357.446769068664,357.446769068664,357.446769068664,0.0,0.0,0.0,22091.986318596908
2020-02-25,21478.32164712211,15937.652367688604,27243.113637537554,21478.32164712211,21478.32164712211,25.48562746631146,25.48562746631146,25.48562746631146,-351.73863614071007,-351.73863614071007,-351.73863614071007,377.22426360702156,377.22426360702156,377.22426360702156,0.0,0.0,0.0,21503.80727458842
2020-02-26,21478.30122662235,16884.098843884214,27629.97266102702,21478.30122662235,21478.30122662235,632.9041250002261,632.9041250002261,632.9041250002261,240.69501629407307,240.69501629407307,240.69501629407307,392.2091087061531,392.2091087061531,392.2091087061531,0.0,0.0,0.0,22111.205351622575
2020-02-27,21478.280806122588,16365.723232461676,27519.240347742125,21478.280806122588,21478.280806122588,417.63491430967116,417.63491430967116,417.63491430967116,15.713991670387957,15.713991670387957,15.713991670387957,401.92092263928316,401.92092263928316,401.92092263928316,0.0,0.0,0.0,21895.91572043226
2020-02-28,21478.260385622827,15503.73865271811,26762.002071558418,21478.260385622827,21478.260385622827,-341.39252297582095,-341.39252297582095,-341.39252297582095,-747.3336135373742,-747.3336135373742,-747.3336135373742,405.9410905615533,405.9410905615533,405.9410905615533,0.0,0.0,0.0,21136.867862647006
2020-02-29,21478.239965123063,16590.24643835427,27549.21075039248,21478.239965123063,21478.239965123063,755.5815902147502,755.5815902147502,755.5815902147502,351.6530420931578,351.6530420931578,351.6530420931578,403.92854812159237,403.92854812159237,403.92854812159237,0.0,0.0,0.0,22233.821555337814
2020-03-01,21478.2195446233,16391.81815869217,28039.746361165897,21478.2195446233,21478.2195446233,630.4473328240118,630.4473328240118,630.4473328240118,234.81271771598952,234.81271771598952,234.81271771598952,395.6346151080224,395.6346151080224,395.6346151080224,0.0,0.0,0.0,22108.666877447315
2020-03-02,21478.19912412354,16469.0337919749,27921.573398899018,21478.19912412354,21478.19912412354,637.1138440602493,637.1138440602493,637.1138440602493,256.19748190443096,256.19748190443096,256.19748190443096,380.91636215581843,380.91636215581843,380.91636215581843,0.0,0.0,0.0,22115.31296818379
2020-03-03,21478.178703623777,15638.535904282902,27586.970957817783,21478.178703623777,21478.178703623777,8.009381270902557,8.009381270902557,8.009381270902557,-351.738636140059,-351.738636140059,-351.738636140059,359.74801741096155,359.74801741096155,359.74801741096155,0.0,0.0,0.0,21486.18808489468
2020-03-04,21478.15828312402,16121.923497308213,27616.95932932215,21478.15828312402,21478.15828312402,572.9249762601057,572.9249762601057,572.9249762601057,240.6950162929224,240.6950162929224,240.6950162929224,332.22995996718345,332.22995996718345,332.22995996718345,0.0,0.0,0.0,22051.083259384126
2020-03-05,21478.137862624255,16200.689584966702,27379.722467776428,21478.137862624255,21478.137862624255,314.3088936367384,314.3088936367384,314.3088936367384,15.713991670370337,15.713991670370337,15.713991670370337,298.59490196636807,298.59490196636807,298.59490196636807,0.0,0.0,0.0,21792.446756260993
2020-03-06,21478.11744212449,15816.085457158499,26357.213924944775,21478.11744212449,21478.11744212449,-488.1226833922332,-488.1226833922332,-488.1226833922332,-747.3336135361377,-747.3336135361377,-747.3336135361377,259.2109301439045,259.2109301439045,259.2109301439045,0.0,0.0,0.0,20989.994758732257
2020-03-07,21478.09702018243,15991.956749940506,27672.500558165673,21478.09702018243,21478.09702018243,566.2342005987075,566.2342005987075,566.2342005987075,351.65304209395595,351.65304209395595,351.65304209395595,214.58115850475156,214.58115850475156,214.58115850475156,0.0,0.0,0.0,22044.33122078114
2020-03-08,21478.076598240365,16466.438308861805,27127.18060945528,21478.076598240365,21478.076598240365,400.1525522697074,400.1525522697074,400.1525522697074,234.81271771568933,234.81271771568933,234.81271771568933,165.33983455401807,165.33983455401807,165.33983455401807,0.0,0.0,0.0,21878.229150510073
2020-03-09,21478.0561762983,15970.488303273041,27292.584200823,21478.0561762983,21478.0561762983,368.4423214715056,368.4423214715056,368.4423214715056,256.1974819074626,256.1974819074626,256.1974819074626,112.24483956404293,112.24483956404293,112.24483956404293,0.0,0.0,0.0,21846.498497769808
2020-03-10,21478.035754356242,15549.908461182273,26587.889308737194,21478.035754356242,21478.035754356242,-295.572010166563,-295.572010166563,-295.572010166563,-351.73863613940796,-351.73863613940796,-351.73863613940796,56.16662597284493,56.16662597284493,56.16662597284493,0.0,0.0,0.0,21182.463744189678
2020-03-11,21478.015332414176,15850.747936007214,27089.306888997766,21478.015332414176,21478.015332414176,238.76875550253888,238.76875550253888,238.76875550253888,240.69501629476528,240.69501629476528,240.69501629476528,-1.9262607922263637,-1.9262607922263637,-1.9262607922263637,0.0,0.0,0.0,21716.784087916716
2020-03-12,21477.994910472113,15759.513714979666,26839.465938320052,21477.994910472113,21477.994910472113,-45.27083434033665,-45.27083434033665,-45.27083434033665,15.713991668274979,15.713991668274979,15.713991668274979,-60.98482600861163,-60.98482600861163,-60.98482600861163,0.0,0.0,0.0,21432.724076131777
2020-03-13,21477.974488530053,15044.628122927308,26221.452311989815,21477.974488530053,21477.974488530053,-867.2337000986662,-867.2337000986662,-867.2337000986662,-747.3336135379906,-747.3336135379906,-747.3336135379906,-119.90008656067562,-119.90008656067562,-119.90008656067562,0.0,0.0,0.0,20610.740788431387
2020-03-14,21477.954066587987,15964.572218045312,27307.540172583864,21477.954066587987,21477.954066587987,174.1271321431194,174.1271321431194,174.1271321431194,351.65304209475414,351.65304209475414,351.65304209475414,-177.52590995163476,-177.52590995163476,-177.52590995163476,0.0,0.0,0.0,21652.081198731106
2020-03-15,21477.933644645924,15885.873078203427,27386.923404578807,21477.933644645924,21477.933644645924,2.109005907245922,2.109005907245922,2.109005907245922,234.8127177159354,234.8127177159354,234.8127177159354,-232.7037118086895,-232.7037118086895,-232.7037118086895,0.0,0.0,0.0,21480.04265055317
2020-03-16,21477.913222703857,15721.711626091863,27056.16714025915,21477.913222703857,21477.913222703857,-28.09094264302557,-28.09094264302557,-28.09094264302557,256.1974819067226,256.1974819067226,256.1974819067226,-284.28842454974813,-284.28842454974813,-284.28842454974813,0.0,0.0,0.0,21449.82228006083
2020-03-17,21477.892800761798,15279.769144943444,26456.32268548527,21477.892800761798,21477.892800761798,-682.9137333172602,-682.9137333172602,-682.9137333172602,-351.7386361406421,-351.7386361406421,-351.7386361406421,-331.17509717661807,-331.17509717661807,-331.17509717661807,0.0,0.0,0.0,20794.97906744454
2020-03-18,21477.87237881973,15820.652412833213,26817.114542545372,21477.87237881973,21477.87237881973,-131.63043399147236,-131.63043399147236,-131.63043399147236,240.69501629220954,240.69501629220954,240.69501629220954,-372.3254502836819,-372.3254502836819,-372.3254502836819,0.0,0.0,0.0,21346.24194482826
2020-03-19,21477.85195687767,15366.03936877354,26545.56142194444,21477.85195687767,21477.85195687767,-391.07970098119756,-391.07970098119756,-391.07970098119756,15.713991666179602,15.713991666179602,15.713991666179602,-406.79369264737716,-406.79369264737716,-406.79369264737716,0.0,0.0,0.0,21086.77225589647
2020-03-20,21477.83153493561,14750.38969319532,25702.167150853074,21477.83153493561,21477.83153493561,-1181.084520590791,-1181.084520590791,-1181.084520590791,-747.3336135369933,-747.3336135369933,-747.3336135369933,-433.7509070537978,-433.7509070537978,-433.7509070537978,0.0,0.0,0.0,20296.74701434482
2020-03-21,21477.811112993542,15616.864004605459,26659.12731228229,21477.811112993542,21477.811112993542,-100.85429153590407,-100.85429153590407,-100.85429153590407,351.65304209555234,351.65304209555234,351.65304209555234,-452.50733363145645,-452.50733363145645,-452.50733363145645,0.0,0.0,0.0,21376.95682145764
2020-03-22,21477.79069105148,15728.794924158763,27106.292862251237,21477.79069105148,21477.79069105148,-227.719200918533,-227.719200918533,-227.719200918533,234.81271771563533,234.81271771563533,234.81271771563533,-462.53191863416833,-462.53191863416833,-462.53191863416833,0.0,0.0,0.0,21250.071490132945
2020-03-23,21477.770269109416,16043.35542277267,26402.63282783277,21477.770269109416,21477.770269109416,-207.27107269023125,-207.27107269023125,-207.27107269023125,256.19748190718036,256.19748190718036,256.19748190718036,-463.46855459741164,-463.46855459741164,-463.46855459741164,0.0,0.0,0.0,21270.499196419187
2020-03-24,21477.749847167353,14850.707447951218,25910.889227032392,21477.749847167353,21477.749847167353,-806.8871488631204,-806.8871488631204,-806.8871488631204,-351.73863613810585,-351.73863613810585,-351.73863613810585,-455.1485127250145,-455.1485127250145,-455.1485127250145,0.0,0.0,0.0,20670.862698304234
2020-03-25,21477.729425225287,15658.444611418834,27192.520056933095,21477.729425225287,21477.729425225287,-196.9036421698669,-196.9036421698669,-196.9036421698669,240.69501629105883,240.69501629105883,240.69501629105883,-437.5986584609258,-437.5986584609258,-437.5986584609258,0.0,0.0,0.0,21280.82578305542
2020-03-26,21477.709003283228,15446.302952233622,26557.86853121927,21477.709003283228,21477.709003283228,-395.33115249182885,-395.33115249182885,-395.33115249182885,15.713991668239737,15.713991668239737,15.713991668239737,-411.04514416006856,-411.04514416006856,-411.04514416006856,0.0,0.0,0.0,21082.3778507914
2020-03-27,21477.688581341165,14405.633549849572,26104.20947133347,21477.688581341165,21477.688581341165,-1123.2459994935828,-1123.2459994935828,-1123.2459994935828,-747.3336135373016,-747.3336135373016,-747.3336135373016,-375.9123859562812,-375.9123859562812,-375.9123859562812,0.0,0.0,0.0,20354.442581847583
2020-03-28,21477.668159399098,15810.877346747153,27363.19964625605,21477.668159399098,21477.668159399098,18.835789777957356,18.835789777957356,18.835789777957356,351.6530420956448,351.6530420956448,351.6530420956448,-332.81725231768746,-332.81725231768746,-332.81725231768746,0.0,0.0,0.0,21496.503949177055
2020-03-29,21477.64773745704,15713.352572651545,27093.799647731077,21477.64773745704,21477.64773745704,-47.74579846626935,-47.74579846626935,-47.74579846626935,234.8127177156083,234.8127177156083,234.8127177156083,-282.5585161818776,-282.5585161818776,-282.5585161818776,0.0,0.0,0.0,21429.90193899077
2020-03-30,21477.627315514976,15789.833922949627,27062.914968476187,21477.627315514976,21477.627315514976,30.095734337629896,30.095734337629896,30.095734337629896,256.1974819076381,256.1974819076381,256.1974819076381,-226.1017475700082,-226.1017475700082,-226.1017475700082,0.0,0.0,0.0,21507.723049852604
2020-03-31,21477.60689357291,15099.879023449768,26603.81721827723,21477.60689357291,21477.60689357291,-516.2985819201116,-516.2985819201116,-516.2985819201116,-351.7386361405621,-351.7386361405621,-351.7386361405621,-164.55994577954937,-164.55994577954937,-164.55994577954937,0.0,0.0,0.0,20961.308311652796
2020-04-01,21477.58647163085,16531.071374968447,26661.128258565248,21477.58647163085,21477.58647163085,141.52469005654098,141.52469005654098,141.52469005654098,240.69501629070234,240.69501629070234,240.69501629070234,-99.17032623416135,-99.17032623416135,-99.17032623416135,0.0,0.0,0.0,21619.11116168739
2020-04-02,21477.566049688783,15885.339975008566,27200.737854574585,21477.566049688783,21477.566049688783,-15.553791915206165,-15.553791915206165,-15.553791915206165,15.713991666144379,15.713991666144379,15.713991666144379,-31.267783581350542,-31.267783581350542,-31.267783581350542,0.0,0.0,0.0,21462.01225777358
2020-04-03,21477.54562774672,15184.217298562608,26856.845170233504,21477.54562774672,21477.54562774672,-709.5892601790788,-709.5892601790788,-709.5892601790788,-747.3336135360652,-747.3336135360652,-747.3336135360652,37.744353356986416,37.744353356986416,37.744353356986416,0.0,0.0,0.0,20767.95636756764
2020-04-04,21477.525205804654,16320.63048366311,27263.47790865832,21477.525205804654,21477.525205804654,458.0786224802724,458.0786224802724,458.0786224802724,351.65304209363745,351.65304209363745,351.65304209363745,106.42558038663482,106.42558038663482,106.42558038663482,0.0,0.0,0.0,21935.603828284926
2020-04-05,21477.504783862594,16460.49777210212,27093.19137868513,21477.504783862594,21477.504783862594,408.1434525552376,408.1434525552376,408.1434525552376,234.81271771607248,234.81271771607248,234.81271771607248,173.33073483916507,173.33073483916507,173.33073483916507,0.0,0.0,0.0,21885.64823641783
2020-04-06,21477.48436192053,16149.269968405564,27468.058920486845,21477.48436192053,21477.48436192053,493.2404549418713,493.2404549418713,493.2404549418713,256.1974819057004,256.1974819057004,256.1974819057004,237.04297303617096,237.04297303617096,237.04297303617096,0.0,0.0,0.0,21970.724816862403
2020-04-07,21477.463939978465,16166.790668601167,27000.580862262865,21477.463939978465,21477.463939978465,-55.53224648160371,-55.53224648160371,-55.53224648160371,-351.7386361399111,-351.7386361399111,-351.7386361399111,296.2063896583074,296.2063896583074,296.2063896583074,0.0,0.0,0.0,21421.93169349686
2020-04-08,21477.443518036405,16165.39333427349,27315.280212117825,21477.443518036405,21477.443518036405,590.2524770062325,590.2524770062325,590.2524770062325,240.69501629254515,240.69501629254515,240.69501629254515,349.55746071368736,349.55746071368736,349.55746071368736,0.0,0.0,0.0,22067.69599504264
2020-04-09,21477.42309609434,16090.845140424082,27430.124694164577,21477.42309609434,21477.42309609434,411.6685055401814,411.6685055401814,411.6685055401814,15.713991666126757,15.713991666126757,15.713991666126757,395.95451387405467,395.95451387405467,395.95451387405467,0.0,0.0,0.0,21889.09160163452
2020-04-10,21477.402674152276,15413.259112641066,27290.360675517506,21477.402674152276,21477.402674152276,-312.9291402367102,-312.9291402367102,-312.9291402367102,-747.3336135348285,-747.3336135348285,-747.3336135348285,434.40447329811826,434.40447329811826,434.40447329811826,0.0,0.0,0.0,21164.473533915567
2020-04-11,21477.382252210216,16995.882824493656,27945.019975840798,21477.382252210216,21477.382252210216,815.739231830203,815.739231830203,815.739231830203,351.65304209372994,351.65304209372994,351.65304209372994,464.08618973647305,464.08618973647305,464.08618973647305,0.0,0.0,0.0,22293.12148404042
2020-04-12,21477.36183026815,16402.802706078797,27956.88067881199,21477.36183026815,21477.36183026815,719.1824668311166,719.1824668311166,719.1824668311166,234.8127177160455,234.8127177160455,234.8127177160455,484.36974911507116,484.36974911507116,484.36974911507116,0.0,0.0,0.0,22196.544297099266
2020-04-13,21477.341408326087,16706.929757051552,28075.047332046845,21477.341408326087,21477.341408326087,751.0287337915483,751.0287337915483,751.0287337915483,256.1974819061581,256.1974819061581,256.1974819061581,494.8312518853902,494.8312518853902,494.8312518853902,0.0,0.0,0.0,22228.370142117634
2020-04-14,21477.320986384024,15909.93807092692,27018.9217413208,21477.320986384024,21477.320986384024,143.5240324866864,143.5240324866864,143.5240324866864,-351.73863613926,-351.73863613926,-351.73863613926,495.2626686259464,495.2626686259464,495.2626686259464,0.0,0.0,0.0,21620.84501887071
2020-04-15,21477.30056444196,16625.18278358308,27637.378858544256,21477.30056444196,21477.30056444196,726.371518042369,726.371518042369,726.371518042369,240.69501629218877,240.69501629218877,240.69501629218877,485.67650175018014,485.67650175018014,485.67650175018014,0.0,0.0,0.0,22203.67208248433
2020-04-16,21477.280142499898,16707.54169186723,27584.284503138522,21477.280142499898,21477.280142499898,482.01910710611287,482.01910710611287,482.01910710611287,15.713991668811044,15.713991668811044,15.713991668811044,466.3051154373018,466.3051154373018,466.3051154373018,0.0,0.0,0.0,21959.29924960601
2020-04-17,21477.259720557835,15305.071487885549,26637.0992382305,21477.259720557835,21477.259720557835,-309.7388809898075,-309.7388809898075,-309.7388809898075,-747.3336135366815,-747.3336135366815,-747.3336135366815,437.5947325468739,437.5947325468739,437.5947325468739,0.0,0.0,0.0,21167.520839568027
2020-04-18,21477.239298615772,16440.880175550752,28110.18505281843,21477.239298615772,21477.239298615772,751.8472767593906,751.8472767593906,751.8472767593906,351.65304209523384,351.65304209523384,351.65304209523384,400.1942346641568,400.1942346641568,400.1942346641568,0.0,0.0,0.0,22229.086575375164
2020-04-19,21477.218876673705,16679.759621987687,27903.28660779266,21477.218876673705,21477.218876673705,589.7517535766281,589.7517535766281,589.7517535766281,234.81271771574544,234.81271771574544,234.81271771574544,354.93903586088265,354.93903586088265,354.93903586088265,0.0,0.0,0.0,22066.970630250333
2020-04-20,21477.198454731642,16551.131812599524,27443.459154203494,21477.198454731642,21477.198454731642,559.02791054267,559.02791054267,559.02791054267,256.19748190541804,256.19748190541804,256.19748190541804,302.83042863725194,302.83042863725194,302.83042863725194,0.0,0.0,0.0,22036.226365274313
2020-04-21,21477.178032789583,15785.177487829482,26723.6848555506,21477.178032789583,21477.178032789583,-106.72771778120018,-106.72771778120018,-106.72771778120018,-351.73863613983104,-351.73863613983104,-351.73863613983104,245.01091835863087,245.01091835863087,245.01091835863087,0.0,0.0,0.0,21370.450315008384
2020-04-22,21477.157610847516,16414.29722000284,27537.254114474053,21477.157610847516,21477.157610847516,423.4311834383911,423.4311834383911,423.4311834383911,240.69501629403172,240.69501629403172,240.69501629403172,182.73616714435934,182.73616714435934,182.73616714435934,0.0,0.0,0.0,21900.588794285908
2020-04-23,21477.137188905454,15908.268361276163,27351.333182835308,21477.137188905454,21477.137188905454,133.0582484104547,133.0582484104547,133.0582484104547,15.71399166879344,15.71399166879344,15.71399166879344,117.34425674166127,117.34425674166127,117.34425674166127,0.0,0.0,0.0,21610.19543731591
2020-04-24,21477.11676696339,15083.528978737182,25585.38375787823,21477.11676696339,21477.11676696339,-697.1105635332624,-697.1105635332624,-697.1105635332624,-747.3336135354449,-747.3336135354449,-747.3336135354449,50.22305000218257,50.22305000218257,50.22305000218257,0.0,0.0,0.0,20780.00620343013
2020-04-25,21477.096345021328,16433.82301345582,26829.83018789497,21477.096345021328,21477.096345021328,334.429522354918,334.429522354918,334.429522354918,351.6530420953263,351.6530420953263,351.6530420953263,-17.22351974040834,-17.22351974040834,-17.22351974040834,0.0,0.0,0.0,21811.525867376247
2020-04-26,21477.07592307926,16049.359109095285,27587.267000827207,21477.07592307926,21477.07592307926,151.20334352173498,151.20334352173498,151.20334352173498,234.81271771571835,234.81271771571835,234.81271771571835,-83.6093741939834,-83.6093741939834,-83.6093741939834,0.0,0.0,0.0,21628.279266600995
2020-04-27,21477.0555011372,15684.795122690217,26981.372640292975,21477.0555011372,21477.0555011372,108.59791389235015,108.59791389235015,108.59791389235015,256.197481907252,256.197481907252,256.197481907252,-147.59956801490182,-147.59956801490182,-147.59956801490182,0.0,0.0,0.0,21585.653415029552
2020-04-28,21477.03507919514,15625.811221168498,26551.6098528494,21477.03507919514,21477.03507919514,-559.6807101424191,-559.6807101424191,-559.6807101424191,-351.7386361391801,-351.7386361391801,-351.7386361391801,-207.942074003239,-207.942074003239,-207.942074003239,0.0,0.0,0.0,20917.35436905272
2020-04-29,21477.014657253072,15694.565654166681,27392.245260047566,21477.014657253072,21477.014657253072,-22.802253924291854,-22.802253924291854,-22.802253924291854,240.69501629147604,240.69501629147604,240.69501629147604,-263.4972702157679,-263.4972702157679,-263.4972702157679,0.0,0.0,0.0,21454.21240332878
2020-04-30,21476.994235311013,15175.079515518795,26874.91827731928,21476.994235311013,21476.994235311013,-297.550392938621,-297.550392938621,-297.550392938621,15.713991666698064,15.713991666698064,15.713991666698064,-313.26438460531904,-313.26438460531904,-313.26438460531904,0.0,0.0,0.0,21179.44384237239
2020-05-01,21476.973813368946,14732.569325646187,26140.226637696403,21476.973813368946,21476.973813368946,-1103.7378469569417,-1103.7378469569417,-1103.7378469569417,-747.333613537537,-747.333613537537,-747.333613537537,-356.40423341940453,-356.40423341940453,-356.40423341940453,0.0,0.0,0.0,20373.235966412005
2020-05-02,21476.953391426883,15721.891521557123,27089.827787133334,21476.953391426883,21476.953391426883,-40.60464557392491,-40.60464557392491,-40.60464557392491,351.6530420926133,351.6530420926133,351.6530420926133,-392.25768766653823,-392.25768766653823,-392.25768766653823,0.0,0.0,0.0,21436.34874585296
2020-05-03,21476.932969484824,16163.982237497426,26719.587321560855,21476.932969484824,21476.932969484824,-185.54669717450295,-185.54669717450295,-185.54669717450295,234.81271771541824,234.81271771541824,234.81271771541824,-420.3594148899212,-420.3594148899212,-420.3594148899212,0.0,0.0,0.0,21291.38627231032
2020-05-04,21476.912547542757,16095.187396078149,26911.28209412752,21476.912547542757,21476.912547542757,-184.24908630919853,-184.24908630919853,-184.24908630919853,256.19748190651194,256.19748190651194,256.19748190651194,-440.4465682157105,-440.4465682157105,-440.4465682157105,0.0,0.0,0.0,21292.66346123356
2020-05-05,21476.892125600694,15211.715425591427,26141.51070301817,21476.892125600694,21476.892125600694,-804.2008639580442,-804.2008639580442,-804.2008639580442,-351.738636138529,-351.738636138529,-351.738636138529,-452.46222781951514,-452.46222781951514,-452.46222781951514,0.0,0.0,0.0,20672.69126164265
2020-05-06,21476.871703658628,15877.871491731734,27089.59103574386,21476.871703658628,21476.871703658628,-215.85852170250757,-215.85852170250757,-215.85852170250757,240.6950162933189,240.6950162933189,240.6950162933189,-456.55353799582645,-456.55353799582645,-456.55353799582645,0.0,0.0,0.0,21261.01318195612
2020-05-07,21476.85128171657,15721.061985725973,26819.949278851822,21476.85128171657,21476.85128171657,-437.35063055036403,-437.35063055036403,-437.35063055036403,15.713991666680462,15.713991666680462,15.713991666680462,-453.0646222170445,-453.0646222170445,-453.0646222170445,0.0,0.0,0.0,21039.500651166203
2020-05-08,21476.830859774505,14409.850939853213,25387.421536971386,21476.830859774505,21476.830859774505,-1189.8581087155849,-1189.8581087155849,-1189.8581087155849,-747.3336135363005,-747.3336135363005,-747.3336135363005,-442.5244951792844,-442.5244951792844,-442.5244951792844,0.0,0.0,0.0,20286.972751058922
2020-05-09,21476.81043783244,15914.591360550949,27056.90918959305,21476.81043783244,21476.81043783244,-73.97727911607384,-73.97727911607384,-73.97727911607384,351.6530420934115,351.6530420934115,351.6530420934115,-425.6303212094853,-425.6303212094853,-425.6303212094853,0.0,0.0,0.0,21402.833158716367
2020-05-10,21476.79001589038,15775.476132664984,27009.92060354492,21476.79001589038,21476.79001589038,-168.41377132933803,-168.41377132933803,-168.41377132933803,234.8127177156643,234.8127177156643,234.8127177156643,-403.2264890450023,-403.2264890450023,-403.2264890450023,0.0,0.0,0.0,21308.37624456104
2020-05-11,21476.769593948313,15884.549647983644,26735.133445880816,21476.769593948313,21476.769593948313,-120.08259878690858,-120.08259878690858,-120.08259878690858,256.19748190696964,256.19748190696964,256.19748190696964,-376.2800806938782,-376.2800806938782,-376.2800806938782,0.0,0.0,0.0,21356.686995161403
2020-05-12,21476.74917111877,15177.261433407091,26377.941108492167,21476.74917111877,21476.74917111877,-697.5920401210352,-697.5920401210352,-697.5920401210352,-351.7386361397632,-351.7386361397632,-351.7386361397632,-345.85340398127215,-345.85340398127215,-345.85340398127215,0.0,0.0,0.0,20779.157130997733
2020-05-13,21476.72874828922,15522.913021114437,26676.593751268018,21476.72874828922,21476.72874828922,-72.37931576676925,-72.37931576676925,-72.37931576676925,240.6950162921681,240.6950162921681,240.6950162921681,-313.07433205893733,-313.07433205893733,-313.07433205893733,0.0,0.0,0.0,21404.349432522453
2020-05-14,21476.708325459676,15475.417397937,26821.788223928823,21476.708325459676,21476.708325459676,-263.391255029241,-263.391255029241,-263.391255029241,15.713991664585086,15.713991664585086,15.713991664585086,-279.10524669382613,-279.10524669382613,-279.10524669382613,0.0,0.0,0.0,21213.317070430436
2020-05-15,21476.68790263013,15065.555968749313,25635.527380494575,21476.68790263013,21476.68790263013,-992.4450277192899,-992.4450277192899,-992.4450277192899,-747.3336135366088,-747.3336135366088,-747.3336135366088,-245.1114141826812,-245.1114141826812,-245.1114141826812,0.0,0.0,0.0,20484.24287491084
2020-05-16,21476.667479800584,15725.585997264583,26889.234870820306,21476.667479800584,21476.667479800584,139.4234095921274,139.4234095921274,139.4234095921274,351.65304209420975,351.65304209420975,351.65304209420975,-212.22963250208232,-212.22963250208232,-212.22963250208232,0.0,0.0,0.0,21616.09088939271
2020-05-17,21476.647056971033,15988.075260071737,27114.978927197775,21476.647056971033,21476.647056971033,53.27474210587402,53.27474210587402,53.27474210587402,234.8127177153642,234.8127177153642,234.8127177153642,-181.5379756094902,-181.5379756094902,-181.5379756094902,0.0,0.0,0.0,21529.921799076907
2020-05-18,21476.62663414149,16240.12491032682,27042.092902252145,21476.62663414149,21476.62663414149,102.17005578132817,102.17005578132817,102.17005578132817,256.1974819076057,256.1974819076057,256.1974819076057,-154.02742612627756,-154.02742612627756,-154.02742612627756,0.0,0.0,0.0,21578.796689922816
2020-05-19,21476.60621131194,15479.321678990682,26445.4421503428,21476.60621131194,21476.60621131194,-482.3147681295969,-482.3147681295969,-482.3147681295969,-351.73863614099724,-351.73863614099724,-351.73863614099724,-130.57613198859966,-130.57613198859966,-130.57613198859966,0.0,0.0,0.0,20994.291443182345
2020-05-20,21476.585788482396,15492.75221757826,27159.047187996573,21476.585788482396,21476.585788482396,128.7680686401278,128.7680686401278,128.7680686401278,240.69501629181175,240.69501629181175,240.69501629181175,-111.92694765168396,-111.92694765168396,-111.92694765168396,0.0,0.0,0.0,21605.353857122525
2020-05-21,21476.565365652852,15897.742358793048,27388.884334671893,21476.565365652852,21476.565365652852,-82.9548365453022,-82.9548365453022,-82.9548365453022,15.713991666645203,15.713991666645203,15.713991666645203,-98.66882821194741,-98.66882821194741,-98.66882821194741,0.0,0.0,0.0,21393.61052910755
2020-05-22,21476.544942823304,15383.026167779546,25948.254609740863,21476.544942823304,21476.544942823304,-838.5561514852835,-838.5561514852835,-838.5561514852835,-747.333613536917,-747.333613536917,-747.333613536917,-91.22253794836662,-91.22253794836662,-91.22253794836662,0.0,0.0,0.0,20637.98879133802
2020-05-23,21476.52451999376,16118.536520158894,27211.41066241302,21476.52451999376,21476.52451999376,261.8220258371271,261.8220258371271,261.8220258371271,351.6530420943022,351.6530420943022,351.6530420943022,-89.83101625717508,-89.83101625717508,-89.83101625717508,0.0,0.0,0.0,21738.346545830886
2020-05-24,21476.504097164212,16424.759026034822,27183.123014411107,21476.504097164212,21476.504097164212,140.25810068722885,140.25810068722885,140.25810068722885,234.81271771582834,234.81271771582834,234.81271771582834,-94.55461702859948,-94.55461702859948,-94.55461702859948,0.0,0.0,0.0,21616.76219785144
2020-05-25,21476.483674334668,16323.092582929341,26850.713906482568,21476.483674334668,21476.483674334668,150.9261762228798,150.9261762228798,150.9261762228798,256.1974819080636,256.1974819080636,256.1974819080636,-105.27130568518378,-105.27130568518378,-105.27130568518378,0.0,0.0,0.0,21627.409850557546
2020-05-26,21476.463251505116,15340.657299266139,26559.440502433587,21476.463251505116,21476.463251505116,-473.42040109818225,-473.42040109818225,-473.42040109818225,-351.7386361403463,-351.7386361403463,-351.7386361403463,-121.68176495783601,-121.68176495783601,-121.68176495783601,0.0,0.0,0.0,21003.042850406935
2020-05-27,21476.442828675572,15734.2487918627,27188.267470700586,21476.442828675572,21476.442828675572,97.37578665482054,97.37578665482054,97.37578665482054,240.69501629145535,240.69501629145535,240.69501629145535,-143.3192296366348,-143.3192296366348,-143.3192296366348,0.0,0.0,0.0,21573.818615330394
2020-05-28,21476.422405846024,16033.049516239658,26697.202721785667,21476.422405846024,21476.422405846024,-153.84975385940137,-153.84975385940137,-153.84975385940137,15.713991669329523,15.713991669329523,15.713991669329523,-169.5637455287309,-169.5637455287309,-169.5637455287309,0.0,0.0,0.0,21322.572651986622
2020-05-29,21476.40198301648,15334.023811022082,26098.15976601063,21476.40198301648,21476.40198301648,-946.9940455562589,-946.9940455562589,-946.9940455562589,-747.3336135374645,-747.3336135374645,-747.3336135374645,-199.6604320187943,-199.6604320187943,-199.6604320187943,0.0,0.0,0.0,20529.407937460222
2020-05-30,21476.381560186936,15960.093107541512,27340.72921759943,21476.381560186936,21476.381560186936,118.9118180455213,118.9118180455213,118.9118180455213,351.65304209439466,351.65304209439466,351.65304209439466,-232.74122404887336,-232.74122404887336,-232.74122404887336,0.0,0.0,0.0,21595.293378232458
2020-05-31,21476.361137357388,15846.61264113799,27126.179966244337,21476.361137357388,21476.361137357388,-33.036763000964065,-33.036763000964065,-33.036763000964065,234.8127177158013,234.8127177158013,234.8127177158013,-267.8494807167654,-267.8494807167654,-267.8494807167654,0.0,0.0,0.0,21443.324374356424
2020-06-01,21476.340714527843,15549.654329828745,27412.596957365393,21476.340714527843,21476.340714527843,-47.769294418112544,-47.769294418112544,-47.769294418112544,256.19748190612574,256.19748190612574,256.19748190612574,-303.9667763242383,-303.9667763242383,-303.9667763242383,0.0,0.0,0.0,21428.571420109733
2020-06-02,21476.320291698292,15412.723264719578,26401.33257059112,21476.320291698292,21476.320291698292,-691.7797735427754,-691.7797735427754,-691.7797735427754,-351.7386361396952,-351.7386361396952,-351.7386361396952,-340.04113740308026,-340.04113740308026,-340.04113740308026,0.0,0.0,0.0,20784.540518155518
2020-06-03,21476.299868868748,15862.97807779835,26960.043105687753,21476.299868868748,21476.299868868748,-134.32094094700338,-134.32094094700338,-134.32094094700338,240.69501629329815,240.69501629329815,240.69501629329815,-375.01595724030153,-375.01595724030153,-375.01595724030153,0.0,0.0,0.0,21341.978927921744
2020-06-04,21476.2794460392,15628.052507700046,26765.344720906345,21476.2794460392,21476.2794460392,-392.1448167835297,-392.1448167835297,-392.1448167835297,15.713991669311904,15.713991669311904,15.713991669311904,-407.8588084528416,-407.8588084528416,-407.8588084528416,0.0,0.0,0.0,21084.13462925567
2020-06-05,21476.259023209655,14757.06817354156,25528.488812848755,21476.259023209655,21476.259023209655,-1184.9229978349983,-1184.9229978349983,-1184.9229978349983,-747.3336135362279,-747.3336135362279,-747.3336135362279,-437.5893842987705,-437.5893842987705,-437.5893842987705,0.0,0.0,0.0,20291.336025374658
2020-06-06,21476.238600380108,15736.44727629895,26470.91716283076,21476.238600380108,21476.238600380108,-111.65278812997124,-111.65278812997124,-111.65278812997124,351.65304209519286,351.65304209519286,351.65304209519286,-463.30583022516413,-463.30583022516413,-463.30583022516413,0.0,0.0,0.0,21364.585812250138
2020-06-07,21476.218177550563,15659.79195536132,26716.70959400133,21476.218177550563,21476.218177550563,-249.3960598844152,-249.3960598844152,-249.3960598844152,234.8127177157744,234.8127177157744,234.8127177157744,-484.2087776001896,-484.2087776001896,-484.2087776001896,0.0,0.0,0.0,21226.822117666146
2020-06-08,21476.19775472102,15709.924875650951,26873.71335168367,21476.19775472102,21476.19775472102,-243.4249781895103,-243.4249781895103,-243.4249781895103,256.1974819065835,256.1974819065835,256.1974819065835,-499.62246009609385,-499.62246009609385,-499.62246009609385,0.0,0.0,0.0,21232.77277653151
2020-06-09,21476.17733189147,15239.935459699838,26130.495766793287,21476.17733189147,21476.17733189147,-860.7510138952301,-860.7510138952301,-860.7510138952301,-351.73863614026624,-351.73863614026624,-351.73863614026624,-509.0123777549638,-509.0123777549638,-509.0123777549638,0.0,0.0,0.0,20615.42631799624
2020-06-10,21476.156909061927,15998.313645303582,26730.932926693593,21476.156909061927,21476.156909061927,-271.3040556063277,-271.3040556063277,-271.3040556063277,240.69501629514104,240.69501629514104,240.69501629514104,-511.99907190146877,-511.99907190146877,-511.99907190146877,0.0,0.0,0.0,21204.8528534556
2020-06-11,21476.136486232375,15455.390624157077,26360.536296246468,21476.136486232375,21476.136486232375,-492.65369129865365,-492.65369129865365,-492.65369129865365,15.713991667216527,15.713991667216527,15.713991667216527,-508.3676829658702,-508.3676829658702,-508.3676829658702,0.0,0.0,0.0,20983.482794933723
2020-06-12,21476.11606340283,14518.803808710929,26109.04363898431,21476.11606340283,21476.11606340283,-1245.4066933958636,-1245.4066933958636,-1245.4066933958636,-747.3336135380808,-747.3336135380808,-747.3336135380808,-498.07307985778266,-498.07307985778266,-498.07307985778266,0.0,0.0,0.0,20230.709370006967
2020-06-13,21476.095640573283,15699.681026999237,26893.54092342484,21476.095640573283,21476.095640573283,-129.5874284293564,-129.5874284293564,-129.5874284293564,351.6530420959911,351.6530420959911,351.6530420959911,-481.2404705253475,-481.2404705253475,-481.2404705253475,0.0,0.0,0.0,21346.508212143926
2020-06-14,21476.07521774374,15973.768487463456,27148.40134107915,21476.07521774374,21476.07521774374,-223.3488076784089,-223.3488076784089,-223.3488076784089,234.81271771623844,234.81271771623844,234.81271771623844,-458.16152539464736,-458.16152539464736,-458.16152539464736,0.0,0.0,0.0,21252.72641006533
2020-06-15,21476.05479491419,15128.261486269947,26724.21262626184,21476.05479491419,21476.05479491419,-173.0886832570856,-173.0886832570856,-173.0886832570856,256.1974819058435,256.1974819058435,256.1974819058435,-429.2861651629292,-429.2861651629292,-429.2861651629292,0.0,0.0,0.0,21302.966111657104
2020-06-16,21476.034372084647,15220.025722715427,26158.511221593893,21476.034372084647,21476.034372084647,-746.9489148115724,-746.9489148115724,-746.9489148115724,-351.73863614150036,-351.73863614150036,-351.73863614150036,-395.210278670072,-395.210278670072,-395.210278670072,0.0,0.0,0.0,20729.085457273075
2020-06-17,21476.013949255102,15712.995487676719,26852.92510597657,21476.013949255102,21476.013949255102,-115.96472593910289,-115.96472593910289,-115.96472593910289,240.6950162947846,240.6950162947846,240.6950162947846,-356.6597422338875,-356.6597422338875,-356.6597422338875,0.0,0.0,0.0,21360.049223316
2020-06-18,21475.99352642555,15751.377470408943,26700.060867303953,21475.99352642555,21475.99352642555,-298.757214448795,-298.757214448795,-298.757214448795,15.713991667198908,15.713991667198908,15.713991667198908,-314.47120611599394,-314.47120611599394,-314.47120611599394,0.0,0.0,0.0,21177.236311976754
2020-06-19,21475.973103596007,14914.324569443297,26187.50181836781,21475.973103596007,21475.973103596007,-1016.903807789295,-1016.903807789295,-1016.903807789295,-747.3336135368444,-747.3336135368444,-747.3336135368444,-269.5701942524508,-269.5701942524508,-269.5701942524508,0.0,0.0,0.0,20459.069295806712
2020-06-20,21475.95268076646,16098.586841188042,26896.712936053795,21475.95268076646,21475.95268076646,128.7059141043353,128.7059141043353,128.7059141043353,351.6530420932781,351.6530420932781,351.6530420932781,-222.94712798894275,-222.94712798894275,-222.94712798894275,0.0,0.0,0.0,21604.658594870794
2020-06-21,21475.932257936915,16343.414544962907,27317.097065351623,21475.932257936915,21475.932257936915,59.18078596640874,59.18078596640874,59.18078596640874,234.8127177162115,234.8127177162115,234.8127177162115,-175.6319317498028,-175.6319317498028,-175.6319317498028,0.0,0.0,0.0,21535.113043903322
2020-06-22,21475.911835107367,15731.425084868695,27184.646374166732,21475.911835107367,21475.911835107367,127.52957463699578,127.52957463699578,127.52957463699578,256.19748190630133,256.19748190630133,256.19748190630133,-128.66790726930557,-128.66790726930557,-128.66790726930557,0.0,0.0,0.0,21603.441409744362
2020-06-23,21475.891412277822,15837.774621853841,26794.08630333025,21475.891412277822,21475.891412277822,-434.8242088245194,-434.8242088245194,-434.8242088245194,-351.7386361389641,-351.7386361389641,-351.7386361389641,-83.08557268555528,-83.08557268555528,-83.08557268555528,0.0,0.0,0.0,21041.0672034533
2020-06-24,21475.870989448274,16049.763073405731,27798.900501312568,21475.870989448274,21475.870989448274,200.81786286910014,200.81786286910014,200.81786286910014,240.69501629442814,240.69501629442814,240.69501629442814,-39.877153425328025,-39.877153425328025,-39.877153425328025,0.0,0.0,0.0,21676.688852317373
2020-06-25,21475.85056661873,16070.347775145123,26735.826142253958,21475.85056661873,21475.85056661873,15.741607734732568,15.741607734732568,15.741607734732568,15.713991669883226,15.713991669883226,15.713991669883226,0.027616064849341846,0.027616064849341846,0.027616064849341846,0.0,0.0,0.0,21491.592174353464
2020-06-26,21475.830143789182,15280.74944853995,26736.98404456013,21475.830143789182,21475.830143789182,-711.5498474850941,-711.5498474850941,-711.5498474850941,-747.3336135371525,-747.3336135371525,-747.3336135371525,35.78376605205832,35.78376605205832,35.78376605205832,0.0,0.0,0.0,20764.28029630409
2020-06-27,21475.809720959634,16093.314345868825,27242.4304235247,21475.809720959634,21475.809720959634,418.3039304494331,418.3039304494331,418.3039304494331,351.6530420933706,351.6530420933706,351.6530420933706,66.65088835606258,66.65088835606258,66.65088835606258,0.0,0.0,0.0,21894.11365140907
2020-06-28,21475.78929813009,15895.9349240276,27216.316321290913,21475.78929813009,21475.78929813009,326.82269704192316,326.82269704192316,326.82269704192316,234.81271771591136,234.81271771591136,234.81271771591136,92.00997932601184,92.00997932601184,92.00997932601184,0.0,0.0,0.0,21802.611995172014
2020-06-29,21475.768875300542,16284.388517457988,27333.755743713795,21475.768875300542,21475.768875300542,367.57442102166914,367.57442102166914,367.57442102166914,256.19748190556123,256.19748190556123,256.19748190556123,111.37693911610783,111.37693911610783,111.37693911610783,0.0,0.0,0.0,21843.34329632221
2020-06-30,21475.748452470998,15760.3671542212,26774.09217971703,21475.748452470998,21475.748452470998,-227.32620241627637,-227.32620241627637,-227.32620241627637,-351.7386361401983,-351.7386361401983,-351.7386361401983,124.41243372392188,124.41243372392188,124.41243372392188,0.0,0.0,0.0,21248.422250054722
2020-07-01,21475.72802964145,16220.650403796852,27249.824576494677,21475.72802964145,21475.72802964145,371.62294519321364,371.62294519321364,371.62294519321364,240.69501629107816,240.69501629107816,240.69501629107816,130.92792890213548,130.92792890213548,130.92792890213548,0.0,0.0,0.0,21847.350974834662
2020-07-02,21475.707606811906,16026.793685617726,26901.063298711375,21475.707606811906,21475.707606811906,146.60180277991316,146.60180277991316,146.60180277991316,15.713991669865607,15.713991669865607,15.713991669865607,130.88781111004755,130.88781111004755,130.88781111004755,0.0,0.0,0.0,21622.30940959182
2020-07-03,21475.687183982354,15542.452486456159,26854.39407213382,21475.687183982354,21475.687183982354,-622.9259964008975,-622.9259964008975,-622.9259964008975,-747.333613535916,-747.333613535916,-747.333613535916,124.40761713501843,124.40761713501843,124.40761713501843,0.0,0.0,0.0,20852.76118758146
2020-07-04,21475.66676115281,15834.066042690889,27426.395355145476,21475.66676115281,21475.66676115281,463.40154001573137,463.40154001573137,463.40154001573137,351.6530420948744,351.6530420948744,351.6530420948744,111.74849792085698,111.74849792085698,111.74849792085698,0.0,0.0,0.0,21939.06830116854
2020-07-05,21475.646338323266,16050.806523536581,27551.14421131108,21475.646338323266,21475.646338323266,328.12085836213237,328.12085836213237,328.12085836213237,234.8127177161574,234.8127177161574,234.8127177161574,93.30814064597507,93.30814064597507,93.30814064597507,0.0,0.0,0.0,21803.7671966854
2020-07-06,21475.625915493718,16697.731723207267,27538.57439512527,21475.625915493718,21475.625915493718,325.80594545784294,325.80594545784294,325.80594545784294,256.1974819073952,256.1974819073952,256.1974819073952,69.60846355044775,69.60846355044775,69.60846355044775,0.0,0.0,0.0,21801.43186095156
2020-07-07,21475.605492664174,15510.090500167502,26568.365110726154,21475.605492664174,21475.605492664174,-310.45815810021315,-310.45815810021315,-310.45815810021315,-351.7386361395472,-351.7386361395472,-351.7386361395472,41.28047803933409,41.28047803933409,41.28047803933409,0.0,0.0,0.0,21165.14733456396
2020-07-08,21475.585069834626,16096.105614361464,27165.16810985325,21475.585069834626,21475.585069834626,249.74179643262943,249.74179643262943,249.74179643262943,240.69501629292105,240.69501629292105,240.69501629292105,9.04678013970839,9.04678013970839,9.04678013970839,0.0,0.0,0.0,21725.326866267256
2020-07-09,21475.56464700508,16215.962833894308,27051.76845701458,21475.56464700508,21475.56464700508,-10.583821521727065,-10.583821521727065,-10.583821521727065,15.713991667770248,15.713991667770248,15.713991667770248,-26.297813189497322,-26.297813189497322,-26.297813189497322,0.0,0.0,0.0,21464.980825483355
2020-07-10,21475.54422417553,15285.357287130486,26455.695489258203,21475.54422417553,21475.54422417553,-811.2405428758833,-811.2405428758833,-811.2405428758833,-747.3336135362241,-747.3336135362241,-747.3336135362241,-63.90692933965928,-63.90692933965928,-63.90692933965928,0.0,0.0,0.0,20664.303681299647
2020-07-11,21475.523801345986,15979.967092242707,27351.928815717234,21475.523801345986,21475.523801345986,248.74901064405543,248.74901064405543,248.74901064405543,351.6530420949669,351.6530420949669,351.6530420949669,-102.9040314509115,-102.9040314509115,-102.9040314509115,0.0,0.0,0.0,21724.272811990042
2020-07-12,21475.503378516438,15794.514034341548,26303.524007552594,21475.503378516438,21475.503378516438,92.4087627549372,92.4087627549372,92.4087627549372,234.81271771585727,234.81271771585727,234.81271771585727,-142.40395496092006,-142.40395496092006,-142.40395496092006,0.0,0.0,0.0,21567.912141271376
2020-07-13,21475.482955686894,16240.766664722638,26970.907257818304,21475.482955686894,21475.482955686894,74.66346279117118,74.66346279117118,74.66346279117118,256.1974819066552,256.1974819066552,256.1974819066552,-181.534019115484,-181.534019115484,-181.534019115484,0.0,0.0,0.0,21550.146418478063
2020-07-14,21475.46253285735,15175.979731846195,26228.07498023688,21475.46253285735,21475.46253285735,-571.1928057848256,-571.1928057848256,-571.1928057848256,-351.7386361407814,-351.7386361407814,-351.7386361407814,-219.4541696440442,-219.4541696440442,-219.4541696440442,0.0,0.0,0.0,20904.269727072522
2020-07-15,21475.442110027805,15651.50227033945,27637.81952597537,21475.442110027805,21475.442110027805,-14.680633466014967,-14.680633466014967,-14.680633466014967,240.69501629256467,240.69501629256467,240.69501629256467,-255.3756497585796,-255.3756497585796,-255.3756497585796,0.0,0.0,0.0,21460.76147656179
2020-07-16,21475.421686267724,15855.198579390255,27346.766015608322,21475.421686267724,21475.421686267724,-272.86375899145736,-272.86375899145736,-272.86375899145736,15.71399166983035,15.71399166983035,15.71399166983035,-288.5777506612877,-288.5777506612877,-288.5777506612877,0.0,0.0,0.0,21202.557927276266
2020-07-17,21475.401262507647,14741.7351432704,25795.728768427114,21475.401262507647,21475.401262507647,-1065.755871580015,-1065.755871580015,-1065.755871580015,-747.3336135367717,-747.3336135367717,-747.3336135367717,-318.42225804324346,-318.42225804324346,-318.42225804324346,0.0,0.0,0.0,20409.64539092763
2020-07-18,21475.380838747566,15879.987171163082,26913.91850512236,21475.380838747566,21475.380838747566,7.2877565842720715,7.2877565842720715,7.2877565842720715,351.6530420929596,351.6530420929596,351.6530420929596,-344.3652855086875,-344.3652855086875,-344.3652855086875,0.0,0.0,0.0,21482.668595331837
2020-07-19,21475.36041498749,15673.854221783371,27043.407514423932,21475.36041498749,21475.36041498749,-131.15354940961916,-131.15354940961916,-131.15354940961916,234.8127177155572,234.8127177155572,234.8127177155572,-365.96626712517633,-365.96626712517633,-365.96626712517633,0.0,0.0,0.0,21344.206865577868
2020-07-20,21475.339991227407,15889.103799317707,27054.176819153396,21475.339991227407,21475.339991227407,-126.69648500325962,-126.69648500325962,-126.69648500325962,256.19748190711294,256.19748190711294,256.19748190711294,-382.89396691037257,-382.89396691037257,-382.89396691037257,0.0,0.0,0.0,21348.643506224147
2020-07-21,21475.31956746733,15349.218711381856,26618.217045942656,21475.31956746733,21475.31956746733,-746.6680865753502,-746.6680865753502,-746.6680865753502,-351.7386361401303,-351.7386361401303,-351.7386361401303,-394.92945043521985,-394.92945043521985,-394.92945043521985,0.0,0.0,0.0,20728.65148089198
2020-07-22,21475.299143707252,15224.401198456886,26731.66541642501,21475.299143707252,21475.299143707252,-161.27103401882462,-161.27103401882462,-161.27103401882462,240.69501629361315,240.69501629361315,240.69501629361315,-401.96605031243774,-401.96605031243774,-401.96605031243774,0.0,0.0,0.0,21314.02810968843
2020-07-23,21475.27871994717,15956.162121639869,26834.137573962234,21475.27871994717,21475.27871994717,-388.29244896394493,-388.29244896394493,-388.29244896394493,15.713991667734991,15.713991667734991,15.713991667734991,-404.00644063167994,-404.00644063167994,-404.00644063167994,0.0,0.0,0.0,21086.986270983227
2020-07-24,21475.258296187094,14531.941034677051,25925.95440497064,21475.258296187094,21475.258296187094,-1148.4906266119867,-1148.4906266119867,-1148.4906266119867,-747.3336135370797,-747.3336135370797,-747.3336135370797,-401.1570130749071,-401.1570130749071,-401.1570130749071,0.0,0.0,0.0,20326.767669575107
2020-07-25,21475.237872427013,15956.380546037888,26921.843818829395,21475.237872427013,21475.237872427013,-41.96677526045997,-41.96677526045997,-41.96677526045997,351.6530420930521,351.6530420930521,351.6530420930521,-393.619817353512,-393.619817353512,-393.619817353512,0.0,0.0,0.0,21433.271097166555
2020-07-26,21475.217448666936,15645.815517942014,26787.24954970153,21475.217448666936,21475.217448666936,-146.8696711870269,-146.8696711870269,-146.8696711870269,234.81271771553023,234.81271771553023,234.81271771553023,-381.68238890255714,-381.68238890255714,-381.68238890255714,0.0,0.0,0.0,21328.34777747991
2020-07-27,21475.197024906858,15914.911768774013,26938.176111820652,21475.197024906858,21475.197024906858,-109.50835399536166,-109.50835399536166,-109.50835399536166,256.19748190517515,256.19748190517515,256.19748190517515,-365.70583590053684,-365.70583590053684,-365.70583590053684,0.0,0.0,0.0,21365.688670911495
2020-07-28,21475.176601146773,15113.285009925417,26115.187861032493,21475.176601146773,21475.176601146773,-697.8502306299403,-697.8502306299403,-697.8502306299403,-351.73863613881616,-351.73863613881616,-351.73863613881616,-346.11159449112415,-346.11159449112415,-346.11159449112415,0.0,0.0,0.0,20777.326370516832
2020-07-29,21475.156177386696,15576.55546083628,27006.32396859256,21475.156177386696,21475.156177386696,-82.67226848349497,-82.67226848349497,-82.67226848349497,240.6950162910574,240.6950162910574,240.6950162910574,-323.3672847745524,-323.3672847745524,-323.3672847745524,0.0,0.0,0.0,21392.4839089032
2020-07-30,21475.135753626615,15524.782532564477,26614.188980039427,21475.135753626615,21475.135753626615,-282.258118681478,-282.258118681478,-282.258118681478,15.71399166563963,15.71399166563963,15.71399166563963,-297.97211034711756,-297.97211034711756,-297.97211034711756,0.0,0.0,0.0,21192.877634945136
2020-07-31,21475.115329866538,14913.313185038503,26119.79742365324,21475.115329866538,21475.115329866538,-1017.7758544513065,-1017.7758544513065,-1017.7758544513065,-747.3336135358433,-747.3336135358433,-747.3336135358433,-270.44224091546306,-270.44224091546306,-270.44224091546306,0.0,0.0,0.0,20457.339475415232
2020-08-01,21475.09490610646,15788.400186073663,27306.240502505752,21475.09490610646,21475.09490610646,110.35644083632728,110.35644083632728,110.35644083632728,351.6530420938503,351.6530420938503,351.6530420938503,-241.29660125752298,-241.29660125752298,-241.29660125752298,0.0,0.0,0.0,21585.451346942787
2020-08-02,21475.07448234638,16083.605310201736,26541.076484952217,21475.07448234638,21475.07448234638,23.769256362100844,23.769256362100844,23.769256362100844,234.81271771572125,234.81271771572125,234.81271771572125,-211.04346135362042,-211.04346135362042,-211.04346135362042,0.0,0.0,0.0,21498.84373870848
2020-08-03,21475.054058586302,16230.889762886394,26941.781760271584,21475.054058586302,21475.054058586302,76.02929886029034,76.02929886029034,76.02929886029034,256.1974819056329,256.1974819056329,256.1974819056329,-180.16818304534257,-180.16818304534257,-180.16818304534257,0.0,0.0,0.0,21551.08335744659
2020-08-04,21475.03363482622,15521.740400989554,26788.958105213376,21475.03363482622,21475.03363482622,-500.86106572086265,-500.86106572086265,-500.86106572086265,-351.73863613816513,-351.73863613816513,-351.73863613816513,-149.1224295826975,-149.1224295826975,-149.1224295826975,0.0,0.0,0.0,20974.172569105358
2020-08-05,21475.013211066143,15879.76233194663,27073.570034724275,21475.013211066143,21475.013211066143,122.37992866355506,122.37992866355506,122.37992866355506,240.69501629290028,240.69501629290028,240.69501629290028,-118.31508762934521,-118.31508762934521,-118.31508762934521,0.0,0.0,0.0,21597.3931397297
2020-08-06,21474.992787306066,15677.193566083266,27106.550215103693,21474.992787306066,21474.992787306066,-72.39109699393832,-72.39109699393832,-72.39109699393832,15.71399166562201,15.71399166562201,15.71399166562201,-88.10508865956032,-88.10508865956032,-88.10508865956032,0.0,0.0,0.0,21402.601690312127
2020-08-07,21474.972363545985,15109.582128741089,26500.651500939588,21474.972363545985,21474.972363545985,-806.1298638090833,-806.1298638090833,-806.1298638090833,-747.3336135376962,-747.3336135376962,-747.3336135376962,-58.79625027138712,-58.79625027138712,-58.79625027138712,0.0,0.0,0.0,20668.8424997369
2020-08-08,21474.951939785908,15897.934897258243,27201.504425064682,21474.951939785908,21474.951939785908,321.0188521695269,321.0188521695269,321.0188521695269,351.65304209464847,351.65304209464847,351.65304209464847,-30.634189925121497,-30.634189925121497,-30.634189925121497,0.0,0.0,0.0,21795.970791955435
2020-08-09,21474.931516025827,15898.212656747119,27039.678796598342,21474.931516025827,21474.931516025827,231.00742157470296,231.00742157470296,231.00742157470296,234.8127177159673,234.8127177159673,234.8127177159673,-3.8052961412643302,-3.8052961412643302,-3.8052961412643302,0.0,0.0,0.0,21705.93893760053
2020-08-10,21474.91109226575,16635.84081612151,27431.79297706193,21474.91109226575,21474.91109226575,277.75980454936496,277.75980454936496,277.75980454936496,256.1974819060907,256.1974819060907,256.1974819060907,21.56232264327425,21.56232264327425,21.56232264327425,0.0,0.0,0.0,21752.670896815114
2020-08-11,21474.89066850567,15405.046650060538,26956.34594316453,21474.89066850567,21474.89066850567,-306.34258455543386,-306.34258455543386,-306.34258455543386,-351.73863613939926,-351.73863613939926,-351.73863613939926,45.396051583965416,45.396051583965416,45.396051583965416,0.0,0.0,0.0,21168.548083950238
2020-08-12,21474.87024474559,15887.053719232277,27196.749963418457,21474.87024474559,21474.87024474559,308.3693554436672,308.3693554436672,308.3693554436672,240.69501629254387,240.69501629254387,240.69501629254387,67.67433915112332,67.67433915112332,67.67433915112332,0.0,0.0,0.0,21783.23960018926
2020-08-13,21474.849820985513,15931.932362418886,27265.162799952792,21474.849820985513,21474.849820985513,104.13485446508429,104.13485446508429,104.13485446508429,15.713991666228559,15.713991666228559,15.713991666228559,88.42086279885574,88.42086279885574,88.42086279885574,0.0,0.0,0.0,21578.984675450596
2020-08-14,21474.829397225432,15199.438042260315,25894.29730376174,21474.829397225432,21474.829397225432,-639.6360465521036,-639.6360465521036,-639.6360465521036,-747.3336135366989,-747.3336135366989,-747.3336135366989,107.69756698459523,107.69756698459523,107.69756698459523,0.0,0.0,0.0,20835.19335067333
2020-08-15,21474.808973465355,16258.217027931425,27616.75584648877,21474.808973465355,21474.808973465355,477.24991855318706,477.24991855318706,477.24991855318706,351.65304209544655,351.65304209544655,351.65304209544655,125.59687645774052,125.59687645774052,125.59687645774052,0.0,0.0,0.0,21952.058892018544
2020-08-16,21474.788549705278,16210.512084530505,27165.928309605057,21474.788549705278,21474.788549705278,377.04612119243643,377.04612119243643,377.04612119243643,234.81271771566716,234.81271771566716,234.81271771566716,142.23340347676935,142.23340347676935,142.23340347676935,0.0,0.0,0.0,21851.834670897715
2020-08-17,21474.768125945197,15955.22831004666,27798.821659890775,21474.768125945197,21474.768125945197,413.9329542491144,413.9329542491144,413.9329542491144,256.1974819053507,256.1974819053507,256.1974819053507,157.73547234376375,157.73547234376375,157.73547234376375,0.0,0.0,0.0,21888.70108019431
2020-08-18,21474.74770218512,15678.715067048472,27065.39381951289,21474.74770218512,21474.74770218512,-179.5018576876582,-179.5018576876582,-179.5018576876582,-351.73863613997037,-351.73863613997037,-351.73863613997037,172.2367784523122,172.2367784523122,172.2367784523122,0.0,0.0,0.0,21295.24584449746
2020-08-19,21474.727278425038,16189.755855421721,27267.363458169788,21474.727278425038,21474.727278425038,426.56349869060807,426.56349869060807,426.56349869060807,240.69501629218752,240.69501629218752,240.69501629218752,185.86848239842055,185.86848239842055,185.86848239842055,0.0,0.0,0.0,21901.290777115646
2020-08-20,21474.70685466496,16039.334178418616,27361.997483830062,21474.70685466496,21474.70685466496,214.46600504054442,214.46600504054442,214.46600504054442,15.713991668288694,15.713991668288694,15.713991668288694,198.75201337225573,198.75201337225573,198.75201337225573,0.0,0.0,0.0,21689.172859705504
2020-08-21,21474.686430904883,15374.1487801261,26820.659016355396,21474.686430904883,21474.686430904883,-536.340792404718,-536.340792404718,-536.340792404718,-747.3336135385518,-747.3336135385518,-747.3336135385518,210.992821133834,210.992821133834,210.992821133834,0.0,0.0,0.0,20938.345638500166
2020-08-22,21474.666007144802,16268.855923888434,27977.62120908073,21474.666007144802,21474.666007144802,574.3283158001535,574.3283158001535,574.3283158001535,351.65304209553904,351.65304209553904,351.65304209553904,222.67527370461443,222.67527370461443,222.67527370461443,0.0,0.0,0.0,22048.994322944956
2020-08-23,21474.645583384725,16262.826054394744,27323.445053445113,21474.645583384725,21474.645583384725,468.6715677606764,468.6715677606764,468.6715677606764,234.8127177156402,234.8127177156402,234.8127177156402,233.85885004503623,233.85885004503623,233.85885004503623,0.0,0.0,0.0,21943.317151145402
2020-08-24,21474.62515962464,16154.030512077215,27217.711155943616,21474.62515962464,21474.62515962464,500.7732070671779,500.7732070671779,500.7732070671779,256.1974819083823,256.1974819083823,256.1974819083823,244.5757251587956,244.5757251587956,244.5757251587956,0.0,0.0,0.0,21975.398366691818
2020-08-25,21474.604735864563,15948.156340684796,26559.211082291753,21474.604735864563,21474.604735864563,-96.9088450624443,-96.9088450624443,-96.9088450624443,-351.7386361412046,-351.7386361412046,-351.7386361412046,254.82979107876025,254.82979107876025,254.82979107876025,0.0,0.0,0.0,21377.69589080212
2020-08-26,21474.584312104485,16591.02434170415,27821.847677574406,21474.584312104485,21474.584312104485,505.29211921784025,505.29211921784025,505.29211921784025,240.69501629183114,240.69501629183114,240.69501629183114,264.5971029260091,264.5971029260091,264.5971029260091,0.0,0.0,0.0,21979.876431322326
2020-08-27,21474.563888344404,15810.876992718519,27537.509193696682,21474.563888344404,21474.563888344404,289.54167819766764,289.54167819766764,289.54167819766764,15.713991666193335,15.713991666193335,15.713991666193335,273.82768653147434,273.82768653147434,273.82768653147434,0.0,0.0,0.0,21764.10556654207
2020-08-28,21474.543464584327,15576.488847633373,26453.670540573195,21474.543464584327,21474.543464584327,-464.88501879403384,-464.88501879403384,-464.88501879403384,-747.3336135373154,-747.3336135373154,-747.3336135373154,282.44859474328143,282.44859474328143,282.44859474328143,0.0,0.0,0.0,21009.658445790294
2020-08-29,21474.523040824246,16729.696630119342,27847.77157770338,21474.523040824246,21474.523040824246,642.0210972423682,642.0210972423682,642.0210972423682,351.65304209282607,351.65304209282607,351.65304209282607,290.36805514954216,290.36805514954216,290.36805514954216,0.0,0.0,0.0,22116.544138066613
2020-08-30,21474.50261706417,16199.245647941527,27599.406769375157,21474.50261706417,21474.50261706417,532.2932316883986,532.2932316883986,532.2932316883986,234.81271771561322,234.81271771561322,234.81271771561322,297.4805139727854,297.4805139727854,297.4805139727854,0.0,0.0,0.0,22006.79584875257
2020-08-31,21474.48219330409,16753.15523867691,27708.079459847293,21474.48219330409,21474.48219330409,559.8698324662531,559.8698324662531,559.8698324662531,256.1974819052467,256.1974819052467,256.1974819052467,303.67235056100645,303.67235056100645,303.67235056100645,0.0,0.0,0.0,22034.352025770346
2020-09-01,21474.46176954401,15979.919162789458,27383.25302631778,21474.46176954401,21474.46176954401,-42.91062098372085,-42.91062098372085,-42.91062098372085,-351.7386361386682,-351.7386361386682,-351.7386361386682,308.82801515494737,308.82801515494737,308.82801515494737,0.0,0.0,0.0,21431.55114856029
2020-09-02,21474.441345783933,16505.814585329892,27783.418692987485,21474.441345783933,21474.441345783933,553.5313463989567,553.5313463989567,553.5313463989567,240.695016293674,240.695016293674,240.695016293674,312.8363301052826,312.8363301052826,312.8363301052826,0.0,0.0,0.0,22027.972692182888
2020-09-03,21474.42092202385,16932.13493869408,27282.264009168026,21474.42092202385,21474.42092202385,331.3106834408094,331.3106834408094,331.3106834408094,15.713991666175714,15.713991666175714,15.713991666175714,315.5966917746337,315.5966917746337,315.5966917746337,0.0,0.0,0.0,21805.73160546466
2020-09-04,21474.400498263774,15399.613356652142,26787.68509865617,21474.400498263774,21474.400498263774,-430.30869653382604,-430.30869653382604,-430.30869653382604,-747.3336135360789,-747.3336135360789,-747.3336135360789,317.0249170022528,317.0249170022528,317.0249170022528,0.0,0.0,0.0,21044.09180172995
2020-09-05,21474.380074503697,16276.905623755694,27743.101918239383,21474.380074503697,21474.380074503697,668.7115359938933,668.7115359938933,668.7115359938933,351.6530420929186,351.6530420929186,351.6530420929186,317.0584939009747,317.0584939009747,317.0584939009747,0.0,0.0,0.0,22143.09161049759
2020-09-06,21474.359650743616,16731.736985434596,27227.712413038094,21474.359650743616,21474.359650743616,550.4737390011131,550.4737390011131,550.4737390011131,234.8127177155862,234.8127177155862,234.8127177155862,315.66102128552683,315.66102128552683,315.66102128552683,0.0,0.0,0.0,22024.83338974473
2020-09-07,21474.33922698354,16122.144671866945,27835.21855608594,21474.33922698354,21474.33922698354,569.0231351669374,569.0231351669374,569.0231351669374,256.1974819057046,256.1974819057046,256.1974819057046,312.82565326123284,312.82565326123284,312.82565326123284,0.0,0.0,0.0,22043.362362150478
2020-09-08,21474.318803223458,16028.22137912003,27077.935218807746,21474.318803223458,21474.318803223458,-43.161231868289725,-43.161231868289725,-43.161231868289725,-351.7386361399024,-351.7386361399024,-351.7386361399024,308.5774042716127,308.5774042716127,308.5774042716127,0.0,0.0,0.0,21431.15757135517
2020-09-09,21474.29837946338,16692.281942332018,28069.726146069446,21474.29837946338,21474.29837946338,543.6692301012969,543.6692301012969,543.6692301012969,240.6950162925232,240.6950162925232,240.6950162925232,302.97421380877375,302.97421380877375,302.97421380877375,0.0,0.0,0.0,22017.967609564676
2020-09-10,21474.277955703303,16009.422924728959,27128.061197986302,21474.277955703303,21474.277955703303,311.820709141523,311.820709141523,311.820709141523,15.713991668860034,15.713991668860034,15.713991668860034,296.106717472663,296.106717472663,296.106717472663,0.0,0.0,0.0,21786.098664844827
2020-09-11,21474.25753194322,15447.002533675179,26663.821581144362,21474.25753194322,21474.25753194322,-459.23689309137035,-459.23689309137035,-459.23689309137035,-747.3336135379317,-747.3336135379317,-747.3336135379317,288.09672044656145,288.09672044656145,288.09672044656145,0.0,0.0,0.0,21015.020638851853
2020-09-12,21474.237108183144,16789.495680707154,27430.083604335035,21474.237108183144,21474.237108183144,630.7474610807931,630.7474610807931,630.7474610807931,351.65304209442246,351.65304209442246,351.65304209442246,279.09441898637067,279.09441898637067,279.09441898637067,0.0,0.0,0.0,22104.984569263936
2020-09-13,21474.216684423063,16472.39895184731,27403.024020453395,21474.216684423063,21474.216684423063,504.0871811755633,504.0871811755633,504.0871811755633,234.812717715286,234.812717715286,234.812717715286,269.27446346027733,269.27446346027733,269.27446346027733,0.0,0.0,0.0,21978.303865598627
2020-09-14,21474.196260662986,16577.0954089232,27381.40944561564,21474.196260662986,21474.196260662986,515.0284830417382,515.0284830417382,515.0284830417382,256.1974819075384,256.1974819075384,256.1974819075384,258.8310011341998,258.8310011341998,258.8310011341998,0.0,0.0,0.0,21989.224743704723
2020-09-15,21474.17583690291,15436.57682004357,27066.30833451235,21474.17583690291,21474.17583690291,-103.76675945689367,-103.76675945689367,-103.76675945689367,-351.73863614113657,-351.73863614113657,-351.73863614113657,247.9718766842429,247.9718766842429,247.9718766842429,0.0,0.0,0.0,21370.409077446016
2020-09-16,21474.155413142827,16630.917413162148,27894.827225279383,21474.155413142827,21474.155413142827,477.60721823124953,477.60721823124953,477.60721823124953,240.69501629436604,240.69501629436604,240.69501629436604,236.91220193688355,236.91220193688355,236.91220193688355,0.0,0.0,0.0,21951.762631374077
2020-09-17,21474.13498938275,15922.088354065161,27193.923252854835,21474.13498938275,21474.13498938275,241.5815240219258,241.5815240219258,241.5815240219258,15.713991668842397,15.713991668842397,15.713991668842397,225.8675323530834,225.8675323530834,225.8675323530834,0.0,0.0,0.0,21715.716513404677
2020-09-18,21474.114565622665,14947.949698815248,26156.740852283638,21474.114565622665,21474.114565622665,-532.2867081692816,-532.2867081692816,-532.2867081692816,-747.3336135366952,-747.3336135366952,-747.3336135366952,215.0469053674136,215.0469053674136,215.0469053674136,0.0,0.0,0.0,20941.827857453383
2020-09-19,21474.09414186259,16647.16889653719,27881.783716211194,21474.09414186259,21474.09414186259,556.2990462564958,556.2990462564958,556.2990462564958,351.65304209451494,351.65304209451494,351.65304209451494,204.64600416198076,204.64600416198076,204.64600416198076,0.0,0.0,0.0,22030.393188119087
2020-09-20,21474.073719535212,16709.65170695985,27159.922742641505,21474.073719535212,21474.073719535212,429.6534271775767,429.6534271775767,429.6534271775767,234.81271771575024,234.81271771575024,234.81271771575024,194.84070946182655,194.84070946182655,194.84070946182655,0.0,0.0,0.0,21903.72714671279
2020-09-21,21474.053297207833,16272.090751093161,27153.857245159303,21474.053297207833,21474.053297207833,441.9787733326999,441.9787733326999,441.9787733326999,256.1974819079961,256.1974819079961,256.1974819079961,185.78129142470385,185.78129142470385,185.78129142470385,0.0,0.0,0.0,21916.032070540532
2020-09-22,21474.032874880446,16077.707142214984,26965.007612889964,21474.032874880446,21474.032874880446,-174.15116218284928,-174.15116218284928,-174.15116218284928,-351.7386361386003,-351.7386361386003,-351.7386361386003,177.58747395575105,177.58747395575105,177.58747395575105,0.0,0.0,0.0,21299.881712697596
2020-09-23,21474.012452553066,16412.652473166243,27304.65369310085,21474.012452553066,21474.012452553066,411.0395916855531,411.0395916855531,411.0395916855531,240.69501629181036,240.69501629181036,240.69501629181036,170.34457539374267,170.34457539374267,170.34457539374267,0.0,0.0,0.0,21885.05204423862
2020-09-24,21473.992030225687,16110.041411055092,27216.01486411603,21473.992030225687,21473.992030225687,179.8148850604219,179.8148850604219,179.8148850604219,15.713991668824777,15.713991668824777,15.713991668824777,164.1008933915971,164.1008933915971,164.1008933915971,0.0,0.0,0.0,21653.80691528611
2020-09-25,21473.97160789831,15166.263958177353,26335.215441259952,21473.97160789831,21473.97160789831,-588.4671544218144,-588.4671544218144,-588.4671544218144,-747.3336135372426,-747.3336135372426,-747.3336135372426,158.86645911542828,158.86645911542828,158.86645911542828,0.0,0.0,0.0,20885.504453476497
2020-09-26,21473.951185570924,16122.19487349149,27280.486232266056,21473.951185570924,21473.951185570924,506.2662800982682,506.2662800982682,506.2662800982682,351.65304209460743,351.65304209460743,351.65304209460743,154.61323800366077,154.61323800366077,154.61323800366077,0.0,0.0,0.0,21980.217465669193
2020-09-27,21473.930763243545,16512.639373097147,27440.61807949591,21473.930763243545,21473.930763243545,386.0895205733807,386.0895205733807,386.0895205733807,234.8127177157232,234.8127177157232,234.8127177157232,151.27680285765737,151.27680285765737,151.27680285765737,0.0,0.0,0.0,21860.020283816924
2020-09-28,21473.910340916165,16203.171269904467,27312.024482858116,21473.910340916165,21473.910340916165,404.9569336033951,404.9569336033951,404.9569336033951,256.1974819072562,256.1974819072562,256.1974819072562,148.75945169613894,148.75945169613894,148.75945169613894,0.0,0.0,0.0,21878.86727451956
2020-09-29,21473.889918588786,15592.707686864349,26994.126193683733,21473.889918588786,21473.889918588786,-204.80394672612923,-204.80394672612923,-204.80394672612923,-351.73863613983445,-351.73863613983445,-351.73863613983445,146.93468941370526,146.93468941370526,146.93468941370526,0.0,0.0,0.0,21269.085971862656
2020-09-30,21473.869496261406,16469.49795355393,27119.74811812267,21473.869496261406,21473.869496261406,386.347956951882,386.347956951882,386.347956951882,240.69501629365328,240.69501629365328,240.69501629365328,145.65294065822872,145.65294065822872,145.65294065822872,0.0,0.0,0.0,21860.21745321329
2020-10-01,21473.849073934023,16135.219351914728,27652.93472814463,21473.849073934023,21473.849073934023,160.46230496777758,160.46230496777758,160.46230496777758,15.713991668807173,15.713991668807173,15.713991668807173,144.74831329897043,144.74831329897043,144.74831329897043,0.0,0.0,0.0,21634.311378901803
2020-10-02,21473.828651606644,15530.432465218417,26693.64577863915,21473.828651606644,21473.828651606644,-603.2874244590712,-603.2874244590712,-603.2874244590712,-747.3336135360062,-747.3336135360062,-747.3336135360062,144.046189076935,144.046189076935,144.046189076935,0.0,0.0,0.0,20870.541227147572
2020-10-03,21473.808229279264,16494.54365675799,27698.571407884814,21473.808229279264,21473.808229279264,495.0244241764365,495.0244241764365,495.0244241764365,351.6530420961113,351.6530420961113,351.6530420961113,143.37138208032525,143.37138208032525,143.37138208032525,0.0,0.0,0.0,21968.8326534557
2020-10-04,21473.787806951885,15859.64288732039,27699.183607624887,21473.787806951885,21473.787806951885,377.36929561942566,377.36929561942566,377.36929561942566,234.81271771596926,234.81271771596926,234.81271771596926,142.55657790345631,142.55657790345631,142.55657790345631,0.0,0.0,0.0,21851.15710257131
2020-10-05,21473.767384624505,16452.208763883573,27300.257189506734,21473.767384624505,21473.767384624505,397.64822973901374,397.64822973901374,397.64822973901374,256.19748190651615,256.19748190651615,256.19748190651615,141.45074783249757,141.45074783249757,141.45074783249757,0.0,0.0,0.0,21871.41561436352
2020-10-06,21473.746962297122,15752.439199400993,27003.283184527056,21473.746962297122,21473.746962297122,-211.81141218389675,-211.81141218389675,-211.81141218389675,-351.7386361404055,-351.7386361404055,-351.7386361404055,139.9272239565088,139.9272239565088,139.9272239565088,0.0,0.0,0.0,21261.935550113227
2020-10-07,21473.726539969743,16290.484000745775,27771.95415979671,21473.726539969743,21473.726539969743,378.58613951975605,378.58613951975605,378.58613951975605,240.69501629549612,240.69501629549612,240.69501629549612,137.89112322425999,137.89112322425999,137.89112322425999,0.0,0.0,0.0,21852.3126794895
2020-10-08,21473.706117642363,15964.864960166202,27478.433830573445,21473.706117642363,21473.706117642363,150.9998129629764,150.9998129629764,150.9998129629764,15.713991666711797,15.713991666711797,15.713991666711797,135.2858212962646,135.2858212962646,135.2858212962646,0.0,0.0,0.0,21624.705930605338
2020-10-09,21473.685695314984,15678.390536319133,26938.50429579149,21473.685695314984,21473.685695314984,-615.2354131404919,-615.2354131404919,-615.2354131404919,-747.3336135363144,-747.3336135363144,-747.3336135363144,132.09820039582243,132.09820039582243,132.09820039582243,0.0,0.0,0.0,20858.45028217449
2020-10-10,21473.6652729876,16739.3056152136,27147.62572014832,21473.6652729876,21473.6652729876,480.0154707771666,480.0154707771666,480.0154707771666,351.6530420962038,351.6530420962038,351.6530420962038,128.36242868096284,128.36242868096284,128.36242868096284,0.0,0.0,0.0,21953.680743764766
2020-10-11,21473.64485066022,16235.866367214796,27650.80568249194,21473.64485066022,21473.64485066022,358.9747887987726,358.9747887987726,358.9747887987726,234.81271771616036,234.81271771616036,234.81271771616036,124.16207108261221,124.16207108261221,124.16207108261221,0.0,0.0,0.0,21832.619639458993
2020-10-12,21473.62442833284,16442.66270603684,27256.085850580417,21473.62442833284,21473.62442833284,375.827863789729,375.827863789729,375.827863789729,256.19748190577604,256.19748190577604,256.19748190577604,119.6303818839529,119.6303818839529,119.6303818839529,0.0,0.0,0.0,21849.45229212257
2020-10-13,21473.604006005462,15793.329422905128,26922.328214522717,21473.604006005462,21473.604006005462,-236.78995004724996,-236.78995004724996,-236.78995004724996,-351.73863614163974,-351.73863614163974,-351.73863614163974,114.94868609438973,114.94868609438973,114.94868609438973,0.0,0.0,0.0,21236.814055958213
2020-10-14,21473.583583678083,16139.314449095533,27088.034069454265,21473.583583678083,21473.583583678083,351.0378344889753,351.0378344889753,351.0378344889753,240.69501629214608,240.69501629214608,240.69501629214608,110.3428181968292,110.3428181968292,110.3428181968292,0.0,0.0,0.0,21824.62141816706
2020-10-15,21473.5631613507,15521.885442333585,27029.172621223028,21473.5631613507,21473.5631613507,121.79164291058886,121.79164291058886,121.79164291058886,15.713991668771916,15.713991668771916,15.713991668771916,106.07765124181694,106.07765124181694,106.07765124181694,0.0,0.0,0.0,21595.35480426129
2020-10-16,21473.54273902332,15293.820045890303,26447.521586901126,21473.54273902332,21473.54273902332,-644.883799025321,-644.883799025321,-644.883799025321,-747.3336135366226,-747.3336135366226,-747.3336135366226,102.4498145113016,102.4498145113016,102.4498145113016,0.0,0.0,0.0,20828.658939998
2020-10-17,21473.52231669594,16443.170625542763,27882.68393771417,21473.52231669594,21473.52231669594,451.43180409981574,451.43180409981574,451.43180409981574,351.6530420934908,351.6530420934908,351.6530420934908,99.77876200632492,99.77876200632492,99.77876200632492,0.0,0.0,0.0,21924.954120795755
2020-10-18,21473.50189436856,16288.1794769096,27690.209316592907,21473.50189436856,21473.50189436856,333.20913246385084,333.20913246385084,333.20913246385084,234.8127177161334,234.8127177161334,234.8127177161334,98.39641474771739,98.39641474771739,98.39641474771739,0.0,0.0,0.0,21806.71102683241
2020-10-19,21473.481472041178,16185.411086982182,27141.6986493047,21473.481472041178,21473.481472041178,354.8331372070625,354.8331372070625,354.8331372070625,256.19748190623386,256.19748190623386,256.19748190623386,98.63565530082867,98.63565530082867,98.63565530082867,0.0,0.0,0.0,21828.314609248242
2020-10-20,21473.4610497138,15591.933395768541,26837.650861073907,21473.4610497138,21473.4610497138,-250.92063498136955,-250.92063498136955,-250.92063498136955,-351.7386361409886,-351.7386361409886,-351.7386361409886,100.81800115961913,100.81800115961913,100.81800115961913,0.0,0.0,0.0,21222.54041473243
2020-10-21,21473.44062738642,16469.9966964476,27604.37370034605,21473.44062738642,21473.44062738642,345.93583924221355,345.93583924221355,345.93583924221355,240.69501629398897,240.69501629398897,240.69501629398897,105.2408229482246,105.2408229482246,105.2408229482246,0.0,0.0,0.0,21819.376466628633
2020-10-22,21473.42020505904,16243.478092028472,27066.548113606717,21473.42020505904,21473.42020505904,127.87849404040718,127.87849404040718,127.87849404040718,15.71399166937848,15.71399166937848,15.71399166937848,112.16450237102869,112.16450237102869,112.16450237102869,0.0,0.0,0.0,21601.298699099447
2020-10-23,21473.39978273166,15189.128794211903,26718.921332778704,21473.39978273166,21473.39978273166,-625.5336712516605,-625.5336712516605,-625.5336712516605,-747.3336135369306,-747.3336135369306,-747.3336135369306,121.79994228527016,121.79994228527016,121.79994228527016,0.0,0.0,0.0,20847.866111479998
2020-10-24,21473.379360404277,16374.374582964638,27542.63310647115,21473.379360404277,21473.379360404277,485.949888473572,485.949888473572,485.949888473572,351.653042094289,351.653042094289,351.653042094289,134.29684637928304,134.29684637928304,134.29684637928304,0.0,0.0,0.0,21959.32924887785
2020-10-25,21473.358938076897,16389.94009837814,27034.327512206586,21473.358938076897,21473.358938076897,384.5458959333363,384.5458959333363,384.5458959333363,234.8127177158332,234.8127177158332,234.8127177158332,149.73317821750317,149.73317821750317,149.73317821750317,0.0,0.0,0.0,21857.904834010234
2020-10-26,21473.338515749518,16419.08454043042,27278.477605568318,21473.338515749518,21473.338515749518,424.3036707092736,424.3036707092736,424.3036707092736,256.19748190429607,256.19748190429607,256.19748190429607,168.10618880497756,168.10618880497756,168.10618880497756,0.0,0.0,0.0,21897.64218645879
2020-10-27,21473.31809342214,15587.143335171444,27108.415927695005,21473.31809342214,21473.31809342214,-162.41326751480952,-162.41326751480952,-162.41326751480952,-351.7386361403375,-351.7386361403375,-351.7386361403375,189.32536862552803,189.32536862552803,189.32536862552803,0.0,0.0,0.0,21310.904825907328
2020-10-28,21473.29767109476,15925.491452872702,27430.466019495416,21473.29767109476,21473.29767109476,453.9026513149338,453.9026513149338,453.9026513149338,240.69501629143326,240.69501629143326,240.69501629143326,213.2076350235005,213.2076350235005,213.2076350235005,0.0,0.0,0.0,21927.20032240969
2020-10-29,21473.277248767376,16359.213310441119,27359.632040578428,21473.277248767376,21473.277248767376,255.18900158242235,255.18900158242235,255.18900158242235,15.71399166936086,15.71399166936086,15.71399166936086,239.47500991306148,239.47500991306148,239.47500991306148,0.0,0.0,0.0,21728.466250349797
2020-10-30,21473.256826439996,15661.662572806312,26682.705301923277,21473.256826439996,21473.256826439996,-479.5786360154555,-479.5786360154555,-479.5786360154555,-747.3336135356941,-747.3336135356941,-747.3336135356941,267.75497752023864,267.75497752023864,267.75497752023864,0.0,0.0,0.0,20993.67819042454
2020-10-31,21473.236404112617,16588.05208094906,27504.43288802404,21473.236404112617,21473.236404112617,649.2366810422659,649.2366810422659,649.2366810422659,351.65304209508713,351.65304209508713,351.65304209508713,297.5836389471786,297.5836389471786,297.5836389471786,0.0,0.0,0.0,22122.47308515488
2020-11-01,21473.215981785237,16694.346845080407,27527.389002851218,21473.215981785237,21473.215981785237,563.2244194947574,563.2244194947574,563.2244194947574,234.81271771553315,234.81271771553315,234.81271771553315,328.4117017792242,328.4117017792242,328.4117017792242,0.0,0.0,0.0,22036.440401279993
2020-11-02,21473.195559457854,16584.321535441195,27213.780004958207,21473.195559457854,21473.195559457854,615.8107428516277,615.8107428516277,615.8107428516277,256.1974819073277,256.1974819073277,256.1974819073277,359.61326094429995,359.61326094429995,359.61326094429995,0.0,0.0,0.0,22089.00630230948
2020-11-03,21473.175137130474,16188.565310043548,26958.34740256706,21473.175137130474,21473.175137130474,38.758607805683035,38.758607805683035,38.758607805683035,-351.7386361396865,-351.7386361396865,-351.7386361396865,390.4972439453695,390.4972439453695,390.4972439453695,0.0,0.0,0.0,21511.93374493616
2020-11-04,21473.154714803095,16891.611058371276,27677.68494774693,21473.154714803095,21473.154714803095,661.0163281177421,661.0163281177421,661.0163281177421,240.69501629327607,240.69501629327607,240.69501629327607,420.321311824466,420.321311824466,420.321311824466,0.0,0.0,0.0,22134.171042920836
2020-11-05,21473.134292475715,16396.684871586454,27852.970067516777,21473.134292475715,21473.134292475715,464.0219209144051,464.0219209144051,464.0219209144051,15.713991667265502,15.713991667265502,15.713991667265502,448.30792924713955,448.30792924713955,448.30792924713955,0.0,0.0,0.0,21937.15621339012
2020-11-06,21473.113870148336,16024.868391715983,26932.047928704837,21473.113870148336,21473.113870148336,-273.6713682793923,-273.6713682793923,-273.6713682793923,-747.3336135375471,-747.3336135375471,-747.3336135375471,473.6622452581547,473.6622452581547,473.6622452581547,0.0,0.0,0.0,21199.442501868944
2020-11-07,21473.093447820953,16879.095462707704,28255.165188814968,21473.093447820953,21473.093447820953,847.2444049012271,847.2444049012271,847.2444049012271,351.65304209237416,351.65304209237416,351.65304209237416,495.59136280885286,495.59136280885286,495.59136280885286,0.0,0.0,0.0,22320.33785272218
2020-11-08,21473.073025493573,16473.157196509725,27973.93801152883,21473.073025493573,21473.073025493573,748.1372398195182,748.1372398195182,748.1372398195182,234.8127177157792,234.8127177157792,234.8127177157792,513.3245221037389,513.3245221037389,513.3245221037389,0.0,0.0,0.0,22221.210265313093
2020-11-09,21473.052603166194,16427.511748141238,27836.19438930858,21473.052603166194,21473.052603166194,782.3311638276879,782.3311638276879,782.3311638276879,256.1974819065877,256.1974819065877,256.1974819065877,526.1336819211001,526.1336819211001,526.1336819211001,0.0,0.0,0.0,22255.38376699388
2020-11-10,21473.032180838814,15985.352342678501,27163.12319337313,21473.032180838814,21473.032180838814,181.61531962867096,181.61531962867096,181.61531962867096,-351.73863614025754,-351.73863614025754,-351.73863614025754,533.3539557689286,533.3539557689286,533.3539557689286,0.0,0.0,0.0,21654.647500467487
2020-11-11,21473.01175851143,16753.116617278607,27646.32367580048,21473.01175851143,21473.01175851143,775.0983633937295,775.0983633937295,775.0983633937295,240.6950162929197,240.6950162929197,240.6950162929197,534.4033471008099,534.4033471008099,534.4033471008099,0.0,0.0,0.0,22248.11012190516
2020-11-12,21472.99133618405,16304.625596952676,27613.897263478066,21472.99133618405,21472.99133618405,544.5152221605448,544.5152221605448,544.5152221605448,15.713991665170125,15.713991665170125,15.713991665170125,528.8012304953747,528.8012304953747,528.8012304953747,0.0,0.0,0.0,22017.506558344598
2020-11-13,21472.970913856672,15794.509704962244,26797.000707624993,21472.970913856672,21472.970913856672,-231.14856960600176,-231.14856960600176,-231.14856960600176,-747.3336135365498,-747.3336135365498,-747.3336135365498,516.1850439305481,516.1850439305481,516.1850439305481,0.0,0.0,0.0,21241.82234425067
2020-11-14,21472.950491529293,16436.259730209425,27690.94197006421,21472.950491529293,21472.950491529293,847.9777329246731,847.9777329246731,847.9777329246731,351.6530420931723,351.6530420931723,351.6530420931723,496.32469083150085,496.32469083150085,496.32469083150085,0.0,0.0,0.0,22320.928224453965
2020-11-15,21472.930069201913,16564.131719645626,27999.709152240463,21472.930069201913,21472.930069201913,703.9469165091709,703.9469165091709,703.9469165091709,234.8127177154791,234.8127177154791,234.8127177154791,469.13419879369184,469.13419879369184,469.13419879369184,0.0,0.0,0.0,22176.876985711086
2020-11-16,21472.90964687453,16511.752209602986,27981.32796811864,21472.90964687453,21472.90964687453,690.8777255825094,690.8777255825094,690.8777255825094,256.1974819070455,256.1974819070455,256.1974819070455,434.6802436754639,434.6802436754639,434.6802436754639,0.0,0.0,0.0,22163.787372457038
2020-11-17,21472.88922454715,16370.754534768805,26902.226990905685,21472.88922454715,21472.88922454715,41.44858549531732,41.44858549531732,41.44858549531732,-351.7386361396066,-351.7386361396066,-351.7386361396066,393.1872216349239,393.1872216349239,393.1872216349239,0.0,0.0,0.0,21514.337810042467
2020-11-18,21472.86880221977,16394.932409860314,27695.479832025507,21472.86880221977,21472.86880221977,585.7336520836018,585.7336520836018,585.7336520836018,240.69501629176898,240.69501629176898,240.69501629176898,345.03863579183275,345.03863579183275,345.03863579183275,0.0,0.0,0.0,22058.602454303375
2020-11-19,21472.84837989239,16269.738270980111,26971.110360745337,21472.84837989239,21472.84837989239,306.4886480208723,306.4886480208723,306.4886480208723,15.71399166723026,15.71399166723026,15.71399166723026,290.77465635364206,290.77465635364206,290.77465635364206,0.0,0.0,0.0,21779.337027913265
2020-11-20,21472.827957565012,15507.772128682234,26062.11346329869,21472.827957565012,21472.827957565012,-516.2478027230783,-516.2478027230783,-516.2478027230783,-747.3336135368581,-747.3336135368581,-747.3336135368581,231.08581081377977,231.08581081377977,231.08581081377977,0.0,0.0,0.0,20956.580154841933
2020-11-21,21472.80753523763,16274.229290210766,27697.832023995932,21472.80753523763,21472.80753523763,518.4559036983433,518.4559036983433,518.4559036983433,351.6530420932648,351.6530420932648,351.6530420932648,166.8028616050785,166.8028616050785,166.8028616050785,0.0,0.0,0.0,21991.263438935974
2020-11-22,21472.78711291025,16152.979800436993,27380.224910758367,21472.78711291025,21472.78711291025,333.69574732436126,333.69574732436126,333.69574732436126,234.81271771545207,234.81271771545207,234.81271771545207,98.88302960890923,98.88302960890923,98.88302960890923,0.0,0.0,0.0,21806.48286023461
2020-11-23,21472.76669058287,16120.759622164092,27554.31503853445,21472.76669058287,21472.76669058287,284.590302324272,284.590302324272,284.590302324272,256.19748190750323,256.19748190750323,256.19748190750323,28.392820416768693,28.392820416768693,28.392820416768693,0.0,0.0,0.0,21757.356992907142
2020-11-24,21472.74627504618,15625.349826398322,26773.44783001745,21472.74627504618,21472.74627504618,-395.2508326825846,-395.2508326825846,-395.2508326825846,-351.73863614084064,-351.73863614084064,-351.73863614084064,-43.51219654174388,-43.51219654174388,-43.51219654174388,0.0,0.0,0.0,21077.495442363594
2020-11-25,21472.72585950949,15963.748103306241,26970.01294538894,21472.72585950949,21472.72585950949,125.08479571788173,125.08479571788173,125.08479571788173,240.69501629141257,240.69501629141257,240.69501629141257,-115.61022057353084,-115.61022057353084,-115.61022057353084,0.0,0.0,0.0,21597.81065522737
2020-11-26,21472.705443972805,15647.089496261893,26971.5992814343,21472.705443972805,21472.705443972805,-170.92416191780848,-170.92416191780848,-170.92416191780848,15.713991665134902,15.713991665134902,15.713991665134902,-186.63815358294337,-186.63815358294337,-186.63815358294337,0.0,0.0,0.0,21301.781282054995
2020-11-27,21472.685028436117,14978.245151037947,26395.48749194678,21472.685028436117,21472.685028436117,-1002.6516758779495,-1002.6516758779495,-1002.6516758779495,-747.3336135371662,-747.3336135371662,-747.3336135371662,-255.31806234078326,-255.31806234078326,-255.31806234078326,0.0,0.0,0.0,20470.033352558166
2020-11-28,21472.66461289943,15717.40102961832,26757.97411959326,21472.66461289943,21472.66461289943,31.268493926408414,31.268493926408414,31.268493926408414,351.65304209406304,351.65304209406304,351.65304209406304,-320.3845481676546,-320.3845481676546,-320.3845481676546,0.0,0.0,0.0,21503.933106825836
2020-11-29,21472.644197362737,15808.107142059798,27175.260876917728,21472.644197362737,21472.644197362737,-145.79965302904176,-145.79965302904176,-145.79965302904176,234.81271771591616,234.81271771591616,234.81271771591616,-380.61237074495796,-380.61237074495796,-380.61237074495796,0.0,0.0,0.0,21326.844544333697
2020-11-30,21472.62378182605,15789.745305948221,27220.459925901305,21472.62378182605,21472.62378182605,-178.64617544339725,-178.64617544339725,-178.64617544339725,256.1974819055655,256.1974819055655,256.1974819055655,-434.84365734896284,-434.84365734896284,-434.84365734896284,0.0,0.0,0.0,21293.97760638265
2020-12-01,21472.60336628936,14999.328371363485,26419.491756104988,21472.60336628936,21472.60336628936,-833.7526669433395,-833.7526669433395,-833.7526669433395,-351.7386361383044,-351.7386361383044,-351.7386361383044,-482.014030805035,-482.014030805035,-482.014030805035,0.0,0.0,0.0,20638.85069934602
2020-12-02,21472.58295075267,15645.888391340372,26803.12808721692,21472.58295075267,21472.58295075267,-280.48199273429873,-280.48199273429873,-280.48199273429873,240.69501629325535,240.69501629325535,240.69501629325535,-521.177009027554,-521.177009027554,-521.177009027554,0.0,0.0,0.0,21192.10095801837
2020-12-03,21472.562535215984,15261.842802195622,26545.95133767617,21472.562535215984,21472.562535215984,-535.8120740551317,-535.8120740551317,-535.8120740551317,15.71399166511728,15.71399166511728,15.71399166511728,-551.526065720249,-551.526065720249,-551.526065720249,0.0,0.0,0.0,20936.750461160853
2020-12-04,21472.542119679296,15044.030856143569,26039.957551979358,21472.542119679296,21472.542119679296,-1319.7474083835073,-1319.7474083835073,-1319.7474083835073,-747.3336135377137,-747.3336135377137,-747.3336135377137,-572.4137948457937,-572.4137948457937,-572.4137948457937,0.0,0.0,0.0,20152.794711295788
2020-12-05,21472.521704142608,15850.126342212916,26881.95425650214,21472.521704142608,21472.521704142608,-231.71464738155703,-231.71464738155703,-231.71464738155703,351.6530420941555,351.6530420941555,351.6530420941555,-583.3676894757126,-583.3676894757126,-583.3676894757126,0.0,0.0,0.0,21240.807056761052
2020-12-06,21472.50128860592,15444.260184348208,26923.719561681464,21472.50128860592,21472.50128860592,-349.2894091893482,-349.2894091893482,-349.2894091893482,234.8127177158892,234.8127177158892,234.8127177158892,-584.1021269052374,-584.1021269052374,-584.1021269052374,0.0,0.0,0.0,21123.211879416573
2020-12-07,21472.480873069228,15380.454446591775,26488.36774653734,21472.480873069228,21472.480873069228,-318.3287624202747,-318.3287624202747,-318.3287624202747,256.19748190620163,256.19748190620163,256.19748190620163,-574.5262443264763,-574.5262443264763,-574.5262443264763,0.0,0.0,0.0,21154.152110648953
2020-12-08,21472.46045753254,15372.430669381245,27039.094135206287,21472.46045753254,21472.46045753254,-906.4861266264951,-906.4861266264951,-906.4861266264951,-351.7386361395386,-351.7386361395386,-351.7386361395386,-554.7474904869564,-554.7474904869564,-554.7474904869564,0.0,0.0,0.0,20565.974330906043
2020-12-09,21472.440041995855,15519.716576753572,26519.100368300493,21472.440041995855,21472.440041995855,-284.37572963706936,-284.37572963706936,-284.37572963706936,240.69501629289894,240.69501629289894,240.69501629289894,-525.0707459299682,-525.0707459299682,-525.0707459299682,0.0,0.0,0.0,21188.064312358787
2020-12-10,21472.419626459166,15382.040388294407,26678.10218151861,21472.419626459166,21472.419626459166,-470.2790231105388,-470.2790231105388,-470.2790231105388,15.713991667801585,15.713991667801585,15.713991667801585,-485.9930147783404,-485.9930147783404,-485.9930147783404,0.0,0.0,0.0,21002.140603348627
2020-12-11,21472.39921092248,15101.516042052728,25780.24950177304,21472.39921092248,21472.39921092248,-1185.527415160333,-1185.527415160333,-1185.527415160333,-747.333613538022,-747.333613538022,-747.333613538022,-438.1938016223112,-438.1938016223112,-438.1938016223112,0.0,0.0,0.0,20286.871795762145
2020-12-12,21472.378795385786,15993.864860800702,27010.05208106277,21472.378795385786,21472.378795385786,-30.86835284977886,-30.86835284977886,-30.86835284977886,351.6530420956594,351.6530420956594,351.6530420956594,-382.52139494543815,-382.52139494543815,-382.52139494543815,0.0,0.0,0.0,21441.510442536008
2020-12-13,21472.358379849098,15664.647899312204,26741.594813819913,21472.358379849098,21472.358379849098,-85.16266305968075,-85.16266305968075,-85.16266305968075,234.812717715589,234.812717715589,234.812717715589,-319.97538077526974,-319.97538077526974,-319.97538077526974,0.0,0.0,0.0,21387.195716789418
2020-12-14,21472.33796431241,16249.364122148081,27109.956245129004,21472.33796431241,21472.33796431241,4.511677785990998,4.511677785990998,4.511677785990998,256.1974819066594,256.1974819066594,256.1974819066594,-251.68580412066837,-251.68580412066837,-251.68580412066837,0.0,0.0,0.0,21476.8496420984
2020-12-15,21472.31754877572,15518.203062823179,26543.241643231067,21472.31754877572,21472.31754877572,-530.6281148905335,-530.6281148905335,-530.6281148905335,-351.7386361401097,-351.7386361401097,-351.7386361401097,-178.88947875042388,-178.88947875042388,-178.88947875042388,0.0,0.0,0.0,20941.68943388519
2020-12-16,21472.297133239033,15961.46767495049,26953.069424083307,21472.297133239033,21472.297133239033,137.79100055559005,137.79100055559005,137.79100055559005,240.69501629474178,240.69501629474178,240.69501629474178,-102.90401573915176,-102.90401573915176,-102.90401573915176,0.0,0.0,0.0,21610.088133794623
2020-12-17,21472.276717702345,15825.784237513079,27639.318623282757,21472.276717702345,21472.276717702345,-9.386204432573019,-9.386204432573019,-9.386204432573019,15.713991667783963,15.713991667783963,15.713991667783963,-25.100196100356982,-25.100196100356982,-25.100196100356982,0.0,0.0,0.0,21462.890513269773
2020-12-18,21472.256302165657,15153.226920380926,26279.614435682186,21472.256302165657,21472.256302165657,-694.206964836794,-694.206964836794,-694.206964836794,-747.3336135383302,-747.3336135383302,-747.3336135383302,53.12664870153601,53.12664870153601,53.12664870153601,0.0,0.0,0.0,20778.049337328863
2020-12-19,21472.23588662897,16432.677333846532,27266.933043161378,21472.23588662897,21472.23588662897,482.0386056227553,482.0386056227553,482.0386056227553,351.65304209575186,351.65304209575186,351.65304209575186,130.38556352700343,130.38556352700343,130.38556352700343,0.0,0.0,0.0,21954.274492251723
2020-12-20,21472.215471092277,16000.097131115683,27416.61043166046,21472.215471092277,21472.215471092277,440.13123340046235,440.13123340046235,440.13123340046235,234.8127177155621,234.8127177155621,234.8127177155621,205.3185156849003,205.3185156849003,205.3185156849003,0.0,0.0,0.0,21912.34670449274
2020-12-21,21472.19505555559,16304.460393962068,27912.075404315023,21472.19505555559,21472.19505555559,532.8253692275075,532.8253692275075,532.8253692275075,256.19748190711715,256.19748190711715,256.19748190711715,276.6278873203904,276.6278873203904,276.6278873203904,0.0,0.0,0.0,22005.020424783095
2020-12-22,21472.174640018904,15446.089842239217,26670.75544102405,21472.174640018904,21472.174640018904,-8.63636281967625,-8.63636281967625,-8.63636281967625,-351.73863613945866,-351.73863613945866,-351.73863613945866,343.1022733197824,343.1022733197824,343.1022733197824,0.0,0.0,0.0,21463.538277199226
2020-12-23,21472.154224482216,17050.388949329557,27909.383932442608,21472.154224482216,21472.154224482216,644.335009133046,644.335009133046,644.335009133046,240.69501629218615,240.69501629218615,240.69501629218615,403.63999284085986,403.63999284085986,403.63999284085986,0.0,0.0,0.0,22116.489233615262
2020-12-24,21472.133808945528,16053.561916377834,27702.100852881485,21472.133808945528,21472.133808945528,472.98377822938625,472.98377822938625,472.98377822938625,15.713991667766344,15.713991667766344,15.713991667766344,457.2697865616199,457.2697865616199,457.2697865616199,0.0,0.0,0.0,21945.117587174915
2020-12-25,21472.113393408836,15560.328343636755,27103.803900413455,21472.113393408836,21472.113393408836,-244.1653645473012,-244.1653645473012,-244.1653645473012,-747.3336135370936,-747.3336135370936,-747.3336135370936,503.1682489897924,503.1682489897924,503.1682489897924,0.0,0.0,0.0,21227.948028861534
2020-12-26,21472.092977872147,16739.51355119781,28416.36712145193,21472.092977872147,21472.092977872147,892.3266756335017,892.3266756335017,892.3266756335017,351.6530420930389,351.6530420930389,351.6530420930389,540.6736335404628,540.6736335404628,540.6736335404628,0.0,0.0,0.0,22364.41965350565
2020-12-27,21472.07256233546,16960.425002080246,28105.06374860181,21472.07256233546,21472.07256233546,804.1084827795112,804.1084827795112,804.1084827795112,234.81271771526198,234.81271771526198,234.81271771526198,569.2957650642492,569.2957650642492,569.2957650642492,0.0,0.0,0.0,22276.181045114972
2020-12-28,21472.052146798775,16652.773297808104,28129.483633857137,21472.052146798775,21472.052146798775,844.9193792939237,844.9193792939237,844.9193792939237,256.1974819063771,256.1974819063771,256.1974819063771,588.7218973875465,588.7218973875465,588.7218973875465,0.0,0.0,0.0,22316.971526092697
2020-12-29,21472.031731262083,16221.478318852998,27406.578796620925,21472.031731262083,21472.031731262083,247.07982320400546,247.07982320400546,247.07982320400546,-351.7386361388075,-351.7386361388075,-351.7386361388075,598.818459342813,598.818459342813,598.818459342813,0.0,0.0,0.0,21719.11155446609
2020-12-30,21472.011315725395,16666.612420222526,27892.533868372797,21472.011315725395,21472.011315725395,840.3237550970252,840.3237550970252,840.3237550970252,240.69501629402905,240.69501629402905,240.69501629402905,599.6287388029962,599.6287388029962,599.6287388029962,0.0,0.0,0.0,22312.33507082242
2020-12-31,21471.990900188706,16687.935085957633,27237.035425565038,21471.990900188706,21471.990900188706,607.0806491327612,607.0806491327612,607.0806491327612,15.713991670450646,15.713991670450646,15.713991670450646,591.3666574623105,591.3666574623105,591.3666574623105,0.0,0.0,0.0,22079.071549321467
2021-01-01,21471.970484652018,16146.308862217176,26816.30716101479,21471.970484652018,21471.970484652018,-172.92672681460482,-172.92672681460482,-172.92672681460482,-747.333613535857,-747.333613535857,-747.333613535857,574.4068867212522,574.4068867212522,574.4068867212522,0.0,0.0,0.0,21299.043757837415
2021-01-02,21471.950069115326,16868.445050673592,27731.71125710264,21471.950069115326,21471.950069115326,900.9246864849354,900.9246864849354,900.9246864849354,351.6530420938371,351.6530420938371,351.6530420938371,549.2716443910983,549.2716443910983,549.2716443910983,0.0,0.0,0.0,22372.87475560026
2021-01-03,21471.929653578638,16491.936457226107,27528.27923105792,21471.929653578638,21471.929653578638,751.4273083742238,751.4273083742238,751.4273083742238,234.812717715508,234.812717715508,234.812717715508,516.6145906587157,516.6145906587157,516.6145906587157,0.0,0.0,0.0,22223.35696195286
2021-01-04,21471.909238041953,16732.268733204404,27887.95142632411,21471.909238041953,21471.909238041953,733.3997896776673,733.3997896776673,733.3997896776673,256.1974819056371,256.1974819056371,256.1974819056371,477.20230777203017,477.20230777203017,477.20230777203017,0.0,0.0,0.0,22205.30902771962
2021-01-05,21471.888822505265,16039.186479282069,27221.738290334477,21471.888822505265,21471.888822505265,80.15526339831963,80.15526339831963,80.15526339831963,-351.73863614004176,-351.73863614004176,-351.73863614004176,431.8938995383613,431.8938995383613,431.8938995383613,0.0,0.0,0.0,21552.044085903584
2021-01-06,21471.868406968577,16285.992529362715,27342.051723664263,21471.868406968577,21471.868406968577,622.3142990082395,622.3142990082395,622.3142990082395,240.69501629287828,240.69501629287828,240.69501629287828,381.6192827153612,381.6192827153612,381.6192827153612,0.0,0.0,0.0,22094.182705976815
2021-01-07,21471.847991431885,16064.955744540626,27643.736001673406,21471.847991431885,21471.847991431885,343.070753562085,343.070753562085,343.070753562085,15.713991668355288,15.713991668355288,15.713991668355288,327.35676189372964,327.35676189372964,327.35676189372964,0.0,0.0,0.0,21814.91874499397
2021-01-08,21471.827575895197,15498.285677288564,26545.313551557003,21471.827575895197,21471.827575895197,-477.22313131166345,-477.22313131166345,-477.22313131166345,-747.3336135361653,-747.3336135361653,-747.3336135361653,270.1104822245019,270.1104822245019,270.1104822245019,0.0,0.0,0.0,20994.604444583532
2021-01-09,21471.80716035851,16298.850040890966,27759.972992078154,21471.80716035851,21471.80716035851,562.5413825612197,562.5413825612197,562.5413825612197,351.65304209463517,351.65304209463517,351.65304209463517,210.88834046658454,210.88834046658454,210.88834046658454,0.0,0.0,0.0,22034.348542919728
2021-01-10,21471.786744821824,16418.25317070989,27630.017342670926,21471.786744821824,21471.786744821824,385.493622684178,385.493622684178,385.493622684178,234.81271771597213,234.81271771597213,234.81271771597213,150.6809049682058,150.6809049682058,150.6809049682058,0.0,0.0,0.0,21857.280367506002
2021-01-11,21471.766329285136,15815.08266669469,27006.637110125976,21471.766329285136,21471.766329285136,346.63933235536473,346.63933235536473,346.63933235536473,256.197481907471,256.197481907471,256.197481907471,90.4418504478938,90.4418504478938,90.4418504478938,0.0,0.0,0.0,21818.4056616405
2021-01-12,21471.745913748444,15824.154380114192,26960.91962608539,21471.745913748444,21471.745913748444,-320.6682808232061,-320.6682808232061,-320.6682808232061,-351.73863614127583,-351.73863614127583,-351.73863614127583,31.07035531806972,31.07035531806972,31.07035531806972,0.0,0.0,0.0,21151.077632925237
2021-01-13,21471.725498211756,15922.456885649626,27241.478955976465,21471.725498211756,21471.725498211756,214.09085596696576,214.09085596696576,214.09085596696576,240.6950162925218,240.6950162925218,240.6950162925218,-26.60416032555605,-26.60416032555605,-26.60416032555605,0.0,0.0,0.0,21685.81635417872
2021-01-14,21471.705082675067,16355.08911403421,27002.760181598747,21471.705082675067,21471.705082675067,-66.12066513709465,-66.12066513709465,-66.12066513709465,15.713991670415405,15.713991670415405,15.713991670415405,-81.83465680751006,-81.83465680751006,-81.83465680751006,0.0,0.0,0.0,21405.58441753797
2021-01-15,21471.68466713838,14834.770551029078,26280.017258192118,21471.68466713838,21471.68466713838,-881.2998570828913,-881.2998570828913,-881.2998570828913,-747.3336135364735,-747.3336135364735,-747.3336135364735,-133.9662435464179,-133.9662435464179,-133.9662435464179,0.0,0.0,0.0,20590.38481005549
2021-01-16,21471.664251601687,15936.664920412471,27231.99662114329,21471.664251601687,21471.664251601687,169.21007141997265,169.21007141997265,169.21007141997265,351.65304209472765,351.65304209472765,351.65304209472765,-182.442970674755,-182.442970674755,-182.442970674755,0.0,0.0,0.0,21640.87432302166
2021-01-17,21471.643836065003,15790.688822184473,27229.408289006435,21471.643836065003,21471.643836065003,8.001106370036167,8.001106370036167,8.001106370036167,234.81271771594518,234.81271771594518,234.81271771594518,-226.811611345909,-226.811611345909,-226.811611345909,0.0,0.0,0.0,21479.64494243504
2021-01-18,21471.623420528314,15889.983122272324,26794.75731332848,21471.623420528314,21471.623420528314,-10.525010631395698,-10.525010631395698,-10.525010631395698,256.1974819079287,256.1974819079287,256.1974819079287,-266.7224925393244,-266.7224925393244,-266.7224925393244,0.0,0.0,0.0,21461.09840989692
2021-01-19,21471.603004991626,15393.301715246345,26369.63997764665,21471.603004991626,21471.603004991626,-653.6661544275557,-653.6661544275557,-653.6661544275557,-351.7386361406248,-351.7386361406248,-351.7386361406248,-301.927518286931,-301.927518286931,-301.927518286931,0.0,0.0,0.0,20817.93685056407
2021-01-20,21471.582589454934,15559.628753756715,26918.81331440168,21471.582589454934,21471.582589454934,-91.58059255817926,-91.58059255817926,-91.58059255817926,240.69501629216546,240.69501629216546,240.69501629216546,-332.2756088503447,-332.2756088503447,-332.2756088503447,0.0,0.0,0.0,21380.001996896754
2021-01-21,21471.562173918246,15178.589368283327,26455.76134857428,21471.562173918246,21471.562173918246,-341.99185850751576,-341.99185850751576,-341.99185850751576,15.713991668320046,15.713991668320046,15.713991668320046,-357.7058501758358,-357.7058501758358,-357.7058501758358,0.0,0.0,0.0,21129.57031541073
2021-01-22,21471.541758381558,14538.316781026502,26022.803234632705,21471.541758381558,21471.541758381558,-1125.5723214377274,-1125.5723214377274,-1125.5723214377274,-747.3336135370209,-747.3336135370209,-747.3336135370209,-378.23870790070663,-378.23870790070663,-378.23870790070663,0.0,0.0,0.0,20345.96943694383
2021-01-23,21471.521342844873,16228.414875775294,27161.88647626145,21471.521342844873,21471.521342844873,-42.312665537724925,-42.312665537724925,-42.312665537724925,351.6530420948202,351.6530420948202,351.6530420948202,-393.9657076325451,-393.9657076325451,-393.9657076325451,0.0,0.0,0.0,21429.20867730715
2021-01-24,21471.500927308185,15723.407027201702,26845.248173317035,21471.500927308185,21471.500927308185,-170.22529913885577,-170.22529913885577,-170.22529913885577,234.81271771564505,234.81271771564505,234.81271771564505,-405.0380168545008,-405.0380168545008,-405.0380168545008,0.0,0.0,0.0,21301.27562816933
2021-01-25,21471.480511771493,16104.915409972897,26723.73898023051,21471.480511771493,21471.480511771493,-155.45690089781607,-155.45690089781607,-155.45690089781607,256.1974819059909,256.1974819059909,256.1974819059909,-411.654382803807,-411.654382803807,-411.654382803807,0.0,0.0,0.0,21316.023610873675
2021-01-26,21471.460096234805,15092.477326643733,26342.361884088223,21471.460096234805,21471.460096234805,-765.7875207655196,-765.7875207655196,-765.7875207655196,-351.7386361399738,-351.7386361399738,-351.7386361399738,-414.04888462554595,-414.04888462554595,-414.04888462554595,0.0,0.0,0.0,20705.672575469285
2021-01-27,21471.439680698117,16152.123790303895,26723.665094037402,21471.439680698117,21471.439680698117,-171.7839308009643,-171.7839308009643,-171.7839308009643,240.69501629101472,240.69501629101472,240.69501629101472,-412.478947091979,-412.478947091979,-412.478947091979,0.0,0.0,0.0,21299.655749897152
2021-01-28,21471.419266089415,14978.23883722796,26377.05879046404,21471.419266089415,21471.419266089415,-391.5000460735719,-391.5000460735719,-391.5000460735719,15.713991668302427,15.713991668302427,15.713991668302427,-407.21403774187434,-407.21403774187434,-407.21403774187434,0.0,0.0,0.0,21079.919220015843
2021-01-29,21471.39885148071,15279.850887778162,25945.78753190426,21471.39885148071,21471.39885148071,-1145.8590439448171,-1145.8590439448171,-1145.8590439448171,-747.3336135357845,-747.3336135357845,-747.3336135357845,-398.52543040903277,-398.52543040903277,-398.52543040903277,0.0,0.0,0.0,20325.539807535893
2021-01-30,21471.378436872008,16041.178316932157,26835.944616019522,21471.378436872008,21471.378436872008,-35.02432507803476,-35.02432507803476,-35.02432507803476,351.65304209561833,351.65304209561833,351.65304209561833,-386.6773671736531,-386.6773671736531,-386.6773671736531,0.0,0.0,0.0,21436.354111793975
2021-01-31,21471.358022263306,15829.874846629253,26860.007610016484,21471.358022263306,21471.358022263306,-137.10717182627764,-137.10717182627764,-137.10717182627764,234.8127177156181,234.8127177156181,234.8127177156181,-371.91988954189577,-371.91988954189577,-371.91988954189577,0.0,0.0,0.0,21334.250850437027
2021-02-01,21471.337607654605,15625.557732722933,26800.883694551474,21471.337607654605,21471.337607654605,-98.28605830788597,-98.28605830788597,-98.28605830788597,256.1974819064487,256.1974819064487,256.1974819064487,-354.4835402143347,-354.4835402143347,-354.4835402143347,0.0,0.0,0.0,21373.051549346717
2021-02-02,21471.3171930459,15551.171027088587,26625.40517594241,21471.3171930459,21471.3171930459,-686.3146976066878,-686.3146976066878,-686.3146976066878,-351.7386361405448,-351.7386361405448,-351.7386361405448,-334.5760614661431,-334.5760614661431,-334.5760614661431,0.0,0.0,0.0,20785.00249543921
2021-02-03,21471.296778437198,16339.117516293982,26796.378410161877,21471.296778437198,21471.296778437198,-71.6861211416908,-71.6861211416908,-71.6861211416908,240.69501629065826,240.69501629065826,240.69501629065826,-312.3811374323491,-312.3811374323491,-312.3811374323491,0.0,0.0,0.0,21399.610657295507
2021-02-04,21471.276363828496,15737.617440879088,26331.416879226235,21471.276363828496,21471.276363828496,-272.3451564038128,-272.3451564038128,-272.3451564038128,15.713991666207068,15.713991666207068,15.713991666207068,-288.05914807001983,-288.05914807001983,-288.05914807001983,0.0,0.0,0.0,21198.931207424685
2021-02-05,21471.255949219798,15022.659463932903,25973.831378280553,21471.255949219798,21471.255949219798,-1009.0834384098054,-1009.0834384098054,-1009.0834384098054,-747.3336135376372,-747.3336135376372,-747.3336135376372,-261.74982487216806,-261.74982487216806,-261.74982487216806,0.0,0.0,0.0,20462.172510809993
2021-02-06,21471.235534611096,15655.394017239489,27053.845564280426,21471.235534611096,21471.235534611096,118.07641699937473,118.07641699937473,118.07641699937473,351.6530420943168,351.6530420943168,351.6530420943168,-233.57662509494205,-233.57662509494205,-233.57662509494205,0.0,0.0,0.0,21589.31195161047
2021-02-07,21471.21512000239,15754.789097622242,26982.372556977047,21471.21512000239,21471.21512000239,31.160142970983365,31.160142970983365,31.160142970983365,234.81271771608215,234.81271771608215,234.81271771608215,-203.65257474509878,-203.65257474509878,-203.65257474509878,0.0,0.0,0.0,21502.375262973375
2021-02-08,21471.19470539369,16160.17715041276,27478.32834094621,21471.19470539369,21471.19470539369,84.11020884878175,84.11020884878175,84.11020884878175,256.1974819057087,256.1974819057087,256.1974819057087,-172.08727305692696,-172.08727305692696,-172.08727305692696,0.0,0.0,0.0,21555.30491424247
2021-02-09,21471.174290784988,15773.736090467288,26823.85318125625,21471.174290784988,21471.174290784988,-490.73334071405316,-490.73334071405316,-490.73334071405316,-351.738636141779,-351.738636141779,-351.738636141779,-138.99470457227412,-138.99470457227412,-138.99470457227412,0.0,0.0,0.0,20980.440950070933
2021-02-10,21471.153876176286,16197.96144830363,27529.395305100315,21471.153876176286,21471.153876176286,136.19354547523304,136.19354547523304,136.19354547523304,240.69501629250115,240.69501629250115,240.69501629250115,-104.50147081726813,-104.50147081726813,-104.50147081726813,0.0,0.0,0.0,21607.34742165152
2021-02-11,21471.13346156758,15795.44067789838,27126.92424864329,21471.13346156758,21471.13346156758,-53.041041420145596,-53.041041420145596,-53.041041420145596,15.71399166618943,15.71399166618943,15.71399166618943,-68.755033086335,-68.755033086335,-68.755033086335,0.0,0.0,0.0,21418.092420147434
2021-02-12,21471.11304695888,15012.962558948755,26028.11602076312,21471.11304695888,21471.11304695888,-779.2651652989158,-779.2651652989158,-779.2651652989158,-747.3336135364008,-747.3336135364008,-747.3336135364008,-31.931551762515014,-31.931551762515014,-31.931551762515014,0.0,0.0,0.0,20691.847881659964
2021-02-13,21471.092632350177,16473.642411530596,27312.456431051927,21471.092632350177,21471.092632350177,357.41012588719514,357.41012588719514,357.41012588719514,351.6530420944093,351.6530420944093,351.6530420944093,5.757083792785888,5.757083792785888,5.757083792785888,0.0,0.0,0.0,21828.502758237373
2021-02-14,21471.072217741475,16082.88470418799,27429.021412508464,21471.072217741475,21471.072217741475,278.87013536626785,278.87013536626785,278.87013536626785,234.81271771605515,234.81271771605515,234.81271771605515,44.05741765021271,44.05741765021271,44.05741765021271,0.0,0.0,0.0,21749.942353107745
2021-02-15,21471.05180313277,16356.018075057129,27240.65398269223,21471.05180313277,21471.05180313277,338.86760984407243,338.86760984407243,338.86760984407243,256.19748190616644,256.19748190616644,256.19748190616644,82.67012793790596,82.67012793790596,82.67012793790596,0.0,0.0,0.0,21809.919412976844
2021-02-16,21471.031388524072,15924.630567878217,26992.336688489777,21471.031388524072,21471.031388524072,-230.49107425552586,-230.49107425552586,-230.49107425552586,-351.73863613924266,-351.73863613924266,-351.73863613924266,121.24756188371684,121.24756188371684,121.24756188371684,0.0,0.0,0.0,21240.540314268546
2021-02-17,21471.01097391537,16391.043395084525,27602.673440815775,21471.01097391537,21471.01097391537,400.08835678918314,400.08835678918314,400.08835678918314,240.69501628994544,240.69501628994544,240.69501628994544,159.39334049923772,159.39334049923772,159.39334049923772,0.0,0.0,0.0,21871.099330704554
2021-02-18,21470.99055930667,15601.797289277365,27380.44959427369,21470.99055930667,21470.99055930667,212.37818945174098,212.37818945174098,212.37818945174098,15.713991668873751,15.713991668873751,15.713991668873751,196.66419778286723,196.66419778286723,196.66419778286723,0.0,0.0,0.0,21683.36874875841
2021-02-19,21470.970144697967,15484.700269394587,26730.262052571154,21470.970144697967,21470.970144697967,-514.7594717575868,-514.7594717575868,-514.7594717575868,-747.333613536709,-747.333613536709,-747.333613536709,232.57414177912224,232.57414177912224,232.57414177912224,0.0,0.0,0.0,20956.21067294038
2021-02-20,21470.94973008926,16616.145951330294,27392.34159389515,21470.94973008926,21470.94973008926,618.253984637757,618.253984637757,618.253984637757,351.6530420945017,351.6530420945017,351.6530420945017,266.60094254325526,266.60094254325526,266.60094254325526,0.0,0.0,0.0,22089.20371472702
2021-02-21,21470.92931548056,16728.809321169974,27562.48560889446,21470.92931548056,21470.92931548056,533.0075853613824,533.0075853613824,533.0075853613824,234.81271771575507,234.81271771575507,234.81271771575507,298.19486764562737,298.19486764562737,298.19486764562737,0.0,0.0,0.0,22003.93690084194
2021-02-22,21470.90890087186,16651.108129062108,27869.066095124068,21470.90890087186,21470.90890087186,582.9869839116056,582.9869839116056,582.9869839116056,256.19748190542646,256.19748190542646,256.19748190542646,326.7895020061792,326.7895020061792,326.7895020061792,0.0,0.0,0.0,22053.895884783466
2021-02-23,21470.888486263157,15658.282190539921,27176.277873585048,21470.888486263157,21470.888486263157,0.0757721854465731,0.0757721854465731,0.0757721854465731,-351.738636141699,-351.738636141699,-351.738636141699,351.8144083271456,351.8144083271456,351.8144083271456,0.0,0.0,0.0,21470.964258448603
2021-02-24,21470.86807165445,16446.377231200684,28008.533280812306,21470.86807165445,21470.86807165445,613.4043261054182,613.4043261054182,613.4043261054182,240.69501629178833,240.69501629178833,240.69501629178833,372.70930981363,372.70930981363,372.70930981363,0.0,0.0,0.0,22084.27239775987
2021-02-25,21470.84765704575,16108.618473438482,27622.110531465405,21470.84765704575,21470.84765704575,404.65340243552686,404.65340243552686,404.65340243552686,15.71399166885613,15.71399166885613,15.71399166885613,388.9394107666707,388.9394107666707,388.9394107666707,0.0,0.0,0.0,21875.501059481277
2021-02-26,21470.827242437048,15518.175520991726,26775.584034134903,21470.827242437048,21470.827242437048,-347.3221982753411,-347.3221982753411,-347.3221982753411,-747.3336135354725,-747.3336135354725,-747.3336135354725,400.0114152601313,400.0114152601313,400.0114152601313,0.0,0.0,0.0,21123.505044161706
2021-02-27,21470.80682782835,16724.561419190846,27930.83815422164,21470.80682782835,21470.80682782835,757.1428035368167,757.1428035368167,757.1428035368167,351.65304209529995,351.65304209529995,351.65304209529995,405.4897614415168,405.4897614415168,405.4897614415168,0.0,0.0,0.0,22227.949631365165
2021-02-28,21470.78641321965,16213.490448631133,27848.92527118768,21470.78641321965,21470.78641321965,639.8252783394503,639.8252783394503,639.8252783394503,234.8127177160012,234.8127177160012,234.8127177160012,405.0125606234491,405.0125606234491,405.0125606234491,0.0,0.0,0.0,22110.611691559097
2021-03-01,21470.765998610943,16584.30795063817,27709.32283249976,21470.765998610943,21470.765998610943,654.5041993673532,654.5041993673532,654.5041993673532,256.19748190726034,256.19748190726034,256.19748190726034,398.30671746009284,398.30671746009284,398.30671746009284,0.0,0.0,0.0,22125.270197978298
2021-03-02,21470.74558400224,15917.74898204391,26963.392987611278,21470.74558400224,21470.74558400224,33.46307468973085,33.46307468973085,33.46307468973085,-351.73863613916274,-351.73863613916274,-351.73863613916274,385.20171082889357,385.20171082889357,385.20171082889357,0.0,0.0,0.0,21504.208658691972
2021-03-03,21470.72516939354,16608.015522599264,27715.563959879328,21470.72516939354,21470.72516939354,606.3365511118682,606.3365511118682,606.3365511118682,240.69501629363117,240.69501629363117,240.69501629363117,365.64153481823695,365.64153481823695,365.64153481823695,0.0,0.0,0.0,22077.061720505408
2021-03-04,21470.704754784838,16399.027668371888,27420.272815890152,21470.704754784838,21470.704754784838,355.4083268601386,355.4083268601386,355.4083268601386,15.713991666760771,15.713991666760771,15.713991666760771,339.6943351933778,339.6943351933778,339.6943351933778,0.0,0.0,0.0,21826.113081644977
2021-03-05,21470.684340176133,15282.055885855587,26281.453216580798,21470.684340176133,21470.684340176133,-439.7742854305372,-439.7742854305372,-439.7742854305372,-747.3336135375646,-747.3336135375646,-747.3336135375646,307.5593281070274,307.5593281070274,307.5593281070274,0.0,0.0,0.0,21030.910054745596
2021-03-06,21470.66392556743,16845.209798587282,27468.002017037456,21470.66392556743,21470.66392556743,621.2236955011439,621.2236955011439,621.2236955011439,351.6530420918812,351.6530420918812,351.6530420918812,269.5706534092626,269.5706534092626,269.5706534092626,0.0,0.0,0.0,22091.887621068574
2021-03-07,21470.64351095873,16376.263685383785,27475.250267985633,21470.64351095873,21470.64351095873,461.01061071928746,461.01061071928746,461.01061071928746,234.81271771570104,234.81271771570104,234.81271771570104,226.1978930035864,226.1978930035864,226.1978930035864,0.0,0.0,0.0,21931.654121678017
2021-03-08,21470.623096350027,16250.021018291196,27491.131981807383,21470.623096350027,21470.623096350027,434.24055510511965,434.24055510511965,434.24055510511965,256.19748190652024,256.19748190652024,256.19748190652024,178.04307319859936,178.04307319859936,178.04307319859936,0.0,0.0,0.0,21904.863651455147
2021-03-09,21470.602681741326,15018.60072784135,26635.71843701293,21470.602681741326,21470.602681741326,-225.904569654945,-225.904569654945,-225.904569654945,-351.7386361403969,-351.7386361403969,-351.7386361403969,125.83406648545188,125.83406648545188,125.83406648545188,0.0,0.0,0.0,21244.698112086382
2021-03-10,21470.58226713262,16778.648607750492,27336.58023250984,21470.58226713262,21470.58226713262,311.1094262061634,311.1094262061634,311.1094262061634,240.6950162932748,240.6950162932748,240.6950162932748,70.41440991288857,70.41440991288857,70.41440991288857,0.0,0.0,0.0,21781.691693338784
2021-03-11,21470.561852523922,15827.901085164129,26989.35934159297,21470.561852523922,21470.561852523922,28.443652991336997,28.443652991336997,28.443652991336997,15.713991668820906,15.713991668820906,15.713991668820906,12.72966132251609,12.72966132251609,12.72966132251609,0.0,0.0,0.0,21499.00550551526
2021-03-12,21470.54143791522,15230.503329668509,26292.736767751903,21470.54143791522,21470.54143791522,-793.5230954244778,-793.5230954244778,-793.5230954244778,-747.3336135378729,-747.3336135378729,-747.3336135378729,-46.18948188660486,-46.18948188660486,-46.18948188660486,0.0,0.0,0.0,20677.018342490745
2021-03-13,21470.52102330652,16213.165745697124,27440.14105527427,21470.52102330652,21470.52102330652,246.40606496049983,246.40606496049983,246.40606496049983,351.65304209338507,351.65304209338507,351.65304209338507,-105.24697713288526,-105.24697713288526,-105.24697713288526,0.0,0.0,0.0,21716.927088267017
2021-03-14,21470.500608697817,15957.01346894735,27005.258469172437,21470.500608697817,21470.500608697817,71.50899081100474,71.50899081100474,71.50899081100474,234.812717715401,234.812717715401,234.812717715401,-163.3037269043962,-163.3037269043962,-163.3037269043962,0.0,0.0,0.0,21542.009599508823
2021-03-15,21470.480194089112,16155.897555604017,26807.711911701623,21470.480194089112,21470.480194089112,36.99561760645875,36.99561760645875,36.99561760645875,256.1974819069781,256.1974819069781,256.1974819069781,-219.20186430051936,-219.20186430051936,-219.20186430051936,0.0,0.0,0.0,21507.47581169557
2021-03-16,21470.45977948041,15116.8900305331,26070.796028204353,21470.45977948041,21470.45977948041,-623.5290982659121,-623.5290982659121,-623.5290982659121,-351.73863613974584,-351.73863613974584,-351.73863613974584,-271.79046212616623,-271.79046212616623,-271.79046212616623,0.0,0.0,0.0,20846.930681214497
2021-03-17,21470.43936487171,15582.19752088612,27036.620394065445,21470.43936487171,21470.43936487171,-79.2570208780361,-79.2570208780361,-79.2570208780361,240.69501629432332,240.69501629432332,240.69501629432332,-319.95203717235944,-319.95203717235944,-319.95203717235944,0.0,0.0,0.0,21391.182343993674
2021-03-18,21470.418950263007,15610.52063915716,26651.7172368877,21470.418950263007,21470.418950263007,-346.9151894088851,-346.9151894088851,-346.9151894088851,15.713991666725514,15.713991666725514,15.713991666725514,-362.6291810756106,-362.6291810756106,-362.6291810756106,0.0,0.0,0.0,21123.50376085412
2021-03-19,21470.3985356543,14502.229646801758,25909.86414112235,21470.3985356543,21470.3985356543,-1146.184240338123,-1146.184240338123,-1146.184240338123,-747.3336135381811,-747.3336135381811,-747.3336135381811,-398.8506267999419,-398.8506267999419,-398.8506267999419,0.0,0.0,0.0,20324.21429531618
2021-03-20,21470.3781210456,15600.773970735923,27076.818994006164,21470.3781210456,21470.3781210456,-76.10301417143681,-76.10301417143681,-76.10301417143681,351.6530420934776,351.6530420934776,351.6530420934776,-427.7560562649144,-427.7560562649144,-427.7560562649144,0.0,0.0,0.0,21394.275106874164
2021-03-21,21470.3577064369,15548.431679261905,26889.1342723307,21470.3577064369,21470.3577064369,-213.80625271179863,-213.80625271179863,-213.80625271179863,234.81271771537394,234.81271771537394,234.81271771537394,-448.61897042717254,-448.61897042717254,-448.61897042717254,0.0,0.0,0.0,21256.5514537251
2021-03-22,21470.3372918282,15799.293156652759,26876.53331764366,21470.3372918282,21470.3372918282,-204.66949618084308,-204.66949618084308,-204.66949618084308,256.1974819076142,256.1974819076142,256.1974819076142,-460.86697808845724,-460.86697808845724,-460.86697808845724,0.0,0.0,0.0,21265.667795647358
2021-03-23,21470.3168772195,14930.35075333067,26424.688465823823,21470.3168772195,21470.3168772195,-815.8375493427552,-815.8375493427552,-815.8375493427552,-351.7386361390947,-351.7386361390947,-351.7386361390947,-464.0989132036605,-464.0989132036605,-464.0989132036605,0.0,0.0,0.0,20654.479327876743
2021-03-24,21470.296462610793,15667.992272174111,27248.75455200498,21470.296462610793,21470.296462610793,-217.4032450251836,-217.4032450251836,-217.4032450251836,240.69501629176762,240.69501629176762,240.69501629176762,-458.0982613169512,-458.0982613169512,-458.0982613169512,0.0,0.0,0.0,21252.89321758561
2021-03-25,21470.27604800209,15336.472291065682,26678.928792605988,21470.27604800209,21470.27604800209,-427.12847058601153,-427.12847058601153,-427.12847058601153,15.713991664630155,15.713991664630155,15.713991664630155,-442.8424622506417,-442.8424622506417,-442.8424622506417,0.0,0.0,0.0,21043.14757741608
2021-03-26,21470.25563339339,15098.969243677597,25788.437377509144,21470.25563339339,21470.25563339339,-1165.841369692234,-1165.841369692234,-1165.841369692234,-747.3336135369444,-747.3336135369444,-747.3336135369444,-418.5077561552893,-418.5077561552893,-418.5077561552893,0.0,0.0,0.0,20304.414263701157
2021-03-27,21470.23521878469,15809.851192974715,27151.09363095077,21470.23521878469,21470.23521878469,-33.81630882721127,-33.81630882721127,-33.81630882721127,351.65304209427575,351.65304209427575,351.65304209427575,-385.46935092148703,-385.46935092148703,-385.46935092148703,0.0,0.0,0.0,21436.418909957476
2021-03-28,21470.214804175983,15759.942135578387,26780.572746521208,21470.214804175983,21470.214804175983,-109.4840901305177,-109.4840901305177,-109.4840901305177,234.81271771556501,234.81271771556501,234.81271771556501,-344.2968078460827,-344.2968078460827,-344.2968078460827,0.0,0.0,0.0,21360.730714045465
2021-03-29,21470.19438956728,15563.684258464546,26914.678738847062,21470.19438956728,21470.19438956728,-39.54718424038779,-39.54718424038779,-39.54718424038779,256.19748190807195,256.19748190807195,256.19748190807195,-295.7446661484597,-295.7446661484597,-295.7446661484597,0.0,0.0,0.0,21430.64720532689
2021-03-30,21470.17397495858,15690.41275884848,26899.834663625228,21470.17397495858,21470.17397495858,-592.4770882564308,-592.4770882564308,-592.4770882564308,-351.73863613844367,-351.73863613844367,-351.73863613844367,-240.73845211798695,-240.73845211798695,-240.73845211798695,0.0,0.0,0.0,20877.69688670215
2021-03-31,21470.153560349878,16210.64702181206,27182.25402933069,21470.153560349878,21470.153560349878,60.33867440212529,60.33867440212529,60.33867440212529,240.69501629361042,240.69501629361042,240.69501629361042,-180.35634189148513,-180.35634189148513,-180.35634189148513,0.0,0.0,0.0,21530.492234752004
2021-04-01,21470.133145741172,15863.74134670714,27192.736335438003,21470.133145741172,21470.133145741172,-100.09287304386577,-100.09287304386577,-100.09287304386577,15.713991664612552,15.713991664612552,15.713991664612552,-115.80686470847829,-115.80686470847829,-115.80686470847829,0.0,0.0,0.0,21370.040272697308
2021-04-02,21470.112731132474,14968.409663644188,25889.8844031294,21470.112731132474,21470.112731132474,-795.7367562039352,-795.7367562039352,-795.7367562039352,-747.333613537492,-747.333613537492,-747.333613537492,-48.40314266644334,-48.40314266644334,-48.40314266644334,0.0,0.0,0.0,20674.37597492854
2021-04-03,21470.092316523773,15631.859279127015,27598.93428163289,21470.092316523773,21470.092316523773,372.11878169225605,372.11878169225605,372.11878169225605,351.65304209507394,351.65304209507394,351.65304209507394,20.46573959718212,20.46573959718212,20.46573959718212,0.0,0.0,0.0,21842.21109821603
2021-04-04,21470.07190159803,16089.109997261035,26859.707934225014,21470.07190159803,21470.07190159803,324.17827675368994,324.17827675368994,324.17827675368994,234.812717715811,234.812717715811,234.812717715811,89.36555903787895,89.36555903787895,89.36555903787895,0.0,0.0,0.0,21794.25017835172
2021-04-05,21470.051486672288,16429.165270191093,27536.659696080435,21470.051486672288,21470.051486672288,413.0467119614896,413.0467119614896,413.0467119614896,256.1974819061342,256.1974819061342,256.1974819061342,156.84923005535538,156.84923005535538,156.84923005535538,0.0,0.0,0.0,21883.09819863378
2021-04-06,21470.031071746547,15505.798475840164,27068.40671583118,21470.031071746547,21470.031071746547,-130.24889303340723,-130.24889303340723,-130.24889303340723,-351.7386361396779,-351.7386361396779,-351.7386361396779,221.48974310627065,221.48974310627065,221.48974310627065,0.0,0.0,0.0,21339.78217871314
2021-04-07,21470.010656820803,16405.56086879391,27492.693373544167,21470.010656820803,21470.010656820803,522.6079669897498,522.6079669897498,522.6079669897498,240.69501629325399,240.69501629325399,240.69501629325399,281.9129506964957,281.9129506964957,281.9129506964957,0.0,0.0,0.0,21992.61862381055
2021-04-08,21469.990241895066,16135.406124340749,27436.353045692274,21469.990241895066,21469.990241895066,352.5433719959891,352.5433719959891,352.5433719959891,15.713991667296854,15.713991667296854,15.713991667296854,336.82938032869225,336.82938032869225,336.82938032869225,0.0,0.0,0.0,21822.533613891053
2021-04-09,21469.96982696932,15413.508888611139,26525.239086629303,21469.96982696932,21469.96982696932,-362.26934290723636,-362.26934290723636,-362.26934290723636,-747.3336135362555,-747.3336135362555,-747.3336135362555,385.06427062901906,385.06427062901906,385.06427062901906,0.0,0.0,0.0,21107.700484062087
2021-04-10,21469.949412043577,16418.79665973139,27778.186145795727,21469.949412043577,21469.949412043577,777.2381070791495,777.2381070791495,777.2381070791495,351.6530420958721,351.6530420958721,351.6530420958721,425.5850649832773,425.5850649832773,425.5850649832773,0.0,0.0,0.0,22247.187519122726
2021-04-11,21469.92899711784,16980.698824948668,27719.130699958074,21469.92899711784,21469.92899711784,692.3383734461933,692.3383734461933,692.3383734461933,234.81271771551096,234.81271771551096,234.81271771551096,457.5256557306823,457.5256557306823,457.5256557306823,0.0,0.0,0.0,22162.267370564034
2021-04-12,21469.908582192096,16643.729931139915,28036.578517126745,21469.908582192096,21469.908582192096,736.4042317652925,736.4042317652925,736.4042317652925,256.197481906592,256.197481906592,256.197481906592,480.2067498587005,480.2067498587005,480.2067498587005,0.0,0.0,0.0,22206.31281395739
2021-04-13,21469.888167266352,15864.849866144641,27276.207086119048,21469.888167266352,21469.888167266352,141.41318614420865,141.41318614420865,141.41318614420865,-351.73863614024896,-351.73863614024896,-351.73863614024896,493.15182228445764,493.15182228445764,493.15182228445764,0.0,0.0,0.0,21611.30135341056
2021-04-14,21469.867752340615,16281.884619680113,27656.232671627593,21469.867752340615,21469.867752340615,736.7932490309472,736.7932490309472,736.7932490309472,240.6950162928976,240.6950162928976,240.6950162928976,496.09823273804966,496.09823273804966,496.09823273804966,0.0,0.0,0.0,22206.66100137156
2021-04-15,21469.84733741487,16050.479802373862,27120.201969351594,21469.84733741487,21469.84733741487,504.7171958095671,504.7171958095671,504.7171958095671,15.713991669356972,15.713991669356972,15.713991669356972,489.00320414021013,489.00320414021013,489.00320414021013,0.0,0.0,0.0,21974.56453322444
2021-04-16,21469.82692248913,15836.850512079442,26828.26472251479,21469.82692248913,21469.82692248913,-275.28912256657713,-275.28912256657713,-275.28912256657713,-747.3336135381084,-747.3336135381084,-747.3336135381084,472.04449097153116,472.04449097153116,472.04449097153116,0.0,0.0,0.0,21194.537799922553
2021-04-17,21469.80650756339,16257.18432038287,27889.35612083802,21469.80650756339,21469.80650756339,797.2687441180699,797.2687441180699,797.2687441180699,351.6530420959646,351.6530420959646,351.6530420959646,445.6157020221052,445.6157020221052,445.6157020221052,0.0,0.0,0.0,22267.07525168146
2021-04-18,21469.786092637645,17027.39943189444,27849.05750123208,21469.786092637645,21469.786092637645,645.1290971697867,645.1290971697867,645.1290971697867,234.81271771624824,234.81271771624824,234.81271771624824,410.3163794535385,410.3163794535385,410.3163794535385,0.0,0.0,0.0,22114.91518980743
2021-04-19,21469.765677711905,16260.768774411446,27720.75423629504,21469.765677711905,21469.765677711905,623.1345535323046,623.1345535323046,623.1345535323046,256.1974819070497,256.1974819070497,256.1974819070497,366.9370716252549,366.9370716252549,366.9370716252549,0.0,0.0,0.0,22092.90023124421
2021-04-20,21469.745262786164,16060.051290983243,27188.865291930186,21469.745262786164,21469.745262786164,-35.29886915423994,-35.29886915423994,-35.29886915423994,-351.73863614148314,-351.73863614148314,-351.73863614148314,316.43976698724316,316.43976698724316,316.43976698724316,0.0,0.0,0.0,21434.446393631923
2021-04-21,21469.72484786042,16181.216647704978,27701.702938614962,21469.72484786042,21469.72484786042,500.62919330387166,500.62919330387166,500.62919330387166,240.6950162925412,240.6950162925412,240.6950162925412,259.9341770113305,259.9341770113305,259.9341770113305,0.0,0.0,0.0,21970.35404116429
2021-04-22,21469.70443293468,16275.455234775021,27216.23602215836,21469.70443293468,21469.70443293468,214.36445602838234,214.36445602838234,214.36445602838234,15.713991667261613,15.713991667261613,15.713991667261613,198.65046436112073,198.65046436112073,198.65046436112073,0.0,0.0,0.0,21684.068888963062
2021-04-23,21469.68401800894,15332.359748304329,26196.15127669406,21469.68401800894,21469.68401800894,-613.4245082063471,-613.4245082063471,-613.4245082063471,-747.3336135368719,-747.3336135368719,-747.3336135368719,133.90910533052465,133.90910533052465,133.90910533052465,0.0,0.0,0.0,20856.259509802592
2021-04-24,21469.663603083198,16254.69934467191,27742.295347434672,21469.663603083198,21469.663603083198,418.74169259347804,418.74169259347804,418.74169259347804,351.6530420932516,351.6530420932516,351.6530420932516,67.08865050022638,67.08865050022638,67.08865050022638,0.0,0.0,0.0,21888.405295676675
2021-04-25,21469.643188157454,16453.551259099553,27193.81707414835,21469.643188157454,21469.643188157454,234.40492020243698,234.40492020243698,234.40492020243698,234.81271771594805,234.81271771594805,234.81271771594805,-0.4077975135110421,-0.4077975135110421,-0.4077975135110421,0.0,0.0,0.0,21704.04810835989
2021-04-26,21469.622773231713,15603.20794800035,27126.04994696816,21469.622773231713,21469.622773231713,189.0109450048003,189.0109450048003,189.0109450048003,256.1974819051119,256.1974819051119,256.1974819051119,-67.18653690031161,-67.18653690031161,-67.18653690031161,0.0,0.0,0.0,21658.633718236513
2021-04-27,21469.602358305972,15580.838411050003,26685.12106022445,21469.602358305972,21469.602358305972,-483.63542290100105,-483.63542290100105,-483.63542290100105,-351.73863613894673,-351.73863613894673,-351.73863613894673,-131.89678676205423,-131.89678676205423,-131.89678676205423,0.0,0.0,0.0,20985.966935404973
2021-04-28,21469.581943380228,16015.071977887796,27164.318075810006,21469.581943380228,21469.581943380228,47.43209337964753,47.43209337964753,47.43209337964753,240.69501629438412,240.69501629438412,240.69501629438412,-193.2629229147366,-193.2629229147366,-193.2629229147366,0.0,0.0,0.0,21517.014036759876
2021-04-29,21469.56152845449,15742.30669197274,26725.47276425579,21469.56152845449,21469.56152845449,-234.4006203698862,-234.4006203698862,-234.4006203698862,15.713991669945916,15.713991669945916,15.713991669945916,-250.11461203983217,-250.11461203983217,-250.11461203983217,0.0,0.0,0.0,21235.160908084606
2021-04-30,21469.541113528747,14896.385361558678,26210.884782674715,21469.541113528747,21469.541113528747,-1048.7476961731631,-1048.7476961731631,-1048.7476961731631,-747.3336135356354,-747.3336135356354,-747.3336135356354,-301.41408263752777,-301.41408263752777,-301.41408263752777,0.0,0.0,0.0,20420.793417355584
2021-05-01,21469.520698603003,15896.905980434647,26790.728301260107,21469.520698603003,21469.520698603003,5.373194968021286,5.373194968021286,5.373194968021286,351.6530420933441,351.6530420933441,351.6530420933441,-346.2798471253228,-346.2798471253228,-346.2798471253228,0.0,0.0,0.0,21474.893893571025
2021-05-02,21469.500283677266,15772.740813512342,26692.4523662189,21469.500283677266,21469.500283677266,-149.1935656551467,-149.1935656551467,-149.1935656551467,234.81271771592108,234.81271771592108,234.81271771592108,-384.0062833710678,-384.0062833710678,-384.0062833710678,0.0,0.0,0.0,21320.30671802212
2021-05-03,21469.47986875152,15828.231818236263,27025.51376883474,21469.47986875152,21469.47986875152,-157.88111153092646,-157.88111153092646,-157.88111153092646,256.1974819055697,256.1974819055697,256.1974819055697,-414.07859343649625,-414.07859343649625,-414.07859343649625,0.0,0.0,0.0,21311.598757220596
2021-05-04,21469.459453825777,15135.775362734326,26221.007238844275,21469.459453825777,21469.459453825777,-787.9214155284726,-787.9214155284726,-787.9214155284726,-351.73863614018103,-351.73863614018103,-351.73863614018103,-436.18277938829164,-436.18277938829164,-436.18277938829164,0.0,0.0,0.0,20681.538038297305
2021-05-05,21469.43903890004,15732.36466523259,26994.741406080466,21469.43903890004,21469.43903890004,-209.5153911357075,-209.5153911357075,-209.5153911357075,240.69501629103408,240.69501629103408,240.69501629103408,-450.21040742674154,-450.21040742674154,-450.21040742674154,0.0,0.0,0.0,21259.92364776433
2021-05-06,21469.418623974296,15459.546132248273,26518.066754943055,21469.418623974296,21469.418623974296,-440.5440770855084,-440.5440770855084,-440.5440770855084,15.713991667850557,15.713991667850557,15.713991667850557,-456.25806875335894,-456.25806875335894,-456.25806875335894,0.0,0.0,0.0,21028.874546888786
2021-05-07,21469.398209048555,14683.776789969625,25659.577592027195,21469.398209048555,21469.398209048555,-1201.9551983956585,-1201.9551983956585,-1201.9551983956585,-747.3336135374882,-747.3336135374882,-747.3336135374882,-454.62158485817025,-454.62158485817025,-454.62158485817025,0.0,0.0,0.0,20267.443010652896
2021-05-08,21469.377794122815,15543.363744506101,27205.02405748216,21469.377794122815,21469.377794122815,-94.1321004235375,-94.1321004235375,-94.1321004235375,351.653042094848,351.653042094848,351.653042094848,-445.78514251838544,-445.78514251838544,-445.78514251838544,0.0,0.0,0.0,21375.24569369928
2021-05-09,21469.35737919707,15629.628689035355,26721.66711564973,21469.35737919707,21469.35737919707,-195.59295834987606,-195.59295834987606,-195.59295834987606,234.81271771589405,234.81271771589405,234.81271771589405,-430.40567606577014,-430.40567606577014,-430.40567606577014,0.0,0.0,0.0,21273.764420847194
2021-05-10,21469.33696427133,15972.990016481224,27164.85839038865,21469.33696427133,21469.33696427133,-153.09545596304997,-153.09545596304997,-153.09545596304997,256.1974819074035,256.1974819074035,256.1974819074035,-409.2929378704535,-409.2929378704535,-409.2929378704535,0.0,0.0,0.0,21316.24150830828
2021-05-11,21469.316549345585,14992.017239557688,26589.563953917495,21469.316549345585,21469.316549345585,-735.124445342368,-735.124445342368,-735.124445342368,-351.73863614141516,-351.73863614141516,-351.73863614141516,-383.38580920095274,-383.38580920095274,-383.38580920095274,0.0,0.0,0.0,20734.192104003218
2021-05-12,21469.296134419845,15673.75254563005,26837.88912399321,21469.296134419845,21469.296134419845,-113.03048342063764,-113.03048342063764,-113.03048342063764,240.69501629287691,240.69501629287691,240.69501629287691,-353.7254997135145,-353.7254997135145,-353.7254997135145,0.0,0.0,0.0,21356.26565099921
2021-05-13,21469.275719494104,15650.090130852897,26694.72382550795,21469.275719494104,21469.275719494104,-305.7123705835376,-305.7123705835376,-305.7123705835376,15.713991667832937,15.713991667832937,15.713991667832937,-321.4263622513705,-321.4263622513705,-321.4263622513705,0.0,0.0,0.0,21163.563348910568
2021-05-14,21469.25530456836,14627.51250650915,26073.827255124306,21469.25530456836,21469.25530456836,-1034.9787218943425,-1034.9787218943425,-1034.9787218943425,-747.3336135362517,-747.3336135362517,-747.3336135362517,-287.6451083580907,-287.6451083580907,-287.6451083580907,0.0,0.0,0.0,20434.276582674018
2021-05-15,21469.234889642623,15799.657945084606,27109.638111001274,21469.234889642623,21469.234889642623,98.10379468059,98.10379468059,98.10379468059,351.6530420949405,351.6530420949405,351.6530420949405,-253.54924741435048,-253.54924741435048,-253.54924741435048,0.0,0.0,0.0,21567.338684323215
2021-05-16,21469.21447471688,15479.852390632164,26437.870120946973,21469.21447471688,21469.21447471688,14.527130044984895,14.527130044984895,14.527130044984895,234.81271771586705,234.81271771586705,234.81271771586705,-220.28558767088217,-220.28558767088217,-220.28558767088217,0.0,0.0,0.0,21483.741604761864
2021-05-17,21469.194059791134,15960.053554315291,26936.0003598357,21469.194059791134,21469.194059791134,67.24785154706804,67.24785154706804,67.24785154706804,256.19748190786135,256.19748190786135,256.19748190786135,-188.94963036079326,-188.94963036079326,-188.94963036079326,0.0,0.0,0.0,21536.441911338203
2021-05-18,21469.173644865397,15689.516876122752,26616.484754626563,21469.173644865397,21469.173644865397,-512.2952949466479,-512.2952949466479,-512.2952949466479,-351.73863613887886,-351.73863613887886,-351.73863613887886,-160.55665880776905,-160.55665880776905,-160.55665880776905,0.0,0.0,0.0,20956.87834991875
2021-05-19,21469.153229939653,15686.682894081441,27160.265301189826,21469.153229939653,21469.153229939653,104.6797423771776,104.6797423771776,104.6797423771776,240.69501629032123,240.69501629032123,240.69501629032123,-136.01527391314363,-136.01527391314363,-136.01527391314363,0.0,0.0,0.0,21573.83297231683
2021-05-20,21469.132815013916,15783.382862282453,27413.963651757946,21469.132815013916,21469.132815013916,-100.3900653951943,-100.3900653951943,-100.3900653951943,15.7139916678153,15.7139916678153,15.7139916678153,-116.10405706300958,-116.10405706300958,-116.10405706300958,0.0,0.0,0.0,21368.742749618723
2021-05-21,21469.112400088172,14700.551496356351,25917.285147016177,21469.112400088172,21469.112400088172,-848.7855668944824,-848.7855668944824,-848.7855668944824,-747.3336135367991,-747.3336135367991,-747.3336135367991,-101.45195335768314,-101.45195335768314,-101.45195335768314,0.0,0.0,0.0,20620.32683319369
2021-05-22,21469.091985162428,16553.54294698365,27350.51312433526,21469.091985162428,21469.091985162428,259.1301774977544,259.1301774977544,259.1301774977544,351.6530420929332,351.6530420929332,351.6530420929332,-92.52286459517877,-92.52286459517877,-92.52286459517877,0.0,0.0,0.0,21728.222162660182
2021-05-23,21469.07157023669,15974.875177767719,27161.979296199373,21469.07157023669,21469.07157023669,145.20789218246105,145.20789218246105,145.20789218246105,234.812717715567,234.812717715567,234.812717715567,-89.60482553310591,-89.60482553310591,-89.60482553310591,0.0,0.0,0.0,21614.279462419152
2021-05-24,21469.051155310946,15903.895902075601,27820.260386554386,21469.051155310946,21469.051155310946,163.39347009678505,163.39347009678505,163.39347009678505,256.1974819071213,256.1974819071213,256.1974819071213,-92.80401181033625,-92.80401181033625,-92.80401181033625,0.0,0.0,0.0,21632.44462540773
2021-05-25,21469.030740385202,15435.03977767741,26419.115575393662,21469.030740385202,21469.030740385202,-453.7823331066921,-453.7823331066921,-453.7823331066921,-351.7386361401131,-351.7386361401131,-351.7386361401131,-102.04369696657899,-102.04369696657899,-102.04369696657899,0.0,0.0,0.0,21015.24840727851
2021-05-26,21469.01032545946,16619.281418179646,26951.263795720006,21469.01032545946,21469.01032545946,123.62687344243393,123.62687344243393,123.62687344243393,240.69501629136977,240.69501629136977,240.69501629136977,-117.06814284893585,-117.06814284893585,-117.06814284893585,0.0,0.0,0.0,21592.637198901895
2021-05-27,21468.98991053372,15677.016908106933,27221.207620277335,21468.98991053372,21468.98991053372,-121.73728427294596,-121.73728427294596,-121.73728427294596,15.713991667797696,15.713991667797696,15.713991667797696,-137.45127594074364,-137.45127594074364,-137.45127594074364,0.0,0.0,0.0,21347.252626260775
2021-05-28,21468.96949560798,15169.748154209516,25951.603656033738,21468.96949560798,21468.96949560798,-909.9434888956989,-909.9434888956989,-909.9434888956989,-747.3336135355627,-747.3336135355627,-747.3336135355627,-162.6098753601362,-162.6098753601362,-162.6098753601362,0.0,0.0,0.0,20559.02600671228
2021-05-29,21468.949080682236,16287.859436141503,27264.23958733561,21468.949080682236,21468.949080682236,159.8321622401386,159.8321622401386,159.8321622401386,351.6530420930257,351.6530420930257,351.6530420930257,-191.8208798528871,-191.8208798528871,-191.8208798528871,0.0,0.0,0.0,21628.781242922374
2021-05-30,21468.928665756495,16112.688687845826,27159.68997904378,21468.928665756495,21468.928665756495,10.570403530690625,10.570403530690625,10.570403530690625,234.81271771581294,234.81271771581294,234.81271771581294,-224.2423141851223,-224.2423141851223,-224.2423141851223,0.0,0.0,0.0,21479.499069287187
2021-05-31,21468.908250830755,15746.335613113082,27092.208803420413,21468.908250830755,21468.908250830755,-2.73976084614707,-2.73976084614707,-2.73976084614707,256.1974819063813,256.1974819063813,256.1974819063813,-258.9372427525284,-258.9372427525284,-258.9372427525284,0.0,0.0,0.0,21466.168489984608
2021-06-01,21468.88783590501,14995.172984150275,26466.8017889396,21468.88783590501,21468.88783590501,-646.6387184969537,-646.6387184969537,-646.6387184969537,-351.7386361387989,-351.7386361387989,-351.7386361387989,-294.9000823581548,-294.9000823581548,-294.9000823581548,0.0,0.0,0.0,20822.249117408057
2021-06-02,21468.86742097927,15484.74906503808,27008.926633619434,21468.86742097927,21468.86742097927,-90.38953260217126,-90.38953260217126,-90.38953260217126,240.69501629101333,240.69501629101333,240.69501629101333,-331.0845488931846,-331.0845488931846,-331.0845488931846,0.0,0.0,0.0,21378.4778883771
2021-06-03,21468.84700605353,15572.63029237517,26823.520825183783,21468.84700605353,21468.84700605353,-350.71848382937753,-350.71848382937753,-350.71848382937753,15.713991665702338,15.713991665702338,15.713991665702338,-366.43247549507987,-366.43247549507987,-366.43247549507987,0.0,0.0,0.0,21118.128522224153
2021-06-04,21468.826591127785,14387.496635971003,26313.37758289056,21468.826591127785,21468.826591127785,-1147.2363370233743,-1147.2363370233743,-1147.2363370233743,-747.3336135358709,-747.3336135358709,-747.3336135358709,-399.90272348750347,-399.90272348750347,-399.90272348750347,0.0,0.0,0.0,20321.590254104412
2021-06-05,21468.806176202048,15610.377148180287,26493.267825784384,21468.806176202048,21468.806176202048,-78.84637019785485,-78.84637019785485,-78.84637019785485,351.65304209311813,351.65304209311813,351.65304209311813,-430.49941229097294,-430.49941229097294,-430.49941229097294,0.0,0.0,0.0,21389.959806004194
2021-06-06,21468.785761276304,16048.343264913234,26981.14784078028,21468.785761276304,21468.785761276304,-222.486002493663,-222.486002493663,-222.486002493663,234.81271771600407,234.81271771600407,234.81271771600407,-457.29872020966707,-457.29872020966707,-457.29872020966707,0.0,0.0,0.0,21246.29975878264
2021-06-07,21468.765346350563,15813.59209219625,27307.776224876357,21468.765346350563,21468.765346350563,-223.27607176063628,-223.27607176063628,-223.27607176063628,256.19748190564127,256.19748190564127,256.19748190564127,-479.47355366627755,-479.47355366627755,-479.47355366627755,0.0,0.0,0.0,21245.489274589927
2021-06-08,21468.74493193144,15164.935279157995,26318.567337221535,21468.74493193144,21468.74493193144,-848.0540827720922,-848.0540827720922,-848.0540827720922,-351.73863614003307,-351.73863614003307,-351.73863614003307,-496.31544663205915,-496.31544663205915,-496.31544663205915,0.0,0.0,0.0,20620.69084915935
2021-06-09,21468.72451751232,15926.650241169591,26626.2437733377,21468.72451751232,21468.72451751232,-266.5581164715439,-266.5581164715439,-266.5581164715439,240.69501629285622,240.69501629285622,240.69501629285622,-507.2531327644001,-507.2531327644001,-507.2531327644001,0.0,0.0,0.0,21202.166401040777
2021-06-10,21468.704103093198,15162.246800888708,26607.962972714922,21468.704103093198,21468.704103093198,-496.15333609395617,-496.15333609395617,-496.15333609395617,15.71399166776244,15.71399166776244,15.71399166776244,-511.86732776171857,-511.86732776171857,-511.86732776171857,0.0,0.0,0.0,20972.55076699924
2021-06-11,21468.683688674075,14623.003650882112,25845.20204648992,21468.683688674075,21468.683688674075,-1257.234979464768,-1257.234979464768,-1257.234979464768,-747.3336135361791,-747.3336135361791,-747.3336135361791,-509.901365928589,-509.901365928589,-509.901365928589,0.0,0.0,0.0,20211.448709209308
2021-06-12,21468.663274254952,16166.65391650722,27268.772657319605,21468.663274254952,21468.663274254952,-149.61440780965032,-149.61440780965032,-149.61440780965032,351.653042094622,351.653042094622,351.653042094622,-501.2674499042723,-501.2674499042723,-501.2674499042723,0.0,0.0,0.0,21319.0488664453
2021-06-13,21468.642859835832,15594.181297258168,26977.151613127175,21468.642859835832,21468.642859835832,-251.23567499245982,-251.23567499245982,-251.23567499245982,234.8127177159771,234.8127177159771,234.8127177159771,-486.0483927084369,-486.0483927084369,-486.0483927084369,0.0,0.0,0.0,21217.407184843374
2021-06-14,21468.62244541671,15417.618254242405,26636.583388656996,21468.62244541671,21468.62244541671,-208.29737146287502,-208.29737146287502,-208.29737146287502,256.1974819060991,256.1974819060991,256.1974819060991,-464.4948533689741,-464.4948533689741,-464.4948533689741,0.0,0.0,0.0,21260.325073953834
2021-06-15,21468.602030997587,14967.626698490356,26122.888713263823,21468.602030997587,21468.602030997587,-788.7568241931057,-788.7568241931057,-788.7568241931057,-351.73863613938204,-351.73863613938204,-351.73863613938204,-437.01818805372363,-437.01818805372363,-437.01818805372363,0.0,0.0,0.0,20679.845206804483
2021-06-16,21468.581616578467,15677.80706391465,26832.447218942973,21468.581616578467,21468.581616578467,-163.48413826378183,-163.48413826378183,-163.48413826378183,240.69501629469912,240.69501629469912,240.69501629469912,-404.17915455848095,-404.17915455848095,-404.17915455848095,0.0,0.0,0.0,21305.097478314685
2021-06-17,21468.561202159344,15982.743311824455,26880.069019051443,21468.561202159344,21468.561202159344,-350.95882441502164,-350.95882441502164,-350.95882441502164,15.713991668369003,15.713991668369003,15.713991668369003,-366.6728160833906,-366.6728160833906,-366.6728160833906,0.0,0.0,0.0,21117.602377744322
2021-06-18,21468.540787740218,14550.926478164503,26125.719256702792,21468.540787740218,21468.540787740218,-1072.6437011420448,-1072.6437011420448,-1072.6437011420448,-747.3336135382712,-747.3336135382712,-747.3336135382712,-325.3100876037737,-325.3100876037737,-325.3100876037737,0.0,0.0,0.0,20395.897086598172
2021-06-19,21468.520373321102,15726.655475513671,26715.70941207731,21468.520373321102,21468.520373321102,70.65658983170329,70.65658983170329,70.65658983170329,351.65304209471446,351.65304209471446,351.65304209471446,-280.9964522630112,-280.9964522630112,-280.9964522630112,0.0,0.0,0.0,21539.176963152804
2021-06-20,21468.499958901975,15966.224150297487,26918.455291095393,21468.499958901975,21468.499958901975,0.10427375519475983,0.10427375519475983,0.10427375519475983,234.8127177156769,234.8127177156769,234.8127177156769,-234.70844396048216,-234.70844396048216,-234.70844396048216,0.0,0.0,0.0,21468.60423265717
2021-06-21,21468.479544482852,15708.043946662116,27225.738584775594,21468.479544482852,21468.479544482852,68.72893794206595,68.72893794206595,68.72893794206595,256.1974819041613,256.1974819041613,256.1974819041613,-187.46854396209534,-187.46854396209534,-187.46854396209534,0.0,0.0,0.0,21537.208482424918
2021-06-22,21468.45913006373,15366.922965527656,26249.603369927307,21468.45913006373,21468.45913006373,-492.05780890550153,-492.05780890550153,-492.05780890550153,-351.7386361399531,-351.7386361399531,-351.7386361399531,-140.31917276554847,-140.31917276554847,-140.31917276554847,0.0,0.0,0.0,20976.401321158228
2021-06-23,21468.43871564461,16350.315712457475,27217.048792288475,21468.43871564461,21468.43871564461,146.39854340324348,146.39854340324348,146.39854340324348,240.6950162921434,240.6950162921434,240.6950162921434,-94.2964728888999,-94.2964728888999,-94.2964728888999,0.0,0.0,0.0,21614.837259047854
2021-06-24,21468.418301225487,15910.273759970838,27197.75230758794,21468.418301225487,21468.418301225487,-34.69058195720636,-34.69058195720636,-34.69058195720636,15.713991668351383,15.713991668351383,15.713991668351383,-50.404573625557745,-50.404573625557745,-50.404573625557745,0.0,0.0,0.0,21433.72771926828
2021-06-25,21468.397886806364,14965.393461530875,26106.861008354375,21468.397886806364,21468.397886806364,-756.9246190079283,-756.9246190079283,-756.9246190079283,-747.3336135370348,-747.3336135370348,-747.3336135370348,-9.591005470893537,-9.591005470893537,-9.591005470893537,0.0,0.0,0.0,20711.473267798436
2021-06-26,21468.377472387245,16377.617180481058,27577.050713827197,21468.377472387245,21468.377472387245,378.9291512751594,378.9291512751594,378.9291512751594,351.65304209551266,351.65304209551266,351.65304209551266,27.276109179646713,27.276109179646713,27.276109179646713,0.0,0.0,0.0,21847.306623662404
2021-06-27,21468.35705796812,16265.561908256714,27055.536090994658,21468.35705796812,21468.35705796812,294.2412376896993,294.2412376896993,294.2412376896993,234.8127177153769,234.8127177153769,234.8127177153769,59.428519974322406,59.428519974322406,59.428519974322406,0.0,0.0,0.0,21762.598295657823
2021-06-28,21468.336643549,15886.250318606933,27533.530859316437,21468.336643549,21468.336643549,342.4129520824942,342.4129520824942,342.4129520824942,256.19748190719287,256.19748190719287,256.19748190719287,86.2154701753013,86.2154701753013,86.2154701753013,0.0,0.0,0.0,21810.749595631492
2021-06-29,21468.316229129872,15680.61821854772,27324.106009617994,21468.316229129872,21468.316229129872,-244.62057286799376,-244.62057286799376,-244.62057286799376,-351.73863613930206,-351.73863613930206,-351.73863613930206,107.11806327130826,107.11806327130826,107.11806327130826,0.0,0.0,0.0,21223.69565626188
2021-06-30,21468.295814710757,16219.2589996152,27464.105335178898,21468.295814710757,21468.295814710757,362.45507260598777,362.45507260598777,362.45507260598777,240.69501629398627,240.69501629398627,240.69501629398627,121.76005631200147,121.76005631200147,121.76005631200147,0.0,0.0,0.0,21830.750887316743
2021-07-01,21468.27540029163,16094.839890336847,26813.712615204633,21468.27540029163,21468.27540029163,145.6288546434458,145.6288546434458,145.6288546434458,15.713991666256025,15.713991666256025,15.713991666256025,129.91486297718978,129.91486297718978,129.91486297718978,0.0,0.0,0.0,21613.904254935074
2021-07-02,21468.254985872507,15344.03631722582,26583.254850891874,21468.254985872507,21468.254985872507,-615.8249586593795,-615.8249586593795,-615.8249586593795,-747.3336135373428,-747.3336135373428,-747.3336135373428,131.50865487796338,131.50865487796338,131.50865487796338,0.0,0.0,0.0,20852.430027213126
2021-07-03,21468.234571453388,16566.212480298516,27245.076924075394,21468.234571453388,21468.234571453388,478.2725983230488,478.2725983230488,478.2725983230488,351.6530420927997,351.6530420927997,351.6530420927997,126.61955623024907,126.61955623024907,126.61955623024907,0.0,0.0,0.0,21946.507169776436
2021-07-04,21468.214157034265,15994.445817976457,27561.68630313937,21468.214157034265,21468.214157034265,350.2857495722172,350.2857495722172,350.2857495722172,234.81271771562282,234.81271771562282,234.81271771562282,115.47303185659432,115.47303185659432,115.47303185659432,0.0,0.0,0.0,21818.49990660648
2021-07-05,21468.19374261514,16409.84699204923,27371.7017472798,21468.19374261514,21468.19374261514,354.6311504950663,354.6311504950663,354.6311504950663,256.19748190525513,256.19748190525513,256.19748190525513,98.43366858981122,98.43366858981122,98.43366858981122,0.0,0.0,0.0,21822.824893110206
2021-07-06,21468.17332819602,15240.063038003387,26497.219627983846,21468.17332819602,21468.17332819602,-275.74499328658857,-275.74499328658857,-275.74499328658857,-351.7386361405362,-351.7386361405362,-351.7386361405362,75.99364285394765,75.99364285394765,75.99364285394765,0.0,0.0,0.0,21192.42833490943
2021-07-07,21468.1529137769,15920.52585674377,27697.233310344553,21468.1529137769,21468.1529137769,289.45326633043635,289.45326633043635,289.45326633043635,240.69501629362983,240.69501629362983,240.69501629362983,48.758250036806544,48.758250036806544,48.758250036806544,0.0,0.0,0.0,21757.606180107337
2021-07-08,21468.132499357776,15911.029307547946,27144.144362495543,21468.132499357776,21468.132499357776,33.14293377698214,33.14293377698214,33.14293377698214,15.713991664160666,15.713991664160666,15.713991664160666,17.428942112821474,17.428942112821474,17.428942112821474,0.0,0.0,0.0,21501.275433134757
2021-07-09,21468.112084938653,15293.433537516346,26183.83396755726,21468.112084938653,21468.112084938653,-764.5492364774749,-764.5492364774749,-764.5492364774749,-747.3336135361063,-747.3336135361063,-747.3336135361063,-17.215622941368604,-17.215622941368604,-17.215622941368604,0.0,0.0,0.0,20703.562848461177
2021-07-10,21468.091670519534,16028.636116017264,27165.06182417211,21468.091670519534,21468.091670519534,297.3130676880729,297.3130676880729,297.3130676880729,351.6530420935979,351.6530420935979,351.6530420935979,-54.33997440552496,-54.33997440552496,-54.33997440552496,0.0,0.0,0.0,21765.404738207606
2021-07-11,21468.07125610041,15985.59259194274,27091.623502147086,21468.07125610041,21468.07125610041,141.73962449787933,141.73962449787933,141.73962449787933,234.8127177153228,234.8127177153228,234.8127177153228,-93.07309321744347,-93.07309321744347,-93.07309321744347,0.0,0.0,0.0,21609.810880598292
2021-07-12,21468.050841681285,16411.126020463606,27155.254670569517,21468.050841681285,21468.050841681285,123.66751552247256,123.66751552247256,123.66751552247256,256.1974819057129,256.1974819057129,256.1974819057129,-132.52996638324032,-132.52996638324032,-132.52996638324032,0.0,0.0,0.0,21591.718357203757
2021-07-13,21468.03042726216,14761.357794885613,26522.539575339488,21468.03042726216,21468.03042726216,-523.5714931582687,-523.5714931582687,-523.5714931582687,-351.7386361398851,-351.7386361398851,-351.7386361398851,-171.83285701838358,-171.83285701838358,-171.83285701838358,0.0,0.0,0.0,20944.45893410389
2021-07-14,21468.010012843042,15909.245208480641,27325.47115549863,21468.010012843042,21468.010012843042,30.563278082785573,30.563278082785573,30.563278082785573,240.6950162924791,240.6950162924791,240.6950162924791,-210.13173820969354,-210.13173820969354,-210.13173820969354,0.0,0.0,0.0,21498.57329092583
2021-07-15,21467.98959842392,15430.74301347181,26920.29508433638,21467.98959842392,21467.98959842392,-230.90938465569334,-230.90938465569334,-230.90938465569334,15.713991671000446,15.713991671000446,15.713991671000446,-246.62337632669383,-246.62337632669383,-246.62337632669383,0.0,0.0,0.0,21237.080213768226
2021-07-16,21467.969184004796,14786.014801928948,25954.534724817524,21467.969184004796,21467.969184004796,-1027.9022138700634,-1027.9022138700634,-1027.9022138700634,-747.3336135379593,-747.3336135379593,-747.3336135379593,-280.5686003321039,-280.5686003321039,-280.5686003321039,0.0,0.0,0.0,20440.066970134732
2021-07-17,21467.948769585677,15808.666334096542,27315.493109910072,21467.948769585677,21467.948769585677,40.34568579331114,40.34568579331114,40.34568579331114,351.6530420936904,351.6530420936904,351.6530420936904,-311.30735630037924,-311.30735630037924,-311.30735630037924,0.0,0.0,0.0,21508.29445537899
2021-07-18,21467.928355166554,15778.393911111796,26730.75200596713,21467.928355166554,21467.928355166554,-103.4585010201095,-103.4585010201095,-103.4585010201095,234.81271771529578,234.81271771529578,234.81271771529578,-338.2712187354053,-338.2712187354053,-338.2712187354053,0.0,0.0,0.0,21364.469854146446
2021-07-19,21467.90794074743,15712.862180357044,26897.037239450154,21467.90794074743,21467.90794074743,-104.79562815600177,-104.79562815600177,-104.79562815600177,256.1974819075467,256.1974819075467,256.1974819075467,-360.99311006354856,-360.99311006354856,-360.99311006354856,0.0,0.0,0.0,21363.11231259143
2021-07-20,21467.887526328308,15085.583770630441,26296.899705487824,21467.887526328308,21467.887526328308,-730.8527005856812,-730.8527005856812,-730.8527005856812,-351.7386361411193,-351.7386361411193,-351.7386361411193,-379.11406444456196,-379.11406444456196,-379.11406444456196,0.0,0.0,0.0,20737.034825742627
2021-07-21,21467.86711190919,16139.965977807118,26990.88211989223,21467.86711190919,21467.86711190919,-151.6919429197848,-151.6919429197848,-151.6919429197848,240.69501629212272,240.69501629212272,240.69501629212272,-392.38695921190754,-392.38695921190754,-392.38695921190754,0.0,0.0,0.0,21316.175168989404
2021-07-22,21467.846697490066,15293.339117094634,26826.401980424478,21467.846697490066,21467.846697490066,-384.9632326073849,-384.9632326073849,-384.9632326073849,15.713991670982843,15.713991670982843,15.713991670982843,-400.67722427836776,-400.67722427836776,-400.67722427836776,0.0,0.0,0.0,21082.88346488268
2021-07-23,21467.82628307094,14871.915738149357,25761.149417425586,21467.82628307094,21467.82628307094,-1151.2942377192837,-1151.2942377192837,-1151.2942377192837,-747.3336135367227,-747.3336135367227,-747.3336135367227,-403.960624182561,-403.960624182561,-403.960624182561,0.0,0.0,0.0,20316.532045351654
2021-07-24,21467.80586865182,15537.142293962359,27019.833424152148,21467.80586865182,21467.80586865182,-50.66524464630543,-50.66524464630543,-50.66524464630543,351.65304209448857,351.65304209448857,351.65304209448857,-402.318286740794,-402.318286740794,-402.318286740794,0.0,0.0,0.0,21417.140624005515
2021-07-25,21467.785454232697,15658.384819411454,26863.064020256003,21467.785454232697,21467.785454232697,-161.1165065884293,-161.1165065884293,-161.1165065884293,234.8127177157599,234.8127177157599,234.8127177157599,-395.9292243041892,-395.9292243041892,-395.9292243041892,0.0,0.0,0.0,21306.668947644266
2021-07-26,21467.765039813574,16038.514535345988,26682.903560375664,21467.765039813574,21467.765039813574,-128.86317456703952,-128.86317456703952,-128.86317456703952,256.19748190680684,256.19748190680684,256.19748190680684,-385.06065647384634,-385.06065647384634,-385.06065647384634,0.0,0.0,0.0,21338.901865246535
2021-07-27,21467.74462539445,15086.487981773716,26355.592211534215,21467.74462539445,21467.74462539445,-721.7951313131626,-721.7951313131626,-721.7951313131626,-351.738636138583,-351.738636138583,-351.738636138583,-370.05649517457965,-370.05649517457965,-370.05649517457965,0.0,0.0,0.0,20745.949494081287
2021-07-28,21467.72421097533,15957.670827756512,27151.519657437482,21467.72421097533,21467.72421097533,-110.62937667535435,-110.62937667535435,-110.62937667535435,240.69501629396555,240.69501629396555,240.69501629396555,-351.3243929693199,-351.3243929693199,-351.3243929693199,0.0,0.0,0.0,21357.094834299976
2021-07-29,21467.70379655621,15680.429309063853,26705.547684259298,21467.70379655621,21467.70379655621,-313.60779084692706,-313.60779084692706,-313.60779084692706,15.713991668887482,15.713991668887482,15.713991668887482,-329.3217825158145,-329.3217825158145,-329.3217825158145,0.0,0.0,0.0,21154.09600570928
2021-07-30,21467.683382137086,15075.20417850601,25527.856012216616,21467.683382137086,21467.683382137086,-1051.8749621954228,-1051.8749621954228,-1051.8749621954228,-747.3336135372701,-747.3336135372701,-747.3336135372701,-304.5413486581525,-304.5413486581525,-304.5413486581525,0.0,0.0,0.0,20415.808419941663
2021-07-31,21467.662967717966,15803.379365523424,26929.547896730222,21467.662967717966,21467.662967717966,74.156667353904,74.156667353904,74.156667353904,351.653042094581,351.653042094581,351.653042094581,-277.496374740677,-277.496374740677,-277.496374740677,0.0,0.0,0.0,21541.81963507187
2021-08-01,21467.642553298843,15541.558140826019,27253.34651907756,21467.642553298843,21467.642553298843,-13.893673941396585,-13.893673941396585,-13.893673941396585,234.81271771573293,234.81271771573293,234.81271771573293,-248.7063916571295,-248.7063916571295,-248.7063916571295,0.0,0.0,0.0,21453.74887935745
2021-08-02,21467.62213887972,15538.4523117953,26737.992453412597,21467.62213887972,21467.62213887972,37.513949248333525,37.513949248333525,37.513949248333525,256.1974819060667,256.1974819060667,256.1974819060667,-218.68353265773317,-218.68353265773317,-218.68353265773317,0.0,0.0,0.0,21505.136088128053
2021-08-03,21467.6017244606,15141.054178199553,26486.26735933463,21467.6017244606,21467.6017244606,-539.6585962331259,-539.6585962331259,-539.6585962331259,-351.7386361398172,-351.7386361398172,-351.7386361398172,-187.9199600933087,-187.9199600933087,-187.9199600933087,0.0,0.0,0.0,20927.943128227475
2021-08-04,21467.581310041474,16143.869181098475,27102.261015733107,21467.581310041474,21467.581310041474,83.81833278341274,83.81833278341274,83.81833278341274,240.6950162936091,240.6950162936091,240.6950162936091,-156.8766835101964,-156.8766835101964,-156.8766835101964,0.0,0.0,0.0,21551.399642824887
2021-08-05,21467.56089562235,15919.59468307406,27207.219665591125,21467.56089562235,21467.56089562235,-110.26004182056674,-110.26004182056674,-110.26004182056674,15.713991666792108,15.713991666792108,15.713991666792108,-125.97403348735885,-125.97403348735885,-125.97403348735885,0.0,0.0,0.0,21357.300853801786
2021-08-06,21467.54048120323,15180.98899999652,26295.25926657119,21467.54048120323,21467.54048120323,-842.9176077858812,-842.9176077858812,-842.9176077858812,-747.3336135375785,-747.3336135375785,-747.3336135375785,-95.58399424830277,-95.58399424830277,-95.58399424830277,0.0,0.0,0.0,20624.622873417346
2021-08-07,21467.52006678411,16198.185088104205,26964.106100739216,21467.52006678411,21467.52006678411,285.6285096879879,285.6285096879879,285.6285096879879,351.65304209608485,351.65304209608485,351.65304209608485,-66.02453240809697,-66.02453240809697,-66.02453240809697,0.0,0.0,0.0,21753.148576472096
2021-08-08,21467.499652364986,16150.356027628544,27139.00246610961,21467.499652364986,21467.499652364986,197.25672631247943,197.25672631247943,197.25672631247943,234.8127177157059,234.8127177157059,234.8127177157059,-37.55599140322651,-37.55599140322651,-37.55599140322651,0.0,0.0,0.0,21664.756378677466
2021-08-09,21467.479237945863,16151.847301625336,27229.514235150087,21467.479237945863,21467.479237945863,245.81792857037922,245.81792857037922,245.81792857037922,256.1974819065245,256.1974819065245,256.1974819065245,-10.379553336145252,-10.379553336145252,-10.379553336145252,0.0,0.0,0.0,21713.297166516244
2021-08-10,21467.458823526744,15874.705112169606,26278.16366741945,21467.458823526744,21467.458823526744,-336.3763404300146,-336.3763404300146,-336.3763404300146,-351.7386361403882,-351.7386361403882,-351.7386361403882,15.362295710373706,15.362295710373706,15.362295710373706,0.0,0.0,0.0,21131.08248309673
2021-08-11,21467.43840910762,15670.12082808147,27483.200399409627,21467.43840910762,21467.43840910762,280.278438692484,280.278438692484,280.278438692484,240.69501629545198,240.69501629545198,240.69501629545198,39.583422397032024,39.583422397032024,39.583422397032024,0.0,0.0,0.0,21747.716847800104
2021-08-12,21467.417994688498,15846.665324539754,27155.18836033228,21467.417994688498,21467.417994688498,77.96399763066793,77.96399763066793,77.96399763066793,15.713991666774486,15.713991666774486,15.713991666774486,62.250005963893436,62.250005963893436,62.250005963893436,0.0,0.0,0.0,21545.381992319166
2021-08-13,21467.397581106048,14715.055856825431,26394.69992300273,21467.397581106048,21467.397581106048,-663.958583271613,-663.958583271613,-663.958583271613,-747.3336135378864,-747.3336135378864,-747.3336135378864,83.37503026627354,83.37503026627354,83.37503026627354,0.0,0.0,0.0,20803.438997834433
2021-08-14,21467.3771675236,16711.336398433286,27609.508478260123,21467.3771675236,21467.3771675236,454.66461825881714,454.66461825881714,454.66461825881714,351.65304209617744,351.65304209617744,351.65304209617744,103.01157616263974,103.01157616263974,103.01157616263974,0.0,0.0,0.0,21922.041785782414
2021-08-15,21467.35675394115,15947.270033144883,27588.497046738703,21467.35675394115,21467.35675394115,356.05792925449055,356.05792925449055,356.05792925449055,234.81271771617003,234.81271771617003,234.81271771617003,121.24521153832055,121.24521153832055,121.24521153832055,0.0,0.0,0.0,21823.41468319564
2021-08-16,21467.336340358703,16016.148726006433,27294.69395586153,21467.336340358703,21467.336340358703,394.383276627015,394.383276627015,394.383276627015,256.19748190698226,256.19748190698226,256.19748190698226,138.1857947200327,138.1857947200327,138.1857947200327,0.0,0.0,0.0,21861.719616985716
2021-08-17,21467.31592677625,15853.951703996547,26986.954986731456,21467.31592677625,21467.31592677625,-197.7796216226413,-197.7796216226413,-197.7796216226413,-351.73863613973714,-351.73863613973714,-351.73863613973714,153.95901451709585,153.95901451709585,153.95901451709585,0.0,0.0,0.0,21269.536305153608
2021-08-18,21467.295513193803,16494.177498263685,27453.382655974234,21467.295513193803,21467.295513193803,409.3930029334036,409.3930029334036,409.3930029334036,240.69501628990267,240.69501628990267,240.69501628990267,168.69798664350097,168.69798664350097,168.69798664350097,0.0,0.0,0.0,21876.688516127208
2021-08-19,21467.275099611357,16097.477187595876,27176.11006530395,21467.275099611357,21467.275099611357,198.2492038358526,198.2492038358526,198.2492038358526,15.713991666756867,15.713991666756867,15.713991666756867,182.53521216909576,182.53521216909576,182.53521216909576,0.0,0.0,0.0,21665.52430344721
2021-08-20,21467.254686028904,15505.404212975629,26104.560882202855,21467.254686028904,21467.254686028904,-551.7384338789852,-551.7384338789852,-551.7384338789852,-747.33361353665,-747.33361353665,-747.33361353665,195.5951796576648,195.5951796576648,195.5951796576648,0.0,0.0,0.0,20915.51625214992
2021-08-21,21467.234272446458,16494.91519958089,27779.396727140993,21467.234272446458,21467.234272446458,559.6409018522639,559.6409018522639,559.6409018522639,351.6530420934644,351.6530420934644,351.6530420934644,207.98785975879952,207.98785975879952,207.98785975879952,0.0,0.0,0.0,22026.875174298722
2021-08-22,21467.21385886401,16305.94012790675,27887.51313151645,21467.21385886401,21467.21385886401,454.61601824063354,454.61601824063354,454.61601824063354,234.81271771586995,234.81271771586995,234.81271771586995,219.80330052476356,219.80330052476356,219.80330052476356,0.0,0.0,0.0,21921.829877104643
2021-08-23,21467.19344528156,16554.357066545144,27935.152117243626,21467.19344528156,21467.19344528156,487.30496703762054,487.30496703762054,487.30496703762054,256.1974819062423,256.1974819062423,256.1974819062423,231.10748513137824,231.10748513137824,231.10748513137824,0.0,0.0,0.0,21954.49841231918
2021-08-24,21467.17303169911,16218.994598512245,26903.027075359903,21467.17303169911,21467.17303169911,-109.79907346566974,-109.79907346566974,-109.79907346566974,-351.7386361390861,-351.7386361390861,-351.7386361390861,241.9395626734164,241.9395626734164,241.9395626734164,0.0,0.0,0.0,21357.37395823344
2021-08-25,21467.152618116663,16767.695695335307,27490.074793553486,21467.152618116663,21467.152618116663,493.00552537789315,493.00552537789315,493.00552537789315,240.69501629174556,240.69501629174556,240.69501629174556,252.31050908614762,252.31050908614762,252.31050908614762,0.0,0.0,0.0,21960.158143494555
2021-08-26,21467.13220453421,15594.450281595153,27752.696725415964,21467.13220453421,21467.13220453421,277.91721254522827,277.91721254522827,277.91721254522827,15.71399166944117,15.71399166944117,15.71399166944117,262.20322087578705,262.20322087578705,262.20322087578705,0.0,0.0,0.0,21745.049417079437
2021-08-27,21467.111790951763,15207.356324545499,27231.550332109156,21467.111790951763,21467.111790951763,-475.759622458387,-475.759622458387,-475.759622458387,-747.3336135354136,-747.3336135354136,-747.3336135354136,271.5739910770266,271.5739910770266,271.5739910770266,0.0,0.0,0.0,20991.352168493377
2021-08-28,21467.091377369317,16497.489255203935,27084.97909689013,21467.091377369317,21467.091377369317,632.0083085926549,632.0083085926549,632.0083085926549,351.6530420942625,351.6530420942625,351.6530420942625,280.35526649839227,280.35526649839227,280.35526649839227,0.0,0.0,0.0,22099.099685961974
2021-08-29,21467.070963786864,16100.92337383925,27436.31793960038,21467.070963786864,21467.070963786864,523.2722572498186,523.2722572498186,523.2722572498186,234.81271771611594,234.81271771611594,234.81271771611594,288.4595395337028,288.4595395337028,288.4595395337028,0.0,0.0,0.0,21990.34322103668
2021-08-30,21467.050550204418,16305.826230265246,27848.707024356103,21467.050550204418,21467.050550204418,551.9816700229949,551.9816700229949,551.9816700229949,256.19748190550223,256.19748190550223,256.19748190550223,295.78418811749265,295.78418811749265,295.78418811749265,0.0,0.0,0.0,22019.03222022741
2021-08-31,21467.03013662197,15497.507912566694,27021.367618596363,21467.03013662197,21467.03013662197,-49.52159108307252,-49.52159108307252,-49.52159108307252,-351.7386361403203,-351.7386361403203,-351.7386361403203,302.21704505724773,302.21704505724773,302.21704505724773,0.0,0.0,0.0,21417.508545538894
2021-09-01,21467.00972303952,16240.915065230818,27673.494920136705,21467.00972303952,21467.00972303952,548.3374703055467,548.3374703055467,548.3374703055467,240.6950162913891,240.6950162913891,240.6950162913891,307.6424540141575,307.6424540141575,307.6424540141575,0.0,0.0,0.0,22015.347193345064
2021-09-02,21466.98930945707,16293.240537389818,27676.82264658972,21466.98930945707,21466.98930945707,327.6615462093001,327.6615462093001,327.6615462093001,15.71399166734581,15.71399166734581,15.71399166734581,311.9475545419543,311.9475545419543,311.9475545419543,0.0,0.0,0.0,21794.65085566637
2021-09-03,21466.968895874623,15419.060755050263,26662.129162064277,21466.968895874623,21466.968895874623,-432.30508028494285,-432.30508028494285,-432.30508028494285,-747.3336135357218,-747.3336135357218,-747.3336135357218,315.02853325077893,315.02853325077893,315.02853325077893,0.0,0.0,0.0,21034.66381558968
2021-09-04,21466.948482292177,16183.94163634262,28228.158744977674,21466.948482292177,21466.948482292177,668.4496245212001,668.4496245212001,668.4496245212001,351.6530420950607,351.6530420950607,351.6530420950607,316.7965824261394,316.7965824261394,316.7965824261394,0.0,0.0,0.0,22135.398106813376
2021-09-05,21466.928068709723,16547.449015427974,27331.838750900788,21466.928068709723,21466.928068709723,551.9960387796252,551.9960387796252,551.9960387796252,234.81271771581592,234.81271771581592,234.81271771581592,317.18332106380933,317.18332106380933,317.18332106380933,0.0,0.0,0.0,22018.924107489347
2021-09-06,21466.907655127277,16546.798163140356,27549.747600346127,21466.907655127277,21466.907655127277,572.3429376273128,572.3429376273128,572.3429376273128,256.19748190733617,256.19748190733617,256.19748190733617,316.14545571997684,316.14545571997684,316.14545571997684,0.0,0.0,0.0,22039.25059275459
2021-09-07,21466.887241544828,15794.649599987924,26649.60927531662,21466.887241544828,21466.887241544828,-38.07014715117511,-38.07014715117511,-38.07014715117511,-351.7386361415544,-351.7386361415544,-351.7386361415544,313.66848899037933,313.66848899037933,313.66848899037933,0.0,0.0,0.0,21428.817094393653
2021-09-08,21466.866827962378,16158.371353520733,27529.805861111006,21466.866827962378,21466.866827962378,550.4643369743425,550.4643369743425,550.4643369743425,240.695016293232,240.695016293232,240.695016293232,309.76932068111046,309.76932068111046,309.76932068111046,0.0,0.0,0.0,22017.33116493672
2021-09-09,21466.84641437993,16356.811928027366,27583.080091778756,21466.84641437993,21466.84641437993,320.21162117088045,320.21162117088045,320.21162117088045,15.713991669405946,15.713991669405946,15.713991669405946,304.49762950147453,304.49762950147453,304.49762950147453,0.0,0.0,0.0,21787.05803555081
2021-09-10,21466.826000797482,15686.734399656427,26490.82550102949,21466.826000797482,21466.826000797482,-449.3976436856741,-449.3976436856741,-449.3976436856741,-747.33361353603,-747.33361353603,-747.33361353603,297.93596985035595,297.93596985035595,297.93596985035595,0.0,0.0,0.0,21017.428357111807
2021-09-11,21466.80558721503,16368.232893945755,27827.127772816963,21466.80558721503,21466.80558721503,641.8516094261593,641.8516094261593,641.8516094261593,351.65304209234773,351.65304209234773,351.65304209234773,290.19856733381164,290.19856733381164,290.19856733381164,0.0,0.0,0.0,22108.657196641187
2021-09-12,21466.785173632583,16502.28815699467,27528.412978060496,21466.785173632583,21466.785173632583,516.2415640261797,516.2415640261797,516.2415640261797,234.81271771578886,234.81271771578886,234.81271771578886,281.42884631039084,281.42884631039084,281.42884631039084,0.0,0.0,0.0,21983.02673765876
2021-09-13,21466.764760050137,16550.229117183222,27379.03237842264,21466.764760050137,21466.764760050137,527.9932531691054,527.9932531691054,527.9932531691054,256.1974819077939,256.1974819077939,256.1974819077939,271.79577126131153,271.79577126131153,271.79577126131153,0.0,0.0,0.0,21994.75801321924
2021-09-14,21466.744346467683,15775.137327329167,27002.78709708231,21466.744346467683,21466.744346467683,-90.24950673040644,-90.24950673040644,-90.24950673040644,-351.73863614024026,-351.73863614024026,-351.73863614024026,261.4891294098338,261.4891294098338,261.4891294098338,0.0,0.0,0.0,21376.494839737275
2021-09-15,21466.723932885237,16141.018973546723,27805.742003324216,21466.723932885237,21466.723932885237,491.40893945748365,491.40893945748365,491.40893945748365,240.69501629287558,240.69501629287558,240.69501629287558,250.71392316460805,250.71392316460805,250.71392316460805,0.0,0.0,0.0,21958.13287234272
2021-09-16,21466.703519302788,16146.080102909387,27388.26475774733,21466.703519302788,21466.703519302788,255.39806783021913,255.39806783021913,255.39806783021913,15.71399166731057,15.71399166731057,15.71399166731057,239.68407616290855,239.68407616290855,239.68407616290855,0.0,0.0,0.0,21722.101587133006
2021-09-17,21466.683105720338,15220.527906372698,27062.071459417344,21466.683105720338,21466.683105720338,-518.7179288476078,-518.7179288476078,-518.7179288476078,-747.3336135365774,-747.3336135365774,-747.3336135365774,228.61568468896968,228.61568468896968,228.61568468896968,0.0,0.0,0.0,20947.96517687273
2021-09-18,21466.66269213789,16072.099705202836,27559.554694622195,21466.66269213789,21466.66269213789,569.3731081023764,569.3731081023764,569.3731081023764,351.6530420931459,351.6530420931459,351.6530420931459,217.7200660092305,217.7200660092305,217.7200660092305,0.0,0.0,0.0,22036.035800240265
2021-09-19,21466.642278555442,16128.57612521382,27299.526569956783,21466.642278555442,21466.642278555442,442.00958368245614,442.00958368245614,442.00958368245614,234.8127177154888,234.8127177154888,234.8127177154888,207.1968659669673,207.1968659669673,207.1968659669673,0.0,0.0,0.0,21908.651862237897
2021-09-20,21466.62186497299,16481.529683842145,27370.861925653673,21466.62186497299,21466.62186497299,453.424971475262,453.424971475262,453.424971475262,256.1974819058561,256.1974819058561,256.1974819058561,197.22748956940595,197.22748956940595,197.22748956940595,0.0,0.0,0.0,21920.04683644825
2021-09-21,21466.601451390543,15549.64670290746,26685.44775235303,21466.601451390543,21466.601451390543,-163.76952598936333,-163.76952598936333,-163.76952598936333,-351.7386361377041,-351.7386361377041,-351.7386361377041,187.96911014834072,187.96911014834072,187.96911014834072,0.0,0.0,0.0,21302.83192540118
2021-09-22,21466.581037808097,16542.577151910795,27453.18037640592,21466.581037808097,21466.581037808097,420.24451149155175,420.24451149155175,420.24451149155175,240.69501629172484,240.69501629172484,240.69501629172484,179.54949519982688,179.54949519982688,179.54949519982688,0.0,0.0,0.0,21886.825549299647
2021-09-23,21466.560624225644,15857.756856112663,27406.551627506935,21466.560624225644,21466.560624225644,187.77685237769276,187.77685237769276,187.77685237769276,15.71399166729295,15.71399166729295,15.71399166729295,172.0628607103998,172.0628607103998,172.0628607103998,0.0,0.0,0.0,21654.337476603338
2021-09-24,21466.540210643197,15254.436819147171,26083.38418667843,21466.540210643197,21466.540210643197,-581.7666820444483,-581.7666820444483,-581.7666820444483,-747.3336135353408,-747.3336135353408,-747.3336135353408,165.56693149089256,165.56693149089256,165.56693149089256,0.0,0.0,0.0,20884.77352859875
2021-09-25,21466.519797060748,16075.63282670295,27351.303906682795,21466.519797060748,21466.519797060748,511.73438595333266,511.73438595333266,511.73438595333266,351.65304209323847,351.65304209323847,351.65304209323847,160.08134386009425,160.08134386009425,160.08134386009425,0.0,0.0,0.0,21978.25418301408
2021-09-26,21466.4993834783,16457.05250942936,27533.450623575336,21466.4993834783,21466.4993834783,390.4001980067569,390.4001980067569,390.4001980067569,234.81271771546182,234.81271771546182,234.81271771546182,155.58748029129507,155.58748029129507,155.58748029129507,0.0,0.0,0.0,21856.899581485057
2021-09-27,21466.47896989585,15871.291742408259,27219.819711641125,21466.47896989585,21466.47896989585,408.22725681219777,408.22725681219777,408.22725681219777,256.1974819063139,256.1974819063139,256.1974819063139,152.0297749058838,152.0297749058838,152.0297749058838,0.0,0.0,0.0,21874.706226708047
2021-09-28,21466.458556313402,15463.863685636616,27115.892337058012,21466.458556313402,21466.458556313402,-202.42016048082166,-202.42016048082166,-202.42016048082166,-351.7386361389382,-351.7386361389382,-351.7386361389382,149.31847565811654,149.31847565811654,149.31847565811654,0.0,0.0,0.0,21264.03839583258
2021-09-29,21466.438142730956,16639.056173839595,27465.44374169321,21466.438142730956,21466.438142730956,388.02881179361077,388.02881179361077,388.02881179361077,240.69501629136843,240.69501629136843,240.69501629136843,147.33379550224234,147.33379550224234,147.33379550224234,0.0,0.0,0.0,21854.466954524567
2021-09-30,21466.417729148503,15801.330982933921,27488.597995454376,21466.417729148503,21466.417729148503,161.64532426611734,161.64532426611734,161.64532426611734,15.713991665197591,15.713991665197591,15.713991665197591,145.93133260091977,145.93133260091977,145.93133260091977,0.0,0.0,0.0,21628.063053414622
2021-10-01,21466.397315566057,15710.756345530257,26386.335320642702,21466.397315566057,21466.397315566057,-602.3850230134469,-602.3850230134469,-602.3850230134469,-747.3336135371937,-747.3336135371937,-747.3336135371937,144.94859052374687,144.94859052374687,144.94859052374687,0.0,0.0,0.0,20864.01229255261
2021-10-02,21466.376901983607,16419.075699515583,27591.70126333725,21466.376901983607,21466.376901983607,495.8654272372998,495.8654272372998,495.8654272372998,351.65304209474226,351.65304209474226,351.65304209474226,144.21238514255754,144.21238514255754,144.21238514255754,0.0,0.0,0.0,21962.242329220906
2021-10-03,21466.356488401158,16596.39365482275,27456.705891943835,21466.356488401158,21466.356488401158,378.3596048521662,378.3596048521662,378.3596048521662,234.81271771592586,234.81271771592586,234.81271771592586,143.54688713624037,143.54688713624037,143.54688713624037,0.0,0.0,0.0,21844.716093253322
2021-10-04,21466.336074818708,16419.43909441486,27774.31598007567,21466.336074818708,21466.336074818708,398.97950098322775,398.97950098322775,398.97950098322775,256.19748190557385,256.19748190557385,256.19748190557385,142.7820190776539,142.7820190776539,142.7820190776539,0.0,0.0,0.0,21865.315575801935
2021-10-05,21466.31566123626,15949.239546240326,27182.39445754188,21466.31566123626,21466.31566123626,-209.97673098308402,-209.97673098308402,-209.97673098308402,-351.73863614017233,-351.73863614017233,-351.73863614017233,141.76190515708834,141.76190515708834,141.76190515708834,0.0,0.0,0.0,21256.33893025318
2021-10-06,21466.29524765381,16551.71642521308,27169.372569916308,21466.29524765381,21466.29524765381,381.0480768706849,381.0480768706849,381.0480768706849,240.69501629321132,240.69501629321132,240.69501629321132,140.35306057747357,140.35306057747357,140.35306057747357,0.0,0.0,0.0,21847.343324524492
2021-10-07,21466.274834071362,15573.458240388174,27248.36943311801,21466.274834071362,21466.274834071362,154.16599876707343,154.16599876707343,154.16599876707343,15.71399166517997,15.71399166517997,15.71399166517997,138.45200710189346,138.45200710189346,138.45200710189346,0.0,0.0,0.0,21620.440832838434
2021-10-08,21466.254420488916,15404.538176368704,26181.14778052435,21466.254420488916,21466.254420488916,-611.3416021334821,-611.3416021334821,-611.3416021334821,-747.3336135361966,-747.3336135361966,-747.3336135361966,135.9920114027145,135.9920114027145,135.9920114027145,0.0,0.0,0.0,20854.912818355435
2021-10-09,21466.234006906463,16246.27239611475,27780.112786814003,21466.234006906463,21466.234006906463,484.6017057035881,484.6017057035881,484.6017057035881,351.6530420948348,351.6530420948348,351.6530420948348,132.94866360875335,132.94866360875335,132.94866360875335,0.0,0.0,0.0,21950.835712610053
2021-10-10,21466.213593324017,16193.186826622452,27226.21647247853,21466.213593324017,21466.213593324017,364.1567620707972,364.1567620707972,364.1567620707972,234.81271771589886,234.81271771589886,234.81271771589886,129.3440443548984,129.3440443548984,129.3440443548984,0.0,0.0,0.0,21830.370355394814
2021-10-11,21466.193179741567,16047.843524778687,27714.20732419197,21466.193179741567,21466.193179741567,381.44675078638386,381.44675078638386,381.44675078638386,256.19748190740773,256.19748190740773,256.19748190740773,125.24926887897615,125.24926887897615,125.24926887897615,0.0,0.0,0.0,21847.639930527952
2021-10-12,21466.172766159118,15700.049303022259,27012.522236452925,21466.172766159118,21466.172766159118,-230.95339094718148,-230.95339094718148,-230.95339094718148,-351.73863613952125,-351.73863613952125,-351.73863613952125,120.78524519233981,120.78524519233981,120.78524519233981,0.0,0.0,0.0,21235.219375211935
2021-10-13,21466.152352576668,16360.245896150353,27476.672290047245,21466.152352576668,21466.152352576668,356.81655495915936,356.81655495915936,356.81655495915936,240.69501629065562,240.69501629065562,240.69501629065562,116.12153866850375,116.12153866850375,116.12153866850375,0.0,0.0,0.0,21822.968907535826
2021-10-14,21466.131938994222,15818.819239666025,27673.60403123174,21466.131938994222,21466.131938994222,127.18728756924057,127.18728756924057,127.18728756924057,15.713991667864274,15.713991667864274,15.713991667864274,111.47329590137629,111.47329590137629,111.47329590137629,0.0,0.0,0.0,21593.31922656346
2021-10-15,21466.111525411776,14950.168553651809,26431.153921637888,21466.111525411776,21466.111525411776,-640.2373689899341,-640.2373689899341,-640.2373689899341,-747.3336135380493,-747.3336135380493,-747.3336135380493,107.0962445481154,107.0962445481154,107.0962445481154,0.0,0.0,0.0,20825.874156421844
2021-10-16,21466.091111829322,16592.360096307242,27820.447874894024,21466.091111829322,21466.091111829322,454.93289319542976,454.93289319542976,454.93289319542976,351.6530420949273,351.6530420949273,351.6530420949273,103.27985110050251,103.27985110050251,103.27985110050251,0.0,0.0,0.0,21921.024005024752
2021-10-17,21466.070699397547,16354.387176677401,27452.907833836496,21466.070699397547,21466.070699397547,335.1515007734125,335.1515007734125,335.1515007734125,234.81271771559886,234.81271771559886,234.81271771559886,100.33878305781366,100.33878305781366,100.33878305781366,0.0,0.0,0.0,21801.22220017096
2021-10-18,21466.050286965765,16263.686836964125,27782.091279218377,21466.050286965765,21466.050286965765,354.8003656360988,354.8003656360988,354.8003656360988,256.19748190666775,256.19748190666775,256.19748190666775,98.60288372943107,98.60288372943107,98.60288372943107,0.0,0.0,0.0,21820.850652601865
2021-10-19,21466.02987453399,15683.821556290777,26746.971532049272,21466.02987453399,21466.02987453399,-253.33271131698118,-253.33271131698118,-253.33271131698118,-351.73863614197757,-351.73863614197757,-351.73863614197757,98.40592482499642,98.40592482499642,98.40592482499642,0.0,0.0,0.0,21212.69716321701
2021-10-20,21466.009462102207,16644.694000026793,27775.728559935247,21466.009462102207,21466.009462102207,340.7684684771519,340.7684684771519,340.7684684771519,240.69501629249845,240.69501629249845,240.69501629249845,100.07345218465339,100.07345218465339,100.07345218465339,0.0,0.0,0.0,21806.77793057936
2021-10-21,21465.989049670432,16072.414734265221,27357.213815255487,21465.989049670432,21465.989049670432,119.62407336253717,119.62407336253717,119.62407336253717,15.713991667846653,15.713991667846653,15.713991667846653,103.91008169469052,103.91008169469052,103.91008169469052,0.0,0.0,0.0,21585.61312303297
2021-10-22,21465.96863723865,15152.326192576076,26373.065739076046,21465.96863723865,21465.96863723865,-637.1469794221907,-637.1469794221907,-637.1469794221907,-747.3336135368129,-747.3336135368129,-747.3336135368129,110.18663411462225,110.18663411462225,110.18663411462225,0.0,0.0,0.0,20828.821657816457
2021-10-23,21465.948224806874,16646.394386926044,27341.834522410853,21465.948224806874,21465.948224806874,470.7805600599579,470.7805600599579,470.7805600599579,351.65304209572537,351.65304209572537,351.65304209572537,119.12751796423244,119.12751796423244,119.12751796423244,0.0,0.0,0.0,21936.72878486683
2021-10-24,21465.927812375092,16483.523564702868,27481.79624113882,21465.927812375092,21465.927812375092,365.7114955778284,365.7114955778284,365.7114955778284,234.8127177158448,234.8127177158448,234.8127177158448,130.89877786198358,130.89877786198358,130.89877786198358,0.0,0.0,0.0,21831.63930795292
2021-10-25,21465.907399943317,16344.794226522557,27193.129070604024,21465.907399943317,21465.907399943317,401.7947031270564,401.7947031270564,401.7947031270564,256.1974819059277,256.1974819059277,256.1974819059277,145.59722122112865,145.59722122112865,145.59722122112865,0.0,0.0,0.0,21867.702103070373
2021-10-26,21465.886987511534,15503.15932420594,26644.859415653962,21465.886987511534,21465.886987511534,-188.49761733174225,-188.49761733174225,-188.49761733174225,-351.73863613944127,-351.73863613944127,-351.73863613944127,163.24101880769902,163.24101880769902,163.24101880769902,0.0,0.0,0.0,21277.389370179793
2021-10-27,21465.86657507976,16508.381624576094,27754.430272957008,21465.86657507976,21465.86657507976,424.4571608536043,424.4571608536043,424.4571608536043,240.69501629434137,240.69501629434137,240.69501629434137,183.76214455926296,183.76214455926296,183.76214455926296,0.0,0.0,0.0,21890.32373593336
2021-10-28,21465.846162647977,16093.835634506682,27412.2524688664,21465.846162647977,21465.846162647977,222.71496954062596,222.71496954062596,222.71496954062596,15.713991667829033,15.713991667829033,15.713991667829033,207.00097787279694,207.00097787279694,207.00097787279694,0.0,0.0,0.0,21688.561132188603
2021-10-29,21465.8257502162,15247.39183687266,26383.304280523273,21465.8257502162,21465.8257502162,-514.6302752868355,-514.6302752868355,-514.6302752868355,-747.3336135371212,-747.3336135371212,-747.3336135371212,232.70333825028555,232.70333825028555,232.70333825028555,0.0,0.0,0.0,20951.195474929365
2021-10-30,21465.80533778442,16518.457787785497,27727.13040367825,21465.80533778442,21465.80533778442,612.1732012160212,612.1732012160212,612.1732012160212,351.6530420923068,351.6530420923068,351.6530420923068,260.5201591237144,260.5201591237144,260.5201591237144,0.0,0.0,0.0,22077.97853900044
2021-10-31,21465.78492535264,15973.150274428603,27200.890576646772,21465.78492535264,21465.78492535264,524.8226541999086,524.8226541999086,524.8226541999086,234.81271771554475,234.81271771554475,234.81271771554475,290.0099364843638,290.0099364843638,290.0099364843638,0.0,0.0,0.0,21990.60757955255
2021-11-01,21465.76451292086,16340.079172414997,27922.326533022915,21465.76451292086,21465.76451292086,576.8414924995171,576.8414924995171,576.8414924995171,256.1974819051877,256.1974819051877,256.1974819051877,320.64401059432936,320.64401059432936,320.64401059432936,0.0,0.0,0.0,22042.606005420377
2021-11-02,21465.744100489082,16123.967381287743,27103.228281181604,21465.744100489082,21465.744100489082,0.07602154564818125,0.07602154564818125,0.07602154564818125,-351.73863614067545,-351.73863614067545,-351.73863614067545,351.81465768632364,351.81465768632364,351.81465768632364,0.0,0.0,0.0,21465.82012203473
2021-11-03,21465.723688057304,16365.91454483243,27811.26418873782,21465.723688057304,21465.723688057304,623.5409018088308,623.5409018088308,623.5409018088308,240.69501629398493,240.69501629398493,240.69501629398493,382.8458855148458,382.8458855148458,382.8458855148458,0.0,0.0,0.0,22089.264589866136
2021-11-04,21465.703275625525,16029.851046381214,27400.23924030634,21465.703275625525,21465.703275625525,428.7207359690812,428.7207359690812,428.7207359690812,15.713991670513353,15.713991670513353,15.713991670513353,413.0067442985678,413.0067442985678,413.0067442985678,0.0,0.0,0.0,21894.424011594605
2021-11-05,21465.682863193746,15174.951742299925,26606.86553421928,21465.682863193746,21465.682863193746,-305.8067280873161,-305.8067280873161,-305.8067280873161,-747.3336135374293,-747.3336135374293,-747.3336135374293,441.5268854501132,441.5268854501132,441.5268854501132,0.0,0.0,0.0,21159.87613510643
2021-11-06,21465.662450761967,16680.263872144922,28123.053224908635,21465.662450761967,21465.662450761967,819.2670689944542,819.2670689944542,819.2670689944542,351.6530420938106,351.6530420938106,351.6530420938106,467.6140269006437,467.6140269006437,467.6140269006437,0.0,0.0,0.0,22284.92951975642
2021-11-07,21465.64203833019,16576.649887600568,27602.901450311532,21465.64203833019,21465.64203833019,725.2856358006303,725.2856358006303,725.2856358006303,234.81271771524467,234.81271771524467,234.81271771524467,490.4729180853857,490.4729180853857,490.4729180853857,0.0,0.0,0.0,22190.92767413082
2021-11-08,21465.62162589841,16530.413454279216,27858.834904921987,21465.62162589841,21465.62162589841,765.5228237256739,765.5228237256739,765.5228237256739,256.19748190564553,256.19748190564553,256.19748190564553,509.3253418200283,509.3253418200283,509.3253418200283,0.0,0.0,0.0,22231.144449624084
2021-11-09,21465.60121346663,15762.975631077132,27338.043603014983,21465.60121346663,21465.60121346663,171.69201008512016,171.69201008512016,171.69201008512016,-351.73863614002437,-351.73863614002437,-351.73863614002437,523.4306462251446,523.4306462251446,523.4306462251446,0.0,0.0,0.0,21637.29322355175
2021-11-10,21465.580801034852,16688.18174460765,27975.29300986473,21465.580801034852,21465.580801034852,772.801285336647,772.801285336647,772.801285336647,240.6950162950335,240.6950162950335,240.6950162950335,532.1062690416136,532.1062690416136,532.1062690416136,0.0,0.0,0.0,22238.382086371497
2021-11-11,21465.560388603073,16433.979488095705,27913.478534036745,21465.560388603073,21465.560388603073,550.4616919730154,550.4616919730154,550.4616919730154,15.713991668417993,15.713991668417993,15.713991668417993,534.7477003045974,534.7477003045974,534.7477003045974,0.0,0.0,0.0,22016.022080576087
2021-11-12,21465.539976171294,15565.336760153858,27006.741679023602,21465.539976171294,21465.539976171294,-216.4862853845193,-216.4862853845193,-216.4862853845193,-747.3336135377374,-747.3336135377374,-747.3336135377374,530.8473281532182,530.8473281532182,530.8473281532182,0.0,0.0,0.0,21249.053690786775
2021-11-13,21465.519563739515,16899.01574943793,28163.163948265068,21465.519563739515,21465.519563739515,871.6646689908699,871.6646689908699,871.6646689908699,351.6530420939031,351.6530420939031,351.6530420939031,520.0116268969668,520.0116268969668,520.0116268969668,0.0,0.0,0.0,22337.184232730386
2021-11-14,21465.499151307737,16663.225621326117,27588.555029527943,21465.499151307737,21465.499151307737,736.7888939411799,736.7888939411799,736.7888939411799,234.81271771598188,234.81271771598188,234.81271771598188,501.9761762251981,501.9761762251981,501.9761762251981,0.0,0.0,0.0,22202.288045248915
2021-11-15,21465.478738875958,16530.9786710184,27401.523998222896,21465.478738875958,21465.478738875958,732.8155269857056,732.8155269857056,732.8155269857056,256.1974819074793,256.1974819074793,256.1974819074793,476.61804507822626,476.61804507822626,476.61804507822626,0.0,0.0,0.0,22198.294265861663
2021-11-16,21465.45832644418,15660.487162969866,26891.855688419866,21465.45832644418,21465.45832644418,92.22649609384227,92.22649609384227,92.22649609384227,-351.7386361393734,-351.7386361393734,-351.7386361393734,443.9651322332157,443.9651322332157,443.9651322332157,0.0,0.0,0.0,21557.68482253802
2021-11-17,21465.437914012397,16152.047221480112,27841.366775547725,21465.437914012397,21465.437914012397,644.8971429606188,644.8971429606188,644.8971429606188,240.69501629247782,240.69501629247782,240.69501629247782,404.20212666814086,404.20212666814086,404.20212666814086,0.0,0.0,0.0,22110.335056973014
2021-11-18,21465.41750158062,16217.004832824514,27706.745835993217,21465.41750158062,21465.41750158062,373.38682418919433,373.38682418919433,373.38682418919433,15.713991670478094,15.713991670478094,15.713991670478094,357.67283251871623,357.67283251871623,357.67283251871623,0.0,0.0,0.0,21838.804325769815
2021-11-19,21465.39708914884,15305.48289686349,26434.350595194624,21465.39708914884,21465.39708914884,-442.45491974145733,-442.45491974145733,-442.45491974145733,-747.333613536501,-747.333613536501,-747.333613536501,304.8786937950437,304.8786937950437,304.8786937950437,0.0,0.0,0.0,21022.942169407383
2021-11-20,21465.376676717064,16284.693752487246,27702.824845848234,21465.376676717064,21465.376676717064,598.1264927410263,598.1264927410263,598.1264927410263,351.6530420947013,351.6530420947013,351.6530420947013,246.47345064632506,246.47345064632506,246.47345064632506,0.0,0.0,0.0,22063.50316945809
2021-11-21,21465.35626428528,16343.98709446401,27576.750303749715,21465.35626428528,21465.35626428528,418.06667693916415,418.06667693916415,418.06667693916415,234.8127177156818,234.8127177156818,234.8127177156818,183.25395922348224,183.25395922348224,183.25395922348224,0.0,0.0,0.0,21883.422941224446
2021-11-22,21465.335851853506,16455.777229005907,27630.321518155248,21465.335851853506,21465.335851853506,372.3447903268347,372.3447903268347,372.3447903268347,256.19748190793706,256.19748190793706,256.19748190793706,116.14730841889757,116.14730841889757,116.14730841889757,0.0,0.0,0.0,21837.68064218034
2021-11-23,21465.315439421724,15414.712608367767,26733.13094720075,21465.315439421724,21465.315439421724,-305.5441699960177,-305.5441699960177,-305.5441699960177,-351.7386361387223,-351.7386361387223,-351.7386361387223,46.19446614270468,46.19446614270468,46.19446614270468,0.0,0.0,0.0,21159.771269425706
2021-11-24,21465.29502698995,15487.046223605954,27442.84880006673,21465.29502698995,21465.29502698995,215.22579888042654,215.22579888042654,215.22579888042654,240.69501629432054,240.69501629432054,240.69501629432054,-25.469217413894015,-25.469217413894015,-25.469217413894015,0.0,0.0,0.0,21680.520825870375
2021-11-25,21465.274614558166,15911.573666221619,26626.56028556369,21465.274614558166,21465.274614558166,-81.92224287938551,-81.92224287938551,-81.92224287938551,15.713991668382736,15.713991668382736,15.713991668382736,-97.63623454776824,-97.63623454776824,-97.63623454776824,0.0,0.0,0.0,21383.352371678782
2021-11-26,21465.25420212639,14626.449125731799,26134.298167938327,21465.25420212639,21465.25420212639,-916.3849936202706,-916.3849936202706,-916.3849936202706,-747.3336135370483,-747.3336135370483,-747.3336135370483,-169.0513800832223,-169.0513800832223,-169.0513800832223,0.0,0.0,0.0,20548.86920850612
2021-11-27,21465.23378969461,15821.92883634941,26997.909914728683,21465.23378969461,21465.23378969461,113.2151539568799,113.2151539568799,113.2151539568799,351.6530420954995,351.6530420954995,351.6530420954995,-238.43788813861954,-238.43788813861954,-238.43788813861954,0.0,0.0,0.0,21578.44894365149
2021-11-28,21465.213377262833,15820.264405440783,26826.599845446483,21465.213377262833,21465.213377262833,-69.7119175046505,-69.7119175046505,-69.7119175046505,234.81271771592782,234.81271771592782,234.81271771592782,-304.5246352205783,-304.5246352205783,-304.5246352205783,0.0,0.0,0.0,21395.501459758183
2021-11-29,21465.19296483105,15340.357357429073,26791.639953121066,21465.19296483105,21465.19296483105,-109.8762809832715,-109.8762809832715,-109.8762809832715,256.19748190599927,256.19748190599927,256.19748190599927,-366.07376288927077,-366.07376288927077,-366.07376288927077,0.0,0.0,0.0,21355.316683847777
2021-11-30,21465.172552399275,14841.188653182271,26261.392158623312,21465.172552399275,21465.172552399275,-773.6466896576298,-773.6466896576298,-773.6466896576298,-351.73863613995644,-351.73863613995644,-351.73863613995644,-421.9080535176734,-421.9080535176734,-421.9080535176734,0.0,0.0,0.0,20691.525862741644
2021-12-01,21465.152139967493,15719.929572854562,27024.294790608154,21465.152139967493,21465.152139967493,-230.2423740064105,-230.2423740064105,-230.2423740064105,240.69501629097059,240.69501629097059,240.69501629097059,-470.93739029738106,-470.93739029738106,-470.93739029738106,0.0,0.0,0.0,21234.90976596108
2021-12-02,21465.131727535714,14932.790136797721,26309.340646408076,21465.131727535714,21465.131727535714,-496.46965616346586,-496.46965616346586,-496.46965616346586,15.713991666287377,15.713991666287377,15.713991666287377,-512.1836478297532,-512.1836478297532,-512.1836478297532,0.0,0.0,0.0,20968.662071372248
2021-12-03,21465.111315103935,14563.726185193203,25935.365580870908,21465.111315103935,21465.111315103935,-1292.1370056677142,-1292.1370056677142,-1292.1370056677142,-747.333613535812,-747.333613535812,-747.333613535812,-544.8033921319022,-544.8033921319022,-544.8033921319022,0.0,0.0,0.0,20172.97430943622
2021-12-04,21465.090902672157,15648.451231549952,26699.784817307827,21465.090902672157,21465.090902672157,-216.45477584485417,-216.45477584485417,-216.45477584485417,351.65304209629767,351.65304209629767,351.65304209629767,-568.1078179411518,-568.1078179411518,-568.1078179411518,0.0,0.0,0.0,21248.636126827303
2021-12-05,21465.070490240378,15650.120129306386,26369.712364557436,21465.070490240378,21465.070490240378,-346.76669789774525,-346.76669789774525,-346.76669789774525,234.81271771562774,234.81271771562774,234.81271771562774,-581.579415613373,-581.579415613373,-581.579415613373,0.0,0.0,0.0,21118.30379234263
2021-12-06,21465.0500778086,15864.293520499223,26565.812935750066,21465.0500778086,21465.0500778086,-328.6874561414289,-328.6874561414289,-328.6874561414289,256.1974819064571,256.1974819064571,256.1974819064571,-584.884938047886,-584.884938047886,-584.884938047886,0.0,0.0,0.0,21136.36262166717
2021-12-07,21465.029665376824,14822.573326483078,25931.356939643247,21465.029665376824,21465.029665376824,-929.6229640527107,-929.6229640527107,-929.6229640527107,-351.7386361405275,-351.7386361405275,-351.7386361405275,-577.8843279121832,-577.8843279121832,-577.8843279121832,0.0,0.0,0.0,20535.406701324115
2021-12-08,21465.00925294504,15361.273333257455,26345.9336576808,21465.00925294504,21465.00925294504,-319.9403483435711,-319.9403483435711,-319.9403483435711,240.69501629281345,240.69501629281345,240.69501629281345,-560.6353646363845,-560.6353646363845,-560.6353646363845,0.0,0.0,0.0,21145.06890460147
2021-12-09,21464.988840513266,15664.152848407553,26681.885698302918,21464.988840513266,21464.988840513266,-517.6799048999904,-517.6799048999904,-517.6799048999904,15.713991668347512,15.713991668347512,15.713991668347512,-533.3938965683378,-533.3938965683378,-533.3938965683378,0.0,0.0,0.0,20947.308935613277
2021-12-10,21464.968428081484,14782.10516530399,25720.491918346117,21464.968428081484,21464.968428081484,-1243.943247059485,-1243.943247059485,-1243.943247059485,-747.3336135376649,-747.3336135376649,-747.3336135376649,-496.6096335218202,-496.6096335218202,-496.6096335218202,0.0,0.0,0.0,20221.025181022
2021-12-11,21464.94801564971,16339.438075324031,27033.70916286533,21464.94801564971,21464.94801564971,-99.264543675305,-99.264543675305,-99.264543675305,351.65304209358465,351.65304209358465,351.65304209358465,-450.91758576888964,-450.91758576888964,-450.91758576888964,0.0,0.0,0.0,21365.683471974404
2021-12-12,21464.927603217926,15831.521131249394,26502.302637247172,21464.927603217926,21464.927603217926,-162.31262664073842,-162.31262664073842,-162.31262664073842,234.81271771609192,234.81271771609192,234.81271771609192,-397.12534435683034,-397.12534435683034,-397.12534435683034,0.0,0.0,0.0,21302.614976577188
2021-12-13,21464.90719078615,15669.058274157685,27005.756907224473,21464.90719078615,21464.90719078615,-79.99901964846642,-79.99901964846642,-79.99901964846642,256.19748190691485,256.19748190691485,256.19748190691485,-336.1965015553812,-336.1965015553812,-336.1965015553812,0.0,0.0,0.0,21384.908171137686
2021-12-14,21464.88677835437,15429.391222466124,26251.277299758665,21464.88677835437,21464.88677835437,-620.9692425965904,-620.9692425965904,-620.9692425965904,-351.73863614176173,-351.73863614176173,-351.73863614176173,-269.23060645482883,-269.23060645482883,-269.23060645482883,0.0,0.0,0.0,20843.917535757777
2021-12-15,21464.866365922593,16235.587685450851,27338.423856345544,21464.866365922593,21464.866365922593,43.25487962482892,43.25487962482892,43.25487962482892,240.695016292457,240.695016292457,240.695016292457,-197.4401366676281,-197.4401366676281,-197.4401366676281,0.0,0.0,0.0,21508.121245547423
2021-12-16,21464.84595349081,15764.772340255935,26778.661971381614,21464.84595349081,21464.84595349081,-106.41104876532376,-106.41104876532376,-106.41104876532376,15.713991666252136,15.713991666252136,15.713991666252136,-122.1250404315759,-122.1250404315759,-122.1250404315759,0.0,0.0,0.0,21358.434904725487
2021-12-17,21464.82554105903,14874.153417731788,26262.094372328844,21464.82554105903,21464.82554105903,-791.9790757386573,-791.9790757386573,-791.9790757386573,-747.3336135364283,-747.3336135364283,-747.3336135364283,-44.64546220222915,-44.64546220222915,-44.64546220222915,0.0,0.0,0.0,20672.84646532037
2021-12-18,21464.805128627253,16614.972431365015,27157.243405685735,21464.805128627253,21464.805128627253,385.2597345843423,385.2597345843423,385.2597345843423,351.6530420943828,351.6530420943828,351.6530420943828,33.60669248995952,33.60669248995952,33.60669248995952,0.0,0.0,0.0,21850.064863211595
2021-12-19,21464.78471619547,16525.947673663413,27312.267350138765,21464.78471619547,21464.78471619547,346.0493893920756,346.0493893920756,346.0493893920756,234.81271771579176,234.81271771579176,234.81271771579176,111.23667167628385,111.23667167628385,111.23667167628385,0.0,0.0,0.0,21810.834105587546
2021-12-20,21464.764303763695,16249.779437503661,27489.205953227094,21464.764303763695,21464.764303763695,443.07306412632545,443.07306412632545,443.07306412632545,256.1974819049771,256.1974819049771,256.1974819049771,186.87558222134834,186.87558222134834,186.87558222134834,0.0,0.0,0.0,21907.83736789002
2021-12-21,21464.743890960166,16010.380732031274,26548.807269373046,21464.743890960166,21464.743890960166,-92.5304288689703,-92.5304288689703,-92.5304288689703,-351.73863613922543,-351.73863613922543,-351.73863613922543,259.2082072702552,259.2082072702552,259.2082072702552,0.0,0.0,0.0,21372.213462091197
2021-12-22,21464.723478156644,16206.758104484268,27854.19385004058,21464.723478156644,21464.723478156644,567.6943017340702,567.6943017340702,567.6943017340702,240.6950162921006,240.6950162921006,240.6950162921006,326.99928544196956,326.99928544196956,326.99928544196956,0.0,0.0,0.0,22032.417779890715
2021-12-23,21464.70306535312,16101.463720229292,27799.512946609015,21464.70306535312,21464.70306535312,404.83163785696183,404.83163785696183,404.83163785696183,15.71399166893644,15.71399166893644,15.71399166893644,389.1176461880254,389.1176461880254,389.1176461880254,0.0,0.0,0.0,21869.53470321008
2021-12-24,21464.682652549593,15800.667498881314,26475.663561274378,21464.682652549593,21464.682652549593,-302.77595745009205,-302.77595745009205,-302.77595745009205,-747.333613535192,-747.333613535192,-747.333613535192,444.5576560850998,444.5576560850998,444.5576560850998,0.0,0.0,0.0,21161.9066950995
2021-12-25,21464.66223974607,16567.655088313844,28096.44622298867,21464.66223974607,21464.66223974607,844.1105470574953,844.1105470574953,844.1105470574953,351.6530420944753,351.6530420944753,351.6530420944753,492.4575049630201,492.4575049630201,492.4575049630201,0.0,0.0,0.0,22308.772786803565
2021-12-26,21464.641826942545,16411.882009383633,27498.70179133582,21464.641826942545,21464.641826942545,766.926664290953,766.926664290953,766.926664290953,234.8127177157648,234.8127177157648,234.8127177157648,532.1139465751883,532.1139465751883,532.1139465751883,0.0,0.0,0.0,22231.5684912335
2021-12-27,21464.62141413902,16762.984136799365,27541.162023229095,21464.62141413902,21464.62141413902,819.1906854907643,819.1906854907643,819.1906854907643,256.1974819054349,256.1974819054349,256.1974819054349,562.9932035853293,562.9932035853293,562.9932035853293,0.0,0.0,0.0,22283.812099629784
2021-12-28,21464.60100133549,16037.53522627237,27356.4810901324,21464.60100133549,21464.60100133549,232.99921217589022,232.99921217589022,232.99921217589022,-351.7386361397964,-351.7386361397964,-351.7386361397964,584.7378483156867,584.7378483156867,584.7378483156867,0.0,0.0,0.0,21697.60021351138
2021-12-29,21464.580588531968,16870.94742819777,27451.06525981721,21464.580588531968,21464.580588531968,837.8645924206783,837.8645924206783,837.8645924206783,240.6950162917442,240.6950162917442,240.6950162917442,597.169576128934,597.169576128934,597.169576128934,0.0,0.0,0.0,22302.445180952647
2021-12-30,21464.560175728442,16333.923697375509,27578.5498787273,21464.560175728442,21464.560175728442,616.0018862664509,616.0018862664509,616.0018862664509,15.71399166684108,15.71399166684108,15.71399166684108,600.28789459961,600.28789459961,600.28789459961,0.0,0.0,0.0,22080.562061994893
2021-12-31,21464.539762924916,15555.185930048203,26580.05338184028,21464.539762924916,21464.539762924916,-153.0687577077629,-153.0687577077629,-153.0687577077629,-747.3336135370447,-747.3336135370447,-747.3336135370447,594.2648558292818,594.2648558292818,594.2648558292818,0.0,0.0,0.0,21311.471005217154
2022-01-01,21464.519350121394,16862.673471751084,27584.148733232963,21464.519350121394,21464.519350121394,931.0891006286113,931.0891006286113,931.0891006286113,351.6530420959792,351.6530420959792,351.6530420959792,579.4360585326322,579.4360585326322,579.4360585326322,0.0,0.0,0.0,22395.608450750005
2022-01-02,21464.49893731787,16695.393717602685,27704.94675933318,21464.49893731787,21464.49893731787,791.1009558969362,791.1009558969362,791.1009558969362,234.81271771573785,234.81271771573785,234.81271771573785,556.2882381811983,556.2882381811983,556.2882381811983,0.0,0.0,0.0,22255.599893214803
2022-01-03,21464.478524514343,16572.141658096793,27704.046585218708,21464.478524514343,21464.478524514343,781.6413269870125,781.6413269870125,781.6413269870125,256.1974819072687,256.1974819072687,256.1974819072687,525.4438450797438,525.4438450797438,525.4438450797438,0.0,0.0,0.0,22246.119851501357
2022-01-04,21464.458111710817,16022.662901517193,26932.276337494553,21464.458111710817,21464.458111710817,135.9044434809763,135.9044434809763,135.9044434809763,-351.7386361391454,-351.7386361391454,-351.7386361391454,487.64307962012174,487.64307962012174,487.64307962012174,0.0,0.0,0.0,21600.362555191794
2022-01-05,21464.43769890729,16777.99967446355,27587.08114577952,21464.43769890729,21464.43769890729,684.418925616727,684.418925616727,684.418925616727,240.69501629358703,240.69501629358703,240.69501629358703,443.72390932314,443.72390932314,443.72390932314,0.0,0.0,0.0,22148.856624524018
2022-01-06,21464.417286103766,16177.036537000768,27294.275547428046,21464.417286103766,21464.417286103766,410.3146239375006,410.3146239375006,410.3146239375006,15.71399166682346,15.71399166682346,15.71399166682346,394.6006322706771,394.6006322706771,394.6006322706771,0.0,0.0,0.0,21874.731910041268
2022-01-07,21464.396873300244,15158.103021421815,26676.63278063299,21464.396873300244,21464.396873300244,-406.09203832119215,-406.09203832119215,-406.09203832119215,-747.3336135358082,-747.3336135358082,-747.3336135358082,341.2415752146161,341.2415752146161,341.2415752146161,0.0,0.0,0.0,21058.30483497905
2022-01-08,21464.37646049672,16147.32338412071,28156.295735011485,21464.37646049672,21464.37646049672,636.2995636953964,636.2995636953964,636.2995636953964,351.6530420925605,351.6530420925605,351.6530420925605,284.64652160283583,284.64652160283583,284.64652160283583,0.0,0.0,0.0,22100.676024192115
2022-01-09,21464.356047693193,16583.340124272097,27358.973050933364,21464.356047693193,21464.356047693193,460.6371727102835,460.6371727102835,460.6371727102835,234.8127177157107,234.8127177157107,234.8127177157107,225.82445499457282,225.82445499457282,225.82445499457282,0.0,0.0,0.0,21924.993220403478
2022-01-10,21464.33563488967,16792.28743347586,27629.890162185024,21464.33563488967,21464.33563488967,421.9696593021559,421.9696593021559,421.9696593021559,256.19748190772646,256.19748190772646,256.19748190772646,165.7721773944295,165.7721773944295,165.7721773944295,0.0,0.0,0.0,21886.305294191825
2022-01-11,21464.31522208614,15447.51155279201,26864.954101281495,21464.31522208614,21464.31522208614,-246.28431526499884,-246.28431526499884,-246.28431526499884,-351.7386361403795,-351.7386361403795,-351.7386361403795,105.4543208753807,105.4543208753807,105.4543208753807,0.0,0.0,0.0,21218.030906821143
2022-01-12,21464.294809282615,15767.266119030071,27116.790134389285,21464.294809282615,21464.294809282615,286.48023221199435,286.48023221199435,286.48023221199435,240.69501629103135,240.69501629103135,240.69501629103135,45.78521592096298,45.78521592096298,45.78521592096298,0.0,0.0,0.0,21750.77504149461
2022-01-13,21464.274396479093,16182.197903300841,27445.32047607818,21464.274396479093,21464.274396479093,3.327004643508227,3.327004643508227,3.327004643508227,15.713991666805823,15.713991666805823,15.713991666805823,-12.386987023297596,-12.386987023297596,-12.386987023297596,0.0,0.0,0.0,21467.601401122603
2022-01-14,21464.253983675568,15325.12947712244,26301.49132474426,21464.253983675568,21464.253983675568,-815.6272366251995,-815.6272366251995,-815.6272366251995,-747.3336135379003,-747.3336135379003,-747.3336135379003,-68.2936230872992,-68.2936230872992,-68.2936230872992,0.0,0.0,0.0,20648.62674705037
2022-01-15,21464.233570872042,15853.409476347108,27222.514479481506,21464.233570872042,21464.233570872042,230.39703193619496,230.39703193619496,230.39703193619496,351.65304209335864,351.65304209335864,351.65304209335864,-121.25601015716369,-121.25601015716369,-121.25601015716369,0.0,0.0,0.0,21694.630602808236
2022-01-16,21464.21315806852,16004.551647554761,27312.284686102554,21464.21315806852,21464.21315806852,64.11972636626936,64.11972636626936,64.11972636626936,234.81271771541054,234.81271771541054,234.81271771541054,-170.69299134914118,-170.69299134914118,-170.69299134914118,0.0,0.0,0.0,21528.33288443479
2022-01-17,21464.192745264994,15881.163790976696,27316.95553644221,21464.192745264994,21464.192745264994,40.07201421009826,40.07201421009826,40.07201421009826,256.19748190698647,256.19748190698647,256.19748190698647,-216.12546769688822,-216.12546769688822,-216.12546769688822,0.0,0.0,0.0,21504.264759475092
2022-01-18,21464.172332461465,15632.638373141841,26859.256333693585,21464.172332461465,21464.172332461465,-608.9165927515595,-608.9165927515595,-608.9165927515595,-351.73863614161377,-351.73863614161377,-351.73863614161377,-257.1779566099458,-257.1779566099458,-257.1779566099458,0.0,0.0,0.0,20855.255739709904
2022-01-19,21464.15191965794,15684.49348679477,26936.777316129803,21464.15191965794,21464.15191965794,-52.88228272322202,-52.88228272322202,-52.88228272322202,240.6950162920799,240.6950162920799,240.6950162920799,-293.57729901530195,-293.57729901530195,-293.57729901530195,0.0,0.0,0.0,21411.269636934718
2022-01-20,21464.131506854417,16066.630930191714,27014.35042722343,21464.131506854417,21464.131506854417,-309.4347278823346,-309.4347278823346,-309.4347278823346,15.71399166678822,15.71399166678822,15.71399166678822,-325.1487195491228,-325.1487195491228,-325.1487195491228,0.0,0.0,0.0,21154.696778972084
2022-01-21,21464.11109405089,15101.980590842655,26002.300398399908,21464.11109405089,21464.11109405089,-1099.1431309035681,-1099.1431309035681,-1099.1431309035681,-747.3336135366638,-747.3336135366638,-747.3336135366638,-351.80951736690423,-351.80951736690423,-351.80951736690423,0.0,0.0,0.0,20364.967963147323
2022-01-22,21464.090681247366,16182.423822054718,27311.79909232188,21464.090681247366,21464.090681247366,-21.907685884327826,-21.907685884327826,-21.907685884327826,351.6530420934511,351.6530420934511,351.6530420934511,-373.560727977779,-373.560727977779,-373.560727977779,0.0,0.0,0.0,21442.182995363037
2022-01-23,21464.070268443844,16052.043157591479,26881.71234333314,21464.070268443844,21464.070268443844,-155.66442949395426,-155.66442949395426,-155.66442949395426,234.81271771565665,234.81271771565665,234.81271771565665,-390.4771472096109,-390.4771472096109,-390.4771472096109,0.0,0.0,0.0,21308.40583894989
2022-01-24,21464.049855640318,15863.92464223908,27251.442780399666,21464.049855640318,21464.049855640318,-146.49866369064023,-146.49866369064023,-146.49866369064023,256.19748190762255,256.19748190762255,256.19748190762255,-402.6961455982628,-402.6961455982628,-402.6961455982628,0.0,0.0,0.0,21317.55119194968
2022-01-25,21464.02944283679,15244.088670280697,26089.47175492645,21464.02944283679,21464.02944283679,-762.144360343231,-762.144360343231,-762.144360343231,-351.73863613907747,-351.73863613907747,-351.73863613907747,-410.40572420415367,-410.40572420415367,-410.40572420415367,0.0,0.0,0.0,20701.885082493558
2022-01-26,21464.009030033267,15293.85464553834,26560.94142993795,21464.009030033267,21464.009030033267,-173.13725428895484,-173.13725428895484,-173.13725428895484,240.69501629172348,240.69501629172348,240.69501629172348,-413.8322705806783,-413.8322705806783,-413.8322705806783,0.0,0.0,0.0,21290.871775744312
2022-01-27,21463.98861722974,15557.619152020163,26127.47443897474,21463.98861722974,21463.98861722974,-397.5144746569907,-397.5144746569907,-397.5144746569907,15.71399166469286,15.71399166469286,15.71399166469286,-413.2284663216835,-413.2284663216835,-413.2284663216835,0.0,0.0,0.0,21066.47414257275
2022-01-28,21463.968204426215,14687.07434352782,26031.68702900678,21463.968204426215,21463.968204426215,-1156.1953892420565,-1156.1953892420565,-1156.1953892420565,-747.333613536972,-747.333613536972,-747.333613536972,-408.86177570508454,-408.86177570508454,-408.86177570508454,0.0,0.0,0.0,20307.77281518416
2022-01-29,21463.947791622693,15504.90164064348,27143.170294425094,21463.947791622693,21463.947791622693,-49.35086722163363,-49.35086722163363,-49.35086722163363,351.6530420935437,351.6530420935437,351.6530420935437,-401.00390931517734,-401.00390931517734,-401.00390931517734,0.0,0.0,0.0,21414.59692440106
2022-01-30,21463.927378819168,16042.722025385416,26955.287009164836,21463.927378819168,21463.927378819168,-155.10889073580157,-155.10889073580157,-155.10889073580157,234.81271771584778,234.81271771584778,234.81271771584778,-389.9216084516493,-389.9216084516493,-389.9216084516493,0.0,0.0,0.0,21308.818488083365
2022-01-31,21463.906966015642,15627.107935123642,27089.526681603817,21463.906966015642,21463.906966015642,-119.67155538572676,-119.67155538572676,-119.67155538572676,256.19748190688256,256.19748190688256,256.19748190688256,-375.86903729260933,-375.86903729260933,-375.86903729260933,0.0,0.0,0.0,21344.235410629914
2022-02-01,21463.886553212113,15611.892260497309,25781.550901195245,21463.886553212113,21463.886553212113,-710.820638320738,-710.820638320738,-710.820638320738,-351.7386361403116,-351.7386361403116,-351.7386361403116,-359.08200218042634,-359.08200218042634,-359.08200218042634,0.0,0.0,0.0,20753.065914891376
2022-02-02,21463.86614040859,15651.77447875845,26909.660854735383,21463.86614040859,21463.86614040859,-99.07912701214596,-99.07912701214596,-99.07912701214596,240.69501629356634,240.69501629356634,240.69501629356634,-339.7741433057123,-339.7741433057123,-339.7741433057123,0.0,0.0,0.0,21364.787013396446
2022-02-03,21463.845727605065,16007.92320864429,26997.64821732588,21463.845727605065,21463.845727605065,-302.4211742769454,-302.4211742769454,-302.4211742769454,15.713991666752978,15.713991666752978,15.713991666752978,-318.13516594369844,-318.13516594369844,-318.13516594369844,0.0,0.0,0.0,21161.42455332812
2022-02-04,21463.82531480154,14780.384419152833,25816.80415801694,21463.82531480154,21463.82531480154,-1041.664712359392,-1041.664712359392,-1041.664712359392,-747.3336135375195,-747.3336135375195,-747.3336135375195,-294.3310988218725,-294.3310988218725,-294.3310988218725,0.0,0.0,0.0,20422.16060244215
2022-02-05,21463.804901998017,15918.787345033024,26817.86627903003,21463.804901998017,21463.804901998017,83.14655328531414,83.14655328531414,83.14655328531414,351.65304209504757,351.65304209504757,351.65304209504757,-268.5064888097334,-268.5064888097334,-268.5064888097334,0.0,0.0,0.0,21546.95145528333
2022-02-06,21463.78448919449,16071.63573760125,27144.706029358636,21463.78448919449,21463.78448919449,-5.975648755613019,-5.975648755613019,-5.975648755613019,234.8127177158208,234.8127177158208,234.8127177158208,-240.78836647143382,-240.78836647143382,-240.78836647143382,0.0,0.0,0.0,21457.80884043888
2022-02-07,21463.764076390962,15756.180971582668,26972.50482708935,21463.764076390962,21463.764076390962,44.90573331050065,44.90573331050065,44.90573331050065,256.19748190734026,256.19748190734026,256.19748190734026,-211.29174859683962,-211.29174859683962,-211.29174859683962,0.0,0.0,0.0,21508.669809701463
2022-02-08,21463.74366358744,15509.653006061237,26720.183377283523,21463.74366358744,21463.74366358744,-531.8650200016219,-531.8650200016219,-531.8650200016219,-351.73863613966057,-351.73863613966057,-351.73863613966057,-180.1263838619614,-180.1263838619614,-180.1263838619614,0.0,0.0,0.0,20931.878643585816
2022-02-09,21463.723250783914,16247.000933607904,27389.165185792655,21463.723250783914,21463.723250783914,93.29061801632214,93.29061801632214,93.29061801632214,240.69501629540923,240.69501629540923,240.69501629540923,-147.40439827908708,-147.40439827908708,-147.40439827908708,0.0,0.0,0.0,21557.013868800237
2022-02-10,21463.70283798039,15810.262881121957,27059.671246562568,21463.70283798039,21463.70283798039,-97.53446804454596,-97.53446804454596,-97.53446804454596,15.713991667359544,15.713991667359544,15.713991667359544,-113.24845971190553,-113.24845971190553,-113.24845971190553,0.0,0.0,0.0,21366.168369935844
2022-02-11,21463.682425176867,15161.012852798638,26529.813317222426,21463.682425176867,21463.682425176867,-825.1336702980814,-825.1336702980814,-825.1336702980814,-747.3336135378277,-747.3336135378277,-747.3336135378277,-77.8000567602538,-77.8000567602538,-77.8000567602538,0.0,0.0,0.0,20638.548754878786
2022-02-12,21463.66201237334,15997.117491997644,27373.484275959567,21463.66201237334,21463.66201237334,310.4255645021928,310.4255645021928,310.4255645021928,351.65304209514,351.65304209514,351.65304209514,-41.22747759294717,-41.22747759294717,-41.22747759294717,0.0,0.0,0.0,21774.087576875532
2022-02-13,21463.641599569815,16137.126288862975,27136.919940630323,21463.641599569815,21463.641599569815,231.07963847957708,231.07963847957708,231.07963847957708,234.81271771552068,234.81271771552068,234.81271771552068,-3.733079235943576,-3.733079235943576,-3.733079235943576,0.0,0.0,0.0,21694.72123804939
2022-02-14,21463.621186766286,15856.640589700823,27359.327370348445,21463.621186766286,21463.621186766286,290.6380245695012,290.6380245695012,290.6380245695012,256.1974819066003,256.1974819066003,256.1974819066003,34.44054266290092,34.44054266290092,34.44054266290092,0.0,0.0,0.0,21754.259211335786
2022-02-15,21463.600773962764,15165.38830607688,26700.200602866345,21463.600773962764,21463.600773962764,-278.7327961506573,-278.7327961506573,-278.7327961506573,-351.7386361402316,-351.7386361402316,-351.7386361402316,73.00583998957434,73.00583998957434,73.00583998957434,0.0,0.0,0.0,21184.867977812108
2022-02-16,21463.58036115924,16573.93567623079,27263.58217273643,21463.58036115924,21463.58036115924,352.3223802841794,352.3223802841794,352.3223802841794,240.69501629285358,240.69501629285358,240.69501629285358,111.62736399132588,111.62736399132588,111.62736399132588,0.0,0.0,0.0,21815.902741443417
2022-02-17,21463.559948355713,15804.88225258401,27285.052139644373,21463.559948355713,21463.559948355713,165.63482587322673,165.63482587322673,165.63482587322673,15.713991669419661,15.713991669419661,15.713991669419661,149.9208342038071,149.9208342038071,149.9208342038071,0.0,0.0,0.0,21629.194774228938
2022-02-18,21463.53953555219,15251.136222116424,26255.210774385123,21463.53953555219,21463.53953555219,-559.8792058284256,-559.8792058284256,-559.8792058284256,-747.3336135365912,-747.3336135365912,-747.3336135365912,187.4544077081656,187.4544077081656,187.4544077081656,0.0,0.0,0.0,20903.660329723763
2022-02-19,21463.519122748665,16531.745073896465,27625.0804760551,21463.519122748665,21463.519122748665,575.4052980764418,575.4052980764418,575.4052980764418,351.6530420959382,351.6530420959382,351.6530420959382,223.75225598050358,223.75225598050358,223.75225598050358,0.0,0.0,0.0,22038.924420825108
2022-02-20,21463.49870994514,16336.162997856101,27356.804983445236,21463.49870994514,21463.49870994514,493.1131929783618,493.1131929783618,493.1131929783618,234.81271771522057,234.81271771522057,234.81271771522057,258.30047526314115,258.30047526314115,258.30047526314115,0.0,0.0,0.0,21956.6119029235
2022-02-21,21463.478297141613,16486.761445060936,27435.108154256955,21463.478297141613,21463.478297141613,546.7527541510248,546.7527541510248,546.7527541510248,256.1974819070581,256.1974819070581,256.1974819070581,290.55527224396667,290.55527224396667,290.55527224396667,0.0,0.0,0.0,22010.231051292638
2022-02-22,21463.457884338088,15676.27358847957,26850.80850720316,21463.457884338088,21463.457884338088,-31.78535354325502,-31.78535354325502,-31.78535354325502,-351.7386361395806,-351.7386361395806,-351.7386361395806,319.95328259632555,319.95328259632555,319.95328259632555,0.0,0.0,0.0,21431.672530794833
2022-02-23,21463.437471534562,15947.64921284387,27331.16039195357,21463.437471534562,21463.437471534562,586.6188146106581,586.6188146106581,586.6188146106581,240.69501629469642,240.69501629469642,240.69501629469642,345.92379831596173,345.92379831596173,345.92379831596173,0.0,0.0,0.0,22050.05628614522
2022-02-24,21463.41705873104,16366.770700731828,28128.55308270463,21463.41705873104,21463.41705873104,383.61659515986224,383.61659515986224,383.61659515986224,15.713991667324303,15.713991667324303,15.713991667324303,367.90260349253793,367.90260349253793,367.90260349253793,0.0,0.0,0.0,21847.033653890903
2022-02-25,21463.396645309276,15852.216305806349,26751.05428362554,21463.396645309276,21463.396645309276,-361.9865638310786,-361.9865638310786,-361.9865638310786,-747.3336135368993,-747.3336135368993,-747.3336135368993,385.3470497058208,385.3470497058208,385.3470497058208,0.0,0.0,0.0,21101.410081478196
2022-02-26,21463.376231887505,16723.428219628295,27687.98829234557,21463.376231887505,21463.376231887505,749.4049860723505,749.4049860723505,749.4049860723505,351.6530420932252,351.6530420932252,351.6530420932252,397.7519439791254,397.7519439791254,397.7519439791254,0.0,0.0,0.0,22212.781217959855
2022-02-27,21463.35581846574,16766.110510102364,28234.62431296116,21463.35581846574,21463.35581846574,639.4784939287457,639.4784939287457,639.4784939287457,234.81271771623094,234.81271771623094,234.81271771623094,404.6657762125148,404.6657762125148,404.6657762125148,0.0,0.0,0.0,22102.834312394487
2022-02-28,21463.335405043978,16554.682015366452,27482.687565388,21463.335405043978,21463.335405043978,661.904262850241,661.904262850241,661.904262850241,256.1974819051203,256.1974819051203,256.1974819051203,405.7067809451208,405.7067809451208,405.7067809451208,0.0,0.0,0.0,22125.239667894217
2022-03-01,21463.31499162221,15920.403504156428,27024.04674167862,21463.31499162221,21463.31499162221,48.83967531623446,48.83967531623446,48.83967531623446,-351.7386361408148,-351.7386361408148,-351.7386361408148,400.5783114570492,400.5783114570492,400.5783114570492,0.0,0.0,0.0,21512.154666938444
2022-03-02,21463.294578200446,16441.307416623447,27624.655840812153,21463.294578200446,21463.294578200446,629.7780197523465,629.7780197523465,629.7780197523465,240.69501629434004,240.69501629434004,240.69501629434004,389.08300345800643,389.08300345800643,389.08300345800643,0.0,0.0,0.0,22093.072597952792
2022-03-03,21463.27416477868,16006.54300080359,27591.51930762558,21463.27416477868,21463.27416477868,386.849212955051,386.849212955051,386.849212955051,15.713991670008607,15.713991670008607,15.713991670008607,371.13522128504246,371.13522128504246,371.13522128504246,0.0,0.0,0.0,21850.12337773373
2022-03-04,21463.253751356915,15793.154308701181,26464.599369662974,21463.253751356915,21463.253751356915,-400.5623020360088,-400.5623020360088,-400.5623020360088,-747.3336135356628,-747.3336135356628,-747.3336135356628,346.7713114996541,346.7713114996541,346.7713114996541,0.0,0.0,0.0,21062.691449320908
2022-03-05,21463.233337935148,16301.446001847773,27541.78421249846,21463.233337935148,21463.233337935148,667.8102785146166,667.8102785146166,667.8102785146166,351.6530420940234,351.6530420940234,351.6530420940234,316.1572364205932,316.1572364205932,316.1572364205932,0.0,0.0,0.0,22131.043616449766
2022-03-06,21463.212924513384,16316.14647205437,27499.499337207108,21463.212924513384,21463.212924513384,514.4059400149995,514.4059400149995,514.4059400149995,234.81271771620385,234.81271771620385,234.81271771620385,279.59322229879564,279.59322229879564,279.59322229879564,0.0,0.0,0.0,21977.618864528384
2022-03-07,21463.19251109162,16475.547027386394,27320.073438413358,21463.19251109162,21463.19251109162,493.7126139050365,493.7126139050365,493.7126139050365,256.19748190557806,256.19748190557806,256.19748190557806,237.51513199945845,237.51513199945845,237.51513199945845,0.0,0.0,0.0,21956.905124996658
2022-03-08,21463.17209766985,15795.470679880964,26370.343585393377,21463.17209766985,21463.17209766985,-161.2462779763067,-161.2462779763067,-161.2462779763067,-351.73863614016375,-351.73863614016375,-351.73863614016375,190.49235816385703,190.49235816385703,190.49235816385703,0.0,0.0,0.0,21301.92581969354
2022-03-09,21463.151684248085,16190.673833481655,27519.328335219037,21463.151684248085,21463.151684248085,379.9171438505509,379.9171438505509,379.9171438505509,240.69501629318927,240.69501629318927,240.69501629318927,139.2221275573616,139.2221275573616,139.2221275573616,0.0,0.0,0.0,21843.068828098636
2022-03-10,21463.13127082632,16025.235432280624,27087.6833566957,21463.13127082632,21463.13127082632,100.234199674803,100.234199674803,100.234199674803,15.713991669991003,15.713991669991003,15.713991669991003,84.52020800481199,84.52020800481199,84.52020800481199,0.0,0.0,0.0,21563.365470501125
2022-03-11,21463.110857404554,15390.38594574536,26930.36774002949,21463.110857404554,21463.110857404554,-720.0255004404522,-720.0255004404522,-720.0255004404522,-747.3336135375157,-747.3336135375157,-747.3336135375157,27.308113097063618,27.308113097063618,27.308113097063618,0.0,0.0,0.0,20743.0853569641
2022-03-12,21463.09044398279,15930.589103708173,27835.02955946831,21463.09044398279,21463.09044398279,320.2500458116649,320.2500458116649,320.2500458116649,351.65304209411585,351.65304209411585,351.65304209411585,-31.402996282450975,-31.402996282450975,-31.402996282450975,0.0,0.0,0.0,21783.340489794457
2022-03-13,21463.070030561026,15900.105040559167,27369.03362697688,21463.070030561026,21463.070030561026,144.28130403742333,144.28130403742333,144.28130403742333,234.8127177159038,234.8127177159038,234.8127177159038,-90.5314136784805,-90.5314136784805,-90.5314136784805,0.0,0.0,0.0,21607.35133459845
2022-03-14,21463.04961713926,15926.521969288253,27074.545933133777,21463.04961713926,21463.04961713926,107.25088469525059,107.25088469525059,107.25088469525059,256.1974819074119,256.1974819074119,256.1974819074119,-148.94659721216132,-148.94659721216132,-148.94659721216132,0.0,0.0,0.0,21570.30050183451
2022-03-15,21463.02920371749,14999.872207996581,26306.245693030516,21463.02920371749,21463.02920371749,-557.2316434930225,-557.2316434930225,-557.2316434930225,-351.7386361413979,-351.7386361413979,-351.7386361413979,-205.49300735162456,-205.49300735162456,-205.49300735162456,0.0,0.0,0.0,20905.79756022447
2022-03-16,21463.008790295728,16393.56959159216,26785.3360745811,21463.008790295728,21463.008790295728,-18.32050079050979,-18.32050079050979,-18.32050079050979,240.69501629283286,240.69501629283286,240.69501629283286,-259.0155170833427,-259.0155170833427,-259.0155170833427,0.0,0.0,0.0,21444.68828950522
2022-03-17,21462.988376873964,15525.843888650714,26836.219490992124,21462.988376873964,21462.988376873964,-292.67178713134206,-292.67178713134206,-292.67178713134206,15.713991669973366,15.713991669973366,15.713991669973366,-308.38577880131544,-308.38577880131544,-308.38577880131544,0.0,0.0,0.0,21170.316589742622
2022-03-18,21462.967963452193,14456.18163903801,25566.480874306584,21462.967963452193,21462.967963452193,-1099.862501279465,-1099.862501279465,-1099.862501279465,-747.3336135362792,-747.3336135362792,-747.3336135362792,-352.52888774318586,-352.52888774318586,-352.52888774318586,0.0,0.0,0.0,20363.105462172727
2022-03-19,21462.94755003043,15566.200653429296,27110.4329199221,21462.94755003043,21462.94755003043,-38.79661276839155,-38.79661276839155,-38.79661276839155,351.6530420949141,351.6530420949141,351.6530420949141,-390.44965486330557,-390.44965486330557,-390.44965486330557,0.0,0.0,0.0,21424.15093726204
2022-03-20,21462.927136608665,15468.253986130889,26935.170683439508,21462.927136608665,21462.927136608665,-186.445076034313,-186.445076034313,-186.445076034313,234.81271771560367,234.81271771560367,234.81271771560367,-421.2577937499167,-421.2577937499167,-421.2577937499167,0.0,0.0,0.0,21276.48206057435
2022-03-21,21462.9067231869,15801.128738590347,26660.499199351445,21462.9067231869,21462.9067231869,-187.99385522539782,-187.99385522539782,-187.99385522539782,256.1974819066719,256.1974819066719,256.1974819066719,-444.1913371320697,-444.1913371320697,-444.1913371320697,0.0,0.0,0.0,21274.912867961502
2022-03-22,21462.886309765134,15132.670946927583,25972.92210534103,21462.886309765134,21462.886309765134,-810.3762648754858,-810.3762648754858,-810.3762648754858,-351.7386361388615,-351.7386361388615,-351.7386361388615,-458.63762873662427,-458.63762873662427,-458.63762873662427,0.0,0.0,0.0,20652.51004488965
2022-03-23,21462.86589634337,15689.598128022646,26856.94103059916,21462.86589634337,21462.86589634337,-223.4562689200603,-223.4562689200603,-223.4562689200603,240.69501629247642,240.69501629247642,240.69501629247642,-464.1512852125367,-464.1512852125367,-464.1512852125367,0.0,0.0,0.0,21239.40962742331
2022-03-24,21462.845482921606,15612.985626023794,26823.85162274653,21462.845482921606,21462.845482921606,-444.7545978269237,-444.7545978269237,-444.7545978269237,15.713991667878007,15.713991667878007,15.713991667878007,-460.46858949480173,-460.46858949480173,-460.46858949480173,0.0,0.0,0.0,21018.090885094683
2022-03-25,21462.825069499835,15016.42248137792,25772.910738108567,21462.825069499835,21462.825069499835,-1194.8514732886729,-1194.8514732886729,-1194.8514732886729,-747.3336135368266,-747.3336135368266,-747.3336135368266,-447.5178597518463,-447.5178597518463,-447.5178597518463,0.0,0.0,0.0,20267.973596211163
2022-03-26,21462.80465607807,15692.912718082203,27359.457184795574,21462.80465607807,21462.80465607807,-73.77239280674424,-73.77239280674424,-73.77239280674424,351.653042092201,351.653042092201,351.653042092201,-425.4254348989453,-425.4254348989453,-425.4254348989453,0.0,0.0,0.0,21389.03226327133
2022-03-27,21462.784242656307,15782.72161704375,26858.835432125376,21462.784242656307,21462.784242656307,-159.7043083729831,-159.7043083729831,-159.7043083729831,234.8127177155766,234.8127177155766,234.8127177155766,-394.5170260885597,-394.5170260885597,-394.5170260885597,0.0,0.0,0.0,21303.079934283323
2022-03-28,21462.763829234544,15786.980165905641,26990.192008256203,21462.763829234544,21462.763829234544,-99.11681885918367,-99.11681885918367,-99.11681885918367,256.1974819059319,256.1974819059319,256.1974819059319,-355.31430076511555,-355.31430076511555,-355.31430076511555,0.0,0.0,0.0,21363.64701037536
2022-03-29,21462.743415812773,15291.482833349122,26425.724215121118,21462.743415812773,21462.743415812773,-660.2653248249271,-660.2653248249271,-660.2653248249271,-351.73863614009565,-351.73863614009565,-351.73863614009565,-308.5266886848315,-308.5266886848315,-308.5266886848315,0.0,0.0,0.0,20802.478090987846
2022-03-30,21462.72300239101,16209.866367703391,27148.58244891463,21462.72300239101,21462.72300239101,-14.343508143034734,-14.343508143034734,-14.343508143034734,240.69501629132566,240.69501629132566,240.69501629132566,-255.0385244343604,-255.0385244343604,-255.0385244343604,0.0,0.0,0.0,21448.379494247973
2022-03-31,21462.702588969245,15528.175787535625,26837.288811614668,21462.702588969245,21462.702588969245,-180.1777733476922,-180.1777733476922,-180.1777733476922,15.713991665782647,15.713991665782647,15.713991665782647,-195.89176501347484,-195.89176501347484,-195.89176501347484,0.0,0.0,0.0,21282.524815621553
2022-04-01,21462.682175547478,14805.166941811734,25996.70654510705,21462.682175547478,21462.682175547478,-879.5982540926825,-879.5982540926825,-879.5982540926825,-747.333613537135,-747.333613537135,-747.333613537135,-132.2646405555477,-132.2646405555477,-132.2646405555477,0.0,0.0,0.0,20583.083921454796
2022-04-02,21462.661762125714,16292.714737795113,27475.997178063353,21462.661762125714,21462.661762125714,286.20633419356443,286.20633419356443,286.20633419356443,351.6530420937049,351.6530420937049,351.6530420937049,-65.44670790014047,-65.44670790014047,-65.44670790014047,0.0,0.0,0.0,21748.86809631928
2022-04-03,21462.64134870395,16072.251849951826,27221.230489667803,21462.64134870395,21462.64134870395,238.00184035949408,238.00184035949408,238.00184035949408,234.8127177155496,234.8127177155496,234.8127177155496,3.189122643944445,3.189122643944445,3.189122643944445,0.0,0.0,0.0,21700.643189063445
2022-04-04,21462.620935282186,15850.890024874196,27025.25901063849,21462.620935282186,21462.620935282186,328.4144121939351,328.4144121939351,328.4144121939351,256.19748190638967,256.19748190638967,256.19748190638967,72.21693028754548,72.21693028754548,72.21693028754548,0.0,0.0,0.0,21791.03534747612
2022-04-05,21462.600521860415,15120.163324712103,26999.53281681891,21462.600521860415,21462.600521860415,-211.54886698263542,-211.54886698263542,-211.54886698263542,-351.73863614066687,-351.73863614066687,-351.73863614066687,140.18976915803145,140.18976915803145,140.18976915803145,0.0,0.0,0.0,21251.05165487778
2022-04-06,21462.58010843865,16573.710023600026,27566.166374429784,21462.58010843865,21462.58010843865,446.3675332835323,446.3675332835323,446.3675332835323,240.6950162931685,240.6950162931685,240.6950162931685,205.67251699036385,205.67251699036385,205.67251699036385,0.0,0.0,0.0,21908.947641722185
2022-04-07,21462.559695016887,16078.112560575344,27182.956289011567,21462.559695016887,21462.559695016887,282.9887680297586,282.9887680297586,282.9887680297586,15.713991665765027,15.713991665765027,15.713991665765027,267.2747763639936,267.2747763639936,267.2747763639936,0.0,0.0,0.0,21745.548463046645
2022-04-08,21462.53928159512,15127.613065513478,26351.35428869844,21462.53928159512,21462.53928159512,-423.6506062516076,-423.6506062516076,-423.6506062516076,-747.3336135374432,-747.3336135374432,-747.3336135374432,323.6830072858355,323.6830072858355,323.6830072858355,0.0,0.0,0.0,21038.88867534351
2022-04-09,21462.518868173353,16322.177280334467,27756.978083543032,21462.518868173353,21462.518868173353,725.3441232467125,725.3441232467125,725.3441232467125,351.6530420937974,351.6530420937974,351.6530420937974,373.6910811529151,373.6910811529151,373.6910811529151,0.0,0.0,0.0,22187.862991420065
2022-04-10,21462.49845475159,16328.2739370622,27766.769357179302,21462.49845475159,21462.49845475159,651.0411966390546,651.0411966390546,651.0411966390546,234.81271771601374,234.81271771601374,234.81271771601374,416.22847892304094,416.22847892304094,416.22847892304094,0.0,0.0,0.0,22113.53965139064
2022-04-11,21462.47804132982,16499.900250046394,27474.65486266382,21462.47804132982,21462.47804132982,706.5828919030942,706.5828919030942,706.5828919030942,256.19748190684754,256.19748190684754,256.19748190684754,450.38540999624666,450.38540999624666,450.38540999624666,0.0,0.0,0.0,22169.060933232915
2022-04-12,21462.457627908057,16112.928055596853,27112.310242190757,21462.457627908057,21462.457627908057,123.69556543986656,123.69556543986656,123.69556543986656,-351.7386361400158,-351.7386361400158,-351.7386361400158,475.4342015798823,475.4342015798823,475.4342015798823,0.0,0.0,0.0,21586.153193347924
2022-04-13,21462.437214486294,16467.78818010385,27874.782993446785,21462.437214486294,21462.437214486294,731.5414156330755,731.5414156330755,731.5414156330755,240.69501629061278,240.69501629061278,240.69501629061278,490.84639934246275,490.84639934246275,490.84639934246275,0.0,0.0,0.0,22193.97863011937
2022-04-14,21462.41680106453,16488.391505008378,27492.059335224545,21462.41680106453,21462.41680106453,512.0191183210791,512.0191183210791,512.0191183210791,15.71399166574739,15.71399166574739,15.71399166574739,496.30512665533166,496.30512665533166,496.30512665533166,0.0,0.0,0.0,21974.435919385607
2022-04-15,21462.39638764276,15520.903700524965,26624.17693836526,21462.39638764276,21462.39638764276,-255.62124464216703,-255.62124464216703,-255.62124464216703,-747.3336135362065,-747.3336135362065,-747.3336135362065,491.7123688940395,491.7123688940395,491.7123688940395,0.0,0.0,0.0,21206.775143000592
2022-04-16,21462.375974220995,16821.695127658608,28296.528997298807,21462.375974220995,21462.375974220995,828.8440201082324,828.8440201082324,828.8440201082324,351.6530420945956,351.6530420945956,351.6530420945956,477.1909780136368,477.1909780136368,477.1909780136368,0.0,0.0,0.0,22291.21999432923
2022-04-17,21462.35556079923,16590.10441628309,28284.05337406678,21462.35556079923,21462.35556079923,687.8940452288821,687.8940452288821,687.8940452288821,234.8127177157137,234.8127177157137,234.8127177157137,453.08132751316833,453.08132751316833,453.08132751316833,0.0,0.0,0.0,22150.249606028112
2022-04-18,21462.335147377464,16439.94982333561,27680.695432077486,21462.335147377464,21462.335147377464,676.1301672891868,676.1301672891868,676.1301672891868,256.19748190610744,256.19748190610744,256.19748190610744,419.93268538307933,419.93268538307933,419.93268538307933,0.0,0.0,0.0,22138.46531466665
2022-04-19,21462.3147339557,15952.185583307564,27447.7654779686,21462.3147339557,21462.3147339557,26.750872858293377,26.750872858293377,26.750872858293377,-351.73863613936464,-351.73863613936464,-351.73863613936464,378.48950899765805,378.48950899765805,378.48950899765805,0.0,0.0,0.0,21489.065606813994
2022-04-20,21462.294320533932,16858.256653575332,27827.109364028427,21462.294320533932,21462.294320533932,570.3680138110926,570.3680138110926,570.3680138110926,240.69501629245568,240.69501629245568,240.69501629245568,329.6729975186369,329.6729975186369,329.6729975186369,0.0,0.0,0.0,22032.662334345026
2022-04-21,21462.27390711217,15993.521606391238,27475.23007564545,21462.27390711217,21462.27390711217,290.2723523283951,290.2723523283951,290.2723523283951,15.71399166843171,15.71399166843171,15.71399166843171,274.5583606599634,274.5583606599634,274.5583606599634,0.0,0.0,0.0,21752.546259440565
2022-04-22,21462.2534936904,15223.301013127317,26675.06331109287,21462.2534936904,21462.2534936904,-532.9852392505411,-532.9852392505411,-532.9852392505411,-747.3336135382986,-747.3336135382986,-747.3336135382986,214.34837428775748,214.34837428775748,214.34837428775748,0.0,0.0,0.0,20929.26825443986
2022-04-23,21462.233080268637,16527.888664893715,27722.64029156423,21462.233080268637,21462.233080268637,501.99693236631737,501.99693236631737,501.99693236631737,351.6530420946881,351.6530420946881,351.6530420946881,150.34389027162925,150.34389027162925,150.34389027162925,0.0,0.0,0.0,21964.230012634955
2022-04-24,21462.212666846874,16062.91634935337,27879.164861626585,21462.212666846874,21462.212666846874,318.72476532097113,318.72476532097113,318.72476532097113,234.8127177159597,234.8127177159597,234.8127177159597,83.91204760501144,83.91204760501144,83.91204760501144,0.0,0.0,0.0,21780.937432167844
2022-04-25,21462.192253425103,16134.316716278554,27118.449378246485,21462.192253425103,21462.192253425103,272.6504738092955,272.6504738092955,272.6504738092955,256.19748190536745,256.19748190536745,256.19748190536745,16.45299190392806,16.45299190392806,16.45299190392806,0.0,0.0,0.0,21734.842727234398
2022-04-26,21462.17184000334,15436.104168721236,27088.580284201977,21462.17184000334,21462.17184000334,-402.37268682245804,-402.37268682245804,-402.37268682245804,-351.7386361399358,-351.7386361399358,-351.7386361399358,-50.63405068252229,-50.63405068252229,-50.63405068252229,0.0,0.0,0.0,21059.79915318088
2022-04-27,21462.151426581575,16244.661240334946,27544.39205346428,21462.151426581575,21462.151426581575,124.71053384807762,124.71053384807762,124.71053384807762,240.69501629209924,240.69501629209924,240.69501629209924,-115.98448244402164,-115.98448244402164,-115.98448244402164,0.0,0.0,0.0,21586.86196042965
2022-04-28,21462.13101315981,15881.834626487313,26930.287518739227,21462.13101315981,21462.13101315981,-162.5869776620578,-162.5869776620578,-162.5869776620578,15.713991666336334,15.713991666336334,15.713991666336334,-178.3009693283941,-178.3009693283941,-178.3009693283941,0.0,0.0,0.0,21299.544035497755
2022-04-29,21462.110599738044,14982.205274879045,26197.362889455217,21462.110599738044,21462.110599738044,-983.7177879729223,-983.7177879729223,-983.7177879729223,-747.3336135370622,-747.3336135370622,-747.3336135370622,-236.38417443586013,-236.38417443586013,-236.38417443586013,0.0,0.0,0.0,20478.392811765123
2022-04-30,21462.09018631628,16087.86744721261,26949.64508019208,21462.09018631628,21462.09018631628,62.49222975085067,62.49222975085067,62.49222975085067,351.6530420954863,351.6530420954863,351.6530420954863,-289.1608123446356,-289.1608123446356,-289.1608123446356,0.0,0.0,0.0,21524.58241606713
2022-05-01,21462.070874317087,15937.44998714591,27118.039034174213,21462.070874317087,21462.070874317087,-100.89560013472588,-100.89560013472588,-100.89560013472588,234.81271771565963,234.81271771565963,234.81271771565963,-335.70831785038547,-335.70831785038547,-335.70831785038547,0.0,0.0,0.0,21361.175274182362
2022-05-02,21462.051562317898,15852.795691670128,26724.891708029812,21462.051562317898,21462.051562317898,-119.07803045930515,-119.07803045930515,-119.07803045930515,256.1974819072013,256.1974819072013,256.1974819072013,-375.27551236650646,-375.27551236650646,-375.27551236650646,0.0,0.0,0.0,21342.97353185859
2022-05-03,21462.032250318705,14929.230575470652,26303.361236480287,21462.032250318705,21462.032250318705,-759.0373932212374,-759.0373932212374,-759.0373932212374,-351.73863613928467,-351.73863613928467,-351.73863613928467,-407.2987570819526,-407.2987570819526,-407.2987570819526,0.0,0.0,0.0,20702.994857097467
2022-05-04,21462.01293831952,15574.2396040573,26885.634408868988,21462.01293831952,21462.01293831952,-190.71818491648784,-190.71818491648784,-190.71818491648784,240.69501629394216,240.69501629394216,240.69501629394216,-431.41320121043,-431.41320121043,-431.41320121043,0.0,0.0,0.0,21271.29475340303
2022-05-05,21461.99362632033,16156.185562473833,26908.399572712475,21461.99362632033,21461.99362632033,-431.7448713790023,-431.7448713790023,-431.7448713790023,15.713991668396469,15.713991668396469,15.713991668396469,-447.4588630473987,-447.4588630473987,-447.4588630473987,0.0,0.0,0.0,21030.248754941327
2022-05-06,21461.974314321138,14645.137102308725,25957.626368124143,21461.974314321138,21461.974314321138,-1202.8150311624177,-1202.8150311624177,-1202.8150311624177,-747.3336135389151,-747.3336135389151,-747.3336135389151,-455.4814176235025,-455.4814176235025,-455.4814176235025,0.0,0.0,0.0,20259.15928315872
2022-05-07,21461.955002321953,15858.615668028513,27111.765776663793,21461.955002321953,21461.955002321953,-104.07466173510792,-104.07466173510792,-104.07466173510792,351.65304209277326,351.65304209277326,351.65304209277326,-455.7277038278811,-455.7277038278811,-455.7277038278811,0.0,0.0,0.0,21357.880340586846
2022-05-08,21461.93569032276,15374.09744505486,27214.597169387413,21461.93569032276,21461.93569032276,-213.82338453366918,-213.82338453366918,-213.82338453366918,234.81271771563254,234.81271771563254,234.81271771563254,-448.63610224930176,-448.63610224930176,-448.63610224930176,0.0,0.0,0.0,21248.11230578909
2022-05-09,21461.91637832357,15698.92336987053,26655.222834496875,21461.91637832357,21461.91637832357,-178.62458701732717,-178.62458701732717,-178.62458701732717,256.1974819064613,256.1974819064613,256.1974819064613,-434.82206892378844,-434.82206892378844,-434.82206892378844,0.0,0.0,0.0,21283.291791306245
2022-05-10,21461.897066324385,14908.697080518174,26414.02013728202,21461.897066324385,21461.897066324385,-766.7978722470529,-766.7978722470529,-766.7978722470529,-351.7386361405189,-351.7386361405189,-351.7386361405189,-415.0592361065339,-415.0592361065339,-415.0592361065339,0.0,0.0,0.0,20695.09919407733
2022-05-11,21461.877754325193,16153.145877908371,26408.998316991816,21461.877754325193,21461.877754325193,-149.5615894401604,-149.5615894401604,-149.5615894401604,240.69501629358575,240.69501629358575,240.69501629358575,-390.25660573374614,-390.25660573374614,-390.25660573374614,0.0,0.0,0.0,21312.316164885033
2022-05-12,21461.858442326004,15810.457784753682,26632.482675186246,21461.858442326004,21461.858442326004,-345.71846970220105,-345.71846970220105,-345.71846970220105,15.713991666301093,15.713991666301093,15.713991666301093,-361.4324613685022,-361.4324613685022,-361.4324613685022,0.0,0.0,0.0,21116.1399726238
2022-05-13,21461.83913032681,14462.405122869719,25921.88530343567,21461.83913032681,21461.83913032681,-1077.0193210209036,-1077.0193210209036,-1077.0193210209036,-747.3336135376786,-747.3336135376786,-747.3336135376786,-329.68570748322486,-329.68570748322486,-329.68570748322486,0.0,0.0,0.0,20384.819809305907
2022-05-14,21461.819818327625,15603.326462092089,26803.360068999027,21461.819818327625,21461.819818327625,55.48763335666951,55.48763335666951,55.48763335666951,351.65304209357146,351.65304209357146,351.65304209357146,-296.1654087369019,-296.1654087369019,-296.1654087369019,0.0,0.0,0.0,21517.307451684293
2022-05-15,21461.800506328436,15331.425344488141,26932.440665960632,21461.800506328436,21461.800506328436,-27.22662711990443,-27.22662711990443,-27.22662711990443,234.8127177153325,234.8127177153325,234.8127177153325,-262.03934483523693,-262.03934483523693,-262.03934483523693,0.0,0.0,0.0,21434.573879208532
2022-05-16,21461.781194329244,15927.221930183487,27243.192695886184,21461.781194329244,21461.781194329244,27.73506439989176,27.73506439989176,27.73506439989176,256.19748190572125,256.19748190572125,256.19748190572125,-228.4624175058295,-228.4624175058295,-228.4624175058295,0.0,0.0,0.0,21489.516258729134
2022-05-17,21461.761882330058,15375.48859615337,26347.982677392785,21461.761882330058,21461.761882330058,-548.2843807833673,-548.2843807833673,-548.2843807833673,-351.7386361379826,-351.7386361379826,-351.7386361379826,-196.5457446453847,-196.5457446453847,-196.5457446453847,0.0,0.0,0.0,20913.47750154669
2022-05-18,21461.742570330865,16284.301726715636,27586.515410554268,21461.742570330865,21461.742570330865,73.36776338121865,73.36776338121865,73.36776338121865,240.695016292435,240.695016292435,240.695016292435,-167.32725291121636,-167.32725291121636,-167.32725291121636,0.0,0.0,0.0,21535.110333712084
2022-05-19,21461.723258331676,15670.570253797532,26945.26704580517,21461.723258331676,21461.723258331676,-126.03054302992653,-126.03054302992653,-126.03054302992653,15.713991666283473,15.713991666283473,15.713991666283473,-141.74453469621,-141.74453469621,-141.74453469621,0.0,0.0,0.0,21335.69271530175
2022-05-20,21461.703946332487,14918.202094878088,26306.424084287843,21461.703946332487,21461.703946332487,-867.9442834079775,-867.9442834079775,-867.9442834079775,-747.3336135364422,-747.3336135364422,-747.3336135364422,-120.6106698715354,-120.6106698715354,-120.6106698715354,0.0,0.0,0.0,20593.75966292451
2022-05-21,21461.684634333298,16039.553639520105,27029.886551352734,21461.684634333298,21461.684634333298,247.05941332057753,247.05941332057753,247.05941332057753,351.65304209366394,351.65304209366394,351.65304209366394,-104.5936287730864,-104.5936287730864,-104.5936287730864,0.0,0.0,0.0,21708.744047653876
2022-05-22,21461.66532233411,15806.973822741435,27141.91620458898,21461.66532233411,21461.66532233411,140.6129446977424,140.6129446977424,140.6129446977424,234.81271771530547,234.81271771530547,234.81271771530547,-94.19977301756303,-94.19977301756303,-94.19977301756303,0.0,0.0,0.0,21602.278267031852
2022-05-23,21461.646010334916,16266.597570754067,27422.92077056352,21461.646010334916,21461.646010334916,166.43562426405703,166.43562426405703,166.43562426405703,256.19748190875293,256.19748190875293,256.19748190875293,-89.76185764469587,-89.76185764469587,-89.76185764469587,0.0,0.0,0.0,21628.081634598973
2022-05-24,21461.626698335727,15608.404162215831,26819.103755783097,21461.626698335727,21461.626698335727,-443.1704510718717,-443.1704510718717,-443.1704510718717,-351.7386361392167,-351.7386361392167,-351.7386361392167,-91.43181493265497,-91.43181493265497,-91.43181493265497,0.0,0.0,0.0,21018.456247263857
2022-05-25,21461.607386336542,16140.435419699115,27191.145354615226,21461.607386336542,21461.607386336542,141.51654587962977,141.51654587962977,141.51654587962977,240.6950162920786,240.6950162920786,240.6950162920786,-99.17847041244883,-99.17847041244883,-99.17847041244883,0.0,0.0,0.0,21603.12393221617
2022-05-26,21461.58807433735,16089.152331185565,26632.393163483746,21461.58807433735,21461.58807433735,-97.07621699365654,-97.07621699365654,-97.07621699365654,15.713991668967793,15.713991668967793,15.713991668967793,-112.79020866262434,-112.79020866262434,-112.79020866262434,0.0,0.0,0.0,21364.511857343692
2022-05-27,21461.56876233816,15011.795073861127,26111.403089374904,21461.56876233816,21461.56876233816,-879.2160875704769,-879.2160875704769,-879.2160875704769,-747.3336135367501,-747.3336135367501,-747.3336135367501,-131.88247403372677,-131.88247403372677,-131.88247403372677,0.0,0.0,0.0,20582.352674767684
2022-05-28,21461.54945033897,16054.62067684368,27173.596105342203,21461.54945033897,21461.54945033897,195.74317900404475,195.74317900404475,195.74317900404475,351.6530420951678,351.6530420951678,351.6530420951678,-155.9098630911231,-155.9098630911231,-155.9098630911231,0.0,0.0,0.0,21657.292629343017
2022-05-29,21461.530138339782,15596.192793089489,27016.06663268636,21461.530138339782,21461.530138339782,50.63027297229838,50.63027297229838,50.63027297229838,234.81271771576962,234.81271771576962,234.81271771576962,-184.1824447434712,-184.1824447434712,-184.1824447434712,0.0,0.0,0.0,21512.16041131208
2022-05-30,21461.510826340593,15772.43218334368,27262.215956584125,21461.510826340593,21461.510826340593,40.31164795162519,40.31164795162519,40.31164795162519,256.19748190681514,256.19748190681514,256.19748190681514,-215.88583395518995,-215.88583395518995,-215.88583395518995,0.0,0.0,0.0,21501.822474292218
2022-05-31,21461.4915143414,15044.004989234962,26082.441691449592,21461.4915143414,21461.4915143414,-601.8430846638795,-601.8430846638795,-601.8430846638795,-351.7386361404509,-351.7386361404509,-351.7386361404509,-250.10444852342854,-250.10444852342854,-250.10444852342854,0.0,0.0,0.0,20859.64842967752
2022-06-01,21461.472202342215,15841.833765880006,26519.0062505763,21461.472202342215,21461.472202342215,-45.1522818616367,-45.1522818616367,-45.1522818616367,240.69501629392144,240.69501629392144,240.69501629392144,-285.8472981555582,-285.8472981555582,-285.8472981555582,0.0,0.0,0.0,21416.31992048058
2022-06-02,21461.452890343022,15591.708532340157,26830.018983351983,21461.452890343022,21461.452890343022,-306.36160138410867,-306.36160138410867,-306.36160138410867,15.713991668950172,15.713991668950172,15.713991668950172,-322.07559305305887,-322.07559305305887,-322.07559305305887,0.0,0.0,0.0,21155.091288958913
2022-06-03,21461.433578343833,15352.204797064918,26104.10995703201,21461.433578343833,21461.433578343833,-1105.0650304651474,-1105.0650304651474,-1105.0650304651474,-747.3336135357531,-747.3336135357531,-747.3336135357531,-357.73141692939424,-357.73141692939424,-357.73141692939424,0.0,0.0,0.0,20356.368547878687
2022-06-04,21461.414266344647,16162.67466588381,26886.36524172388,21461.414266344647,21461.414266344647,-40.11364575507382,-40.11364575507382,-40.11364575507382,351.6530420952603,351.6530420952603,351.6530420952603,-391.7666878503341,-391.7666878503341,-391.7666878503341,0.0,0.0,0.0,21421.300620589573
2022-06-05,21461.394954345455,15348.493449484711,26670.41599260981,21461.394954345455,21461.394954345455,-188.35891217330027,-188.35891217330027,-188.35891217330027,234.81271771601567,234.81271771601567,234.81271771601567,-423.1716298893159,-423.1716298893159,-423.1716298893159,0.0,0.0,0.0,21273.036042172156
2022-06-06,21461.375642346266,15811.076496829482,27427.243853705382,21461.375642346266,21461.375642346266,-194.80451725466654,-194.80451725466654,-194.80451725466654,256.19748190727285,256.19748190727285,256.19748190727285,-451.0019991619394,-451.0019991619394,-451.0019991619394,0.0,0.0,0.0,21266.5711250916
2022-06-07,21461.356330347073,14882.543363128709,26215.37400075089,21461.356330347073,21461.356330347073,-826.1429847314663,-826.1429847314663,-826.1429847314663,-351.7386361397999,-351.7386361397999,-351.7386361397999,-474.40434859166646,-474.40434859166646,-474.40434859166646,0.0,0.0,0.0,20635.213345615608
2022-06-08,21461.337018347887,15645.782811595287,27044.99213636533,21461.337018347887,21461.337018347887,-251.943659181152,-251.943659181152,-251.943659181152,240.69501629136573,240.69501629136573,240.69501629136573,-492.6386754725177,-492.6386754725177,-492.6386754725177,0.0,0.0,0.0,21209.393359166734
2022-06-09,21461.3177063487,15238.180399331743,26190.681917613525,21461.3177063487,21461.3177063487,-489.3838810490998,-489.3838810490998,-489.3838810490998,15.713991668932552,15.713991668932552,15.713991668932552,-505.09787271803236,-505.09787271803236,-505.09787271803236,0.0,0.0,0.0,20971.9338252996
2022-06-10,21461.298394349506,14377.947351199124,25550.69206962534,21461.298394349506,21461.298394349506,-1258.6571099039131,-1258.6571099039131,-1258.6571099039131,-747.3336135376059,-747.3336135376059,-747.3336135376059,-511.32349636630727,-511.32349636630727,-511.32349636630727,0.0,0.0,0.0,20202.64128444559
2022-06-11,21461.27908235032,16036.448327966324,26632.93976436702,21461.27908235032,21461.27908235032,-159.36442370007242,-159.36442370007242,-159.36442370007242,351.65304209535276,351.65304209535276,351.65304209535276,-511.01746579542515,-511.01746579542515,-511.01746579542515,0.0,0.0,0.0,21301.914658650247
2022-06-12,21461.259770351127,16024.687591045433,27167.370012214513,21461.259770351127,21461.259770351127,-269.23670852939415,-269.23670852939415,-269.23670852939415,234.81271771571562,234.81271771571562,234.81271771571562,-504.0494262451098,-504.0494262451098,-504.0494262451098,0.0,0.0,0.0,21192.023061821732
2022-06-13,21461.24045835194,15323.124046955112,27086.654994188437,21461.24045835194,21461.24045835194,-234.26214052843943,-234.26214052843943,-234.26214052843943,256.19748190653286,256.19748190653286,256.19748190653286,-490.4596224349723,-490.4596224349723,-490.4596224349723,0.0,0.0,0.0,21226.978317823497
2022-06-14,21461.221146352753,14886.243641264986,25914.851041910093,21461.221146352753,21461.221146352753,-822.1958901663068,-822.1958901663068,-822.1958901663068,-351.73863614225615,-351.73863614225615,-351.73863614225615,-470.4572540240505,-470.4572540240505,-470.4572540240505,0.0,0.0,0.0,20639.025256186447
2022-06-15,21461.20183435356,16030.412642254205,26286.52344471724,21461.20183435356,21461.20183435356,-203.71938869184143,-203.71938869184143,-203.71938869184143,240.69501629320862,240.69501629320862,240.69501629320862,-444.41440498505006,-444.41440498505006,-444.41440498505006,0.0,0.0,0.0,21257.482445661717
2022-06-16,21461.18252235437,15206.153918700522,26076.258989261416,21461.18252235437,21461.18252235437,-397.14176471349276,-397.14176471349276,-397.14176471349276,15.713991668914932,15.713991668914932,15.713991668914932,-412.85575638240766,-412.85575638240766,-412.85575638240766,0.0,0.0,0.0,21064.04075764088
2022-06-17,21461.16321035518,14758.622083352939,26120.60433005957,21461.16321035518,21461.16321035518,-1123.7780158982657,-1123.7780158982657,-1123.7780158982657,-747.3336135363694,-747.3336135363694,-747.3336135363694,-376.4444023618964,-376.4444023618964,-376.4444023618964,0.0,0.0,0.0,20337.385194456914
2022-06-18,21461.143898355993,16012.35399233955,27381.455914094913,21461.143898355993,21461.143898355993,15.68885263094433,15.68885263094433,15.68885263094433,351.6530420961509,351.6530420961509,351.6530420961509,-335.96418946520663,-335.96418946520663,-335.96418946520663,0.0,0.0,0.0,21476.832750986938
2022-06-19,21461.124586356804,16008.43291789972,27162.29724345439,21461.124586356804,21461.124586356804,-57.486369313659196,-57.486369313659196,-57.486369313659196,234.8127177161797,234.8127177161797,234.8127177161797,-292.29908702983886,-292.29908702983886,-292.29908702983886,0.0,0.0,0.0,21403.638217043146
2022-06-20,21461.10527435761,15501.033213062712,26849.055288728334,21461.10527435761,21461.10527435761,9.78731269788441,9.78731269788441,9.78731269788441,256.19748190579287,256.19748190579287,256.19748190579287,-246.41016920790847,-246.41016920790847,-246.41016920790847,0.0,0.0,0.0,21470.892587055496
2022-06-21,21461.085962358426,15457.29313410282,26503.235326003258,21461.085962358426,21461.085962358426,-551.0494813297445,-551.0494813297445,-551.0494813297445,-351.7386361397199,-351.7386361397199,-351.7386361397199,-199.31084519002465,-199.31084519002465,-199.31084519002465,0.0,0.0,0.0,20910.03648102868
2022-06-22,21461.066650359233,15865.70689250595,27008.134333739745,21461.066650359233,21461.066650359233,88.6540040150647,88.6540040150647,88.6540040150647,240.69501628985864,240.69501628985864,240.69501628985864,-152.04101227479393,-152.04101227479393,-152.04101227479393,0.0,0.0,0.0,21549.720654374298
2022-06-23,21461.047338360044,15879.274070228032,26908.264915093438,21461.047338360044,21461.047338360044,-89.92683396929793,-89.92683396929793,-89.92683396929793,15.713991666819556,15.713991666819556,15.713991666819556,-105.64082563611751,-105.64082563611751,-105.64082563611751,0.0,0.0,0.0,21371.120504390747
2022-06-24,21461.02802636086,14776.193046791726,26458.242213329228,21461.02802636086,21461.02802636086,-808.4583923019534,-808.4583923019534,-808.4583923019534,-747.3336135366777,-747.3336135366777,-747.3336135366777,-61.12477876527572,-61.12477876527572,-61.12477876527572,0.0,0.0,0.0,20652.569634058906
2022-06-25,21461.008714361666,16215.964006306882,27348.901183798644,21461.008714361666,21461.008714361666,332.1962722553159,332.1962722553159,332.1962722553159,351.6530420927323,351.6530420927323,351.6530420927323,-19.456769837416353,-19.456769837416353,-19.456769837416353,0.0,0.0,0.0,21793.20498661698
2022-06-26,21460.989402362477,16040.66510120575,27347.227079664714,21460.989402362477,21460.989402362477,253.28592523705132,253.28592523705132,253.28592523705132,234.81271771587961,234.81271771587961,234.81271771587961,18.47320752117171,18.47320752117171,18.47320752117171,0.0,0.0,0.0,21714.275327599527
2022-06-27,21460.970090363284,16030.51455314753,26892.398037363517,21460.970090363284,21460.970090363284,308.06764606125165,308.06764606125165,308.06764606125165,256.1974819050529,256.1974819050529,256.1974819050529,51.87016415619878,51.87016415619878,51.87016415619878,0.0,0.0,0.0,21769.037736424536
2022-06-28,21460.9507783641,15190.466440703523,26481.39421192654,21460.9507783641,21460.9507783641,-271.68614642591365,-271.68614642591365,-271.68614642591365,-351.73863614095404,-351.73863614095404,-351.73863614095404,80.05248971504032,80.05248971504032,80.05248971504032,0.0,0.0,0.0,21189.264631938186
2022-06-29,21460.93146636491,16148.915710195011,27332.47254222046,21460.93146636491,21460.93146636491,343.1621829580543,343.1621829580543,343.1621829580543,240.69501629170148,240.69501629170148,240.69501629170148,102.46716666635281,102.46716666635281,102.46716666635281,0.0,0.0,0.0,21804.093649322964
2022-06-30,21460.912154365717,16522.195519640598,27270.2827866565,21460.912154365717,21460.912154365717,134.41547301843872,134.41547301843872,134.41547301843872,15.713991669503876,15.713991669503876,15.713991669503876,118.70148134893483,118.70148134893483,118.70148134893483,0.0,0.0,0.0,21595.327627384155
2022-07-01,21460.89284236653,15276.042364499668,26355.712345169228,21460.89284236653,21460.89284236653,-618.8426243136013,-618.8426243136013,-618.8426243136013,-747.3336135369858,-747.3336135369858,-747.3336135369858,128.49098922338447,128.49098922338447,128.49098922338447,0.0,0.0,0.0,20842.05021805293
2022-07-02,21460.87353036734,16041.921383794059,27628.07403080745,21460.87353036734,21460.87353036734,483.37663832342,483.37663832342,483.37663832342,351.6530420942361,351.6530420942361,351.6530420942361,131.72359622918387,131.72359622918387,131.72359622918387,0.0,0.0,0.0,21944.25016869076
2022-07-03,21460.85421836815,16066.954806833988,27744.544451339472,21460.85421836815,21460.85421836815,363.2524424948968,363.2524424948968,363.2524424948968,234.8127177161258,234.8127177161258,234.8127177161258,128.439724778771,128.439724778771,128.439724778771,0.0,0.0,0.0,21824.106660863046
2022-07-04,21460.83490636896,16572.113579809204,27605.517817386997,21460.83490636896,21460.83490636896,375.0261203805946,375.0261203805946,375.0261203805946,256.1974819055106,256.1974819055106,256.1974819055106,118.82863847508402,118.82863847508402,118.82863847508402,0.0,0.0,0.0,21835.861026749553
2022-07-05,21460.81559436977,16076.76025953903,27386.852711125222,21460.81559436977,21460.81559436977,-248.51753495258444,-248.51753495258444,-248.51753495258444,-351.738636140303,-351.738636140303,-351.738636140303,103.22110118771859,103.22110118771859,103.22110118771859,0.0,0.0,0.0,21212.298059417186
2022-07-06,21460.79648810359,16217.204048026388,27821.945886344936,21460.79648810359,21460.79648810359,322.7736572152512,322.7736572152512,322.7736572152512,240.69501629354434,240.69501629354434,240.69501629354434,82.07864092170692,82.07864092170692,82.07864092170692,0.0,0.0,0.0,21783.57014531884
2022-07-07,21460.777381837408,15773.891158129507,27340.69897394368,21460.777381837408,21460.777381837408,71.69376609797928,71.69376609797928,71.69376609797928,15.713991667408518,15.713991667408518,15.713991667408518,55.979774430570764,55.979774430570764,55.979774430570764,0.0,0.0,0.0,21532.471147935386
2022-07-08,21460.75827557123,15102.707560135204,26264.14881161627,21460.75827557123,21460.75827557123,-721.7299909871956,-721.7299909871956,-721.7299909871956,-747.3336135372939,-747.3336135372939,-747.3336135372939,25.603622550098383,25.603622550098383,25.603622550098383,0.0,0.0,0.0,20739.028284584034
2022-07-09,21460.73916930505,16211.762143690503,27397.928693508555,21460.73916930505,21460.73916930505,343.3644489901855,343.3644489901855,343.3644489901855,351.6530420950343,351.6530420950343,351.6530420950343,-8.288593104848776,-8.288593104848776,-8.288593104848776,0.0,0.0,0.0,21804.103618295234
2022-07-10,21460.72006303887,16076.443160215622,27073.808821830025,21460.72006303887,21460.72006303887,189.93908213991213,189.93908213991213,189.93908213991213,234.8127177158257,234.8127177158257,234.8127177158257,-44.87363557591355,-44.87363557591355,-44.87363557591355,0.0,0.0,0.0,21650.659145178783
2022-07-11,21460.70095677269,16080.121780336796,27237.36965562717,21460.70095677269,21460.70095677269,172.9101283439645,172.9101283439645,172.9101283439645,256.19748190734447,256.19748190734447,256.19748190734447,-83.28735356338001,-83.28735356338001,-83.28735356338001,0.0,0.0,0.0,21633.611085116652
2022-07-12,21460.681850506506,15601.656452484249,26374.87482720499,21460.681850506506,21460.681850506506,-474.3848538635216,-474.3848538635216,-474.3848538635216,-351.73863613965193,-351.73863613965193,-351.73863613965193,-122.64621772386964,-122.64621772386964,-122.64621772386964,0.0,0.0,0.0,20986.296996642985
2022-07-13,21460.662744240326,16114.579135037862,27241.19244693673,21460.662744240326,21460.662744240326,78.62630161162757,78.62630161162757,78.62630161162757,240.69501629098863,240.69501629098863,240.69501629098863,-162.06871467936108,-162.06871467936108,-162.06871467936108,0.0,0.0,0.0,21539.289045851954
2022-07-14,21460.643637974146,15847.191111175149,27020.14772815046,21460.643637974146,21460.643637974146,-184.98204818127542,-184.98204818127542,-184.98204818127542,15.71399166946862,15.71399166946862,15.71399166946862,-200.69603985074403,-200.69603985074403,-200.69603985074403,0.0,0.0,0.0,21275.66158979287
2022-07-15,21460.624531707963,14961.121108647141,26183.274211641135,21460.624531707963,21460.624531707963,-985.0451775969824,-985.0451775969824,-985.0451775969824,-747.3336135360574,-747.3336135360574,-747.3336135360574,-237.711564060925,-237.711564060925,-237.711564060925,0.0,0.0,0.0,20475.57935411098
2022-07-16,21460.605425441783,15922.37953246394,27063.20707297433,21460.605425441783,21460.605425441783,79.29444554404144,79.29444554404144,79.29444554404144,351.6530420923213,351.6530420923213,351.6530420923213,-272.3585965482799,-272.3585965482799,-272.3585965482799,0.0,0.0,0.0,21539.899870985824
2022-07-17,21460.586319175603,15885.339107109517,26714.349131769657,21460.586319175603,21460.586319175603,-69.14330923017482,-69.14330923017482,-69.14330923017482,234.81271771552548,234.81271771552548,234.81271771552548,-303.95602694570033,-303.95602694570033,-303.95602694570033,0.0,0.0,0.0,21391.44300994543
2022-07-18,21460.567212909424,15790.630100815632,26978.06889440014,21460.567212909424,21460.567212909424,-75.71401701860819,-75.71401701860819,-75.71401701860819,256.1974819078022,256.1974819078022,256.1974819078022,-331.91149892641045,-331.91149892641045,-331.91149892641045,0.0,0.0,0.0,21384.853195890817
2022-07-19,21460.54810664324,15440.715562078925,26387.981522790502,21460.54810664324,21460.54810664324,-707.4704825284689,-707.4704825284689,-707.4704825284689,-351.73863614022304,-351.73863614022304,-351.73863614022304,-355.7318463882459,-355.7318463882459,-355.7318463882459,0.0,0.0,0.0,20753.077624114772
2022-07-20,21460.52900037706,15651.423311824774,27042.916976554538,21460.52900037706,21460.52900037706,-134.3355905027015,-134.3355905027015,-134.3355905027015,240.69501629283155,240.69501629283155,240.69501629283155,-375.03060679553306,-375.03060679553306,-375.03060679553306,0.0,0.0,0.0,21326.19340987436
2022-07-21,21460.50989411088,15525.05861154257,26257.881814559078,21460.50989411088,21460.50989411088,-373.8185214497118,-373.8185214497118,-373.8185214497118,15.713991667373259,15.713991667373259,15.713991667373259,-389.53251311708505,-389.53251311708505,-389.53251311708505,0.0,0.0,0.0,21086.691372661167
2022-07-22,21460.4907878447,14645.610142092328,25963.310886243682,21460.4907878447,21460.4907878447,-1146.4085666258397,-1146.4085666258397,-1146.4085666258397,-747.3336135366051,-747.3336135366051,-747.3336135366051,-399.0749530892349,-399.0749530892349,-399.0749530892349,0.0,0.0,0.0,20314.08222121886
2022-07-23,21460.471681578518,15586.782913414565,26958.689092691067,21460.471681578518,21460.471681578518,-51.95342769066531,-51.95342769066531,-51.95342769066531,351.65304209241384,351.65304209241384,351.65304209241384,-403.6064697830791,-403.6064697830791,-403.6064697830791,0.0,0.0,0.0,21408.51825388785
2022-07-24,21460.452575312338,15747.44643538092,27015.929397208558,21460.452575312338,21460.452575312338,-168.36974049730483,-168.36974049730483,-168.36974049730483,234.81271771577164,234.81271771577164,234.81271771577164,-403.1824582130765,-403.1824582130765,-403.1824582130765,0.0,0.0,0.0,21292.08283481503
2022-07-25,21460.43346904616,15829.90895976539,26799.497562514905,21460.43346904616,21460.43346904616,-141.76080486427347,-141.76080486427347,-141.76080486427347,256.1974819058645,256.1974819058645,256.1974819058645,-397.958286770138,-397.958286770138,-397.958286770138,0.0,0.0,0.0,21318.672664181886
2022-07-26,21460.41436277998,15360.224879105543,26600.215625973713,21460.41436277998,21460.41436277998,-739.918773711538,-739.918773711538,-739.918773711538,-351.738636139572,-351.738636139572,-351.738636139572,-388.180137571966,-388.180137571966,-388.180137571966,0.0,0.0,0.0,20720.49558906844
2022-07-27,21460.395256513795,15777.226797598247,27009.554307742274,21460.395256513795,21460.395256513795,-133.47889841980518,-133.47889841980518,-133.47889841980518,240.69501629168073,240.69501629168073,240.69501629168073,-374.1739147114859,-374.1739147114859,-374.1739147114859,0.0,0.0,0.0,21326.91635809399
2022-07-28,21460.376150247615,16079.622118522397,26197.54059384298,21460.376150247615,21460.376150247615,-340.6186208077073,-340.6186208077073,-340.6186208077073,15.7139916652779,15.7139916652779,15.7139916652779,-356.3326124729852,-356.3326124729852,-356.3326124729852,0.0,0.0,0.0,21119.757529439907
2022-07-29,21460.357043981436,14563.499995464439,26130.69413043253,21460.357043981436,21460.357043981436,-1082.436179447643,-1082.436179447643,-1082.436179447643,-747.3336135353684,-747.3336135353684,-747.3336135353684,-335.10256591227466,-335.10256591227466,-335.10256591227466,0.0,0.0,0.0,20377.920864533793
2022-07-30,21460.337937715256,15464.79428924563,27010.528020453796,21460.337937715256,21460.337937715256,40.68401892722322,40.68401892722322,40.68401892722322,351.653042093212,351.653042093212,351.653042093212,-310.96902316598874,-310.96902316598874,-310.96902316598874,0.0,0.0,0.0,21501.02195664248
2022-07-31,21460.318831449073,15840.119731616076,27157.23802109374,21460.318831449073,21460.318831449073,-49.62876459064721,-49.62876459064721,-49.62876459064721,234.81271771547148,234.81271771547148,234.81271771547148,-284.4414823061187,-284.4414823061187,-284.4414823061187,0.0,0.0,0.0,21410.690066858424
2022-08-01,21460.299725182893,16049.652036209804,26755.40024459117,21460.299725182893,21460.299725182893,0.15825618302287478,0.15825618302287478,0.15825618302287478,256.19748190632225,256.19748190632225,256.19748190632225,-256.03922572329935,-256.03922572329935,-256.03922572329935,0.0,0.0,0.0,21460.457981365915
2022-08-02,21460.280618916713,14838.961689948263,26082.29238096261,21460.280618916713,21460.280618916713,-578.0160986834867,-578.0160986834867,-578.0160986834867,-351.7386361389209,-351.7386361389209,-351.7386361389209,-226.2774625445659,-226.2774625445659,-226.2774625445659,0.0,0.0,0.0,20882.264520233228
2022-08-03,21460.26151265053,15902.136032197519,26712.499209435777,21460.26151265053,21460.26151265053,45.040560827487695,45.040560827487695,45.040560827487695,240.69501629352357,240.69501629352357,240.69501629352357,-195.65445546603587,-195.65445546603587,-195.65445546603587,0.0,0.0,0.0,21505.30207347802
2022-08-04,21460.24240638435,15428.607805950869,26938.92234869056,21460.24240638435,21460.24240638435,-148.92597228301727,-148.92597228301727,-148.92597228301727,15.713991667338036,15.713991667338036,15.713991667338036,-164.6399639503553,-164.6399639503553,-164.6399639503553,0.0,0.0,0.0,21311.316434101333
2022-08-05,21460.22330011817,15039.299736338002,26165.774730440484,21460.22330011817,21460.22330011817,-880.9988961468741,-880.9988961468741,-880.9988961468741,-747.3336135387659,-747.3336135387659,-747.3336135387659,-133.66528260810813,-133.66528260810813,-133.66528260810813,0.0,0.0,0.0,20579.224403971297
2022-08-06,21460.20419385199,16331.898770008174,27528.828822634343,21460.20419385199,21460.20419385199,248.5379484747357,248.5379484747357,248.5379484747357,351.6530420940101,351.6530420940101,351.6530420940101,-103.11509361927446,-103.11509361927446,-103.11509361927446,0.0,0.0,0.0,21708.742142326726
2022-08-07,21460.18508758581,15948.353277802784,26905.152082100263,21460.18508758581,21460.18508758581,161.49143045500432,161.49143045500432,161.49143045500432,234.81271771593566,234.81271771593566,234.81271771593566,-73.32128726093133,-73.32128726093133,-73.32128726093133,0.0,0.0,0.0,21621.676518040815
2022-08-08,21460.16598131963,15956.369473881343,27227.18572479446,21460.16598131963,21460.16598131963,211.63864478120803,211.63864478120803,211.63864478120803,256.19748190678,256.19748190678,256.19748190678,-44.558837125571955,-44.558837125571955,-44.558837125571955,0.0,0.0,0.0,21671.80462610084
2022-08-09,21460.146875053448,15404.96818675692,26706.27442081692,21460.146875053448,21460.146875053448,-368.782384737426,-368.782384737426,-368.782384737426,-351.73863614015505,-351.73863614015505,-351.73863614015505,-17.04374859727102,-17.04374859727102,-17.04374859727102,0.0,0.0,0.0,21091.36449031602
2022-08-10,21460.127768787268,16491.745433632772,27114.128872728637,21460.127768787268,21460.127768787268,249.76198354597412,249.76198354597412,249.76198354597412,240.69501629316719,240.69501629316719,240.69501629316719,9.066967252806917,9.066967252806917,9.066967252806917,0.0,0.0,0.0,21709.88975233324
2022-08-11,21460.108662521085,15805.821693785636,27315.80750332762,21460.108662521085,21460.108662521085,49.387396620122644,49.387396620122644,49.387396620122644,15.71399166524266,15.71399166524266,15.71399166524266,33.673404954879985,33.673404954879985,33.673404954879985,0.0,0.0,0.0,21509.496059141205
2022-08-12,21460.089556254905,14865.466895600235,26150.45432758248,21460.089556254905,21460.089556254905,-690.6044845815001,-690.6044845815001,-690.6044845815001,-747.3336135377688,-747.3336135377688,-747.3336135377688,56.72912895626872,56.72912895626872,56.72912895626872,0.0,0.0,0.0,20769.485071673404
2022-08-13,21460.070449988725,16095.303637999055,27412.15001394809,21460.070449988725,21460.070449988725,429.8890509234511,429.8890509234511,429.8890509234511,351.6530420948083,351.6530420948083,351.6530420948083,78.2360088286428,78.2360088286428,78.2360088286428,0.0,0.0,0.0,21889.959500912177
2022-08-14,21460.051343722545,16121.801809577355,27329.612247708097,21460.051343722545,21460.051343722545,333.0505023747025,333.0505023747025,333.0505023747025,234.81271771563556,234.81271771563556,234.81271771563556,98.23778465906688,98.23778465906688,98.23778465906688,0.0,0.0,0.0,21793.10184609725
2022-08-15,21460.032237456366,16001.868503829739,27469.71799531771,21460.032237456366,21460.032237456366,373.0101355020171,373.0101355020171,373.0101355020171,256.1974819048422,256.1974819048422,256.1974819048422,116.81265359717484,116.81265359717484,116.81265359717484,0.0,0.0,0.0,21833.04237295838
2022-08-16,21460.013131190186,15760.509339201886,27224.812788679767,21460.013131190186,21460.013131190186,-217.6734464158107,-217.6734464158107,-217.6734464158107,-351.7386361376187,-351.7386361376187,-351.7386361376187,134.06518972180803,134.06518972180803,134.06518972180803,0.0,0.0,0.0,21242.339684774375
2022-08-17,21459.994024924003,16624.0930254134,27429.234759539922,21459.994024924003,21459.994024924003,390.8129359209141,390.8129359209141,390.8129359209141,240.69501629281078,240.69501629281078,240.69501629281078,150.11791962810338,150.11791962810338,150.11791962810338,0.0,0.0,0.0,21850.806960844915
2022-08-18,21459.97491865782,16123.820112186402,27234.55025560966,21459.97491865782,21459.97491865782,180.81686703984377,180.81686703984377,180.81686703984377,15.713991667926964,15.713991667926964,15.713991667926964,165.1028753719168,165.1028753719168,165.1028753719168,0.0,0.0,0.0,21640.791785697664
2022-08-19,21459.95581239164,15294.852212346439,26724.278572795407,21459.95581239164,21459.95581239164,-568.180178627144,-568.180178627144,-568.180178627144,-747.3336135380771,-747.3336135380771,-747.3336135380771,179.1534349109331,179.1534349109331,179.1534349109331,0.0,0.0,0.0,20891.775633764497
2022-08-20,21459.93670612546,16207.260983547329,27751.130336038037,21459.93670612546,21459.93670612546,544.0497806688587,544.0497806688587,544.0497806688587,351.6530420949008,351.6530420949008,351.6530420949008,192.39673857395792,192.39673857395792,192.39673857395792,0.0,0.0,0.0,22003.986486794318
2022-08-21,21459.91759985928,16216.775391095636,28024.628933507905,21459.91759985928,21459.91759985928,439.7596570305778,439.7596570305778,439.7596570305778,234.8127177156085,234.8127177156085,234.8127177156085,204.94693931496937,204.94693931496937,204.94693931496937,0.0,0.0,0.0,21899.67725688986
2022-08-22,21459.8984935931,16317.73813620953,27678.86803687621,21459.8984935931,21459.8984935931,473.0969876906873,473.0969876906873,473.0969876906873,256.19748190787385,256.19748190787385,256.19748190787385,216.8995057828134,216.8995057828134,216.8995057828134,0.0,0.0,0.0,21932.995481283786
2022-08-23,21459.87938732692,15844.94133514077,26997.300814406604,21459.87938732692,21459.87938732692,-123.41188412584505,-123.41188412584505,-123.41188412584505,-351.738636140075,-351.738636140075,-351.738636140075,228.32675201422998,228.32675201422998,228.32675201422998,0.0,0.0,0.0,21336.467503201075
2022-08-24,21459.86028106074,16261.06833442371,27476.94475414925,21459.86028106074,21459.86028106074,479.96973378254717,479.96973378254717,479.96973378254717,240.69501629245437,240.69501629245437,240.69501629245437,239.2747174900928,239.2747174900928,239.2747174900928,0.0,0.0,0.0,21939.830014843286
2022-08-25,21459.841174794557,16375.403551226993,27090.494057214677,21459.841174794557,21459.841174794557,265.4754598211428,265.4754598211428,265.4754598211428,15.713991665831603,15.713991665831603,15.713991665831603,249.7614681553112,249.7614681553112,249.7614681553112,0.0,0.0,0.0,21725.3166346157
2022-08-26,21459.822068528374,15266.289254831117,25853.991360752076,21459.822068528374,21459.822068528374,-487.5567788926603,-487.5567788926603,-487.5567788926603,-747.3336135368405,-747.3336135368405,-747.3336135368405,259.77683464418027,259.77683464418027,259.77683464418027,0.0,0.0,0.0,20972.265289635714
2022-08-27,21459.802962262194,16666.958106747694,27858.728975648726,21459.802962262194,21459.802962262194,620.9365923398522,620.9365923398522,620.9365923398522,351.6530420964047,351.6530420964047,351.6530420964047,269.28355024344745,269.28355024344745,269.28355024344745,0.0,0.0,0.0,22080.739554602045
2022-08-28,21459.783855996015,16401.376891147615,27708.29998136457,21459.783855996015,21459.783855996015,513.0324175908543,513.0324175908543,513.0324175908543,234.81271771558153,234.81271771558153,234.81271771558153,278.21969987527274,278.21969987527274,278.21969987527274,0.0,0.0,0.0,21972.81627358687
2022-08-29,21459.764749729835,16230.947297425848,27643.287815925283,21459.764749729835,21459.764749729835,542.6998262160836,542.6998262160836,542.6998262160836,256.19748190593606,256.19748190593606,256.19748190593606,286.50234431014746,286.50234431014746,286.50234431014746,0.0,0.0,0.0,22002.46457594592
2022-08-30,21459.745643463655,16024.084488316355,27206.41025966953,21459.745643463655,21459.745643463655,-57.70649367066686,-57.70649367066686,-57.70649367066686,-351.73863613942405,-351.73863613942405,-351.73863613942405,294.0321424687572,294.0321424687572,294.0321424687572,0.0,0.0,0.0,21402.03914979299
2022-08-31,21459.726537197475,16559.860252758375,27549.48486913248,21459.726537197475,21459.726537197475,541.3937766749319,541.3937766749319,541.3937766749319,240.6950162942972,240.6950162942972,240.6950162942972,300.69876038063467,300.69876038063467,300.69876038063467,0.0,0.0,0.0,22001.12031387241
2022-09-01,21459.707430931296,16313.101233176194,27367.218628233837,21459.707430931296,21459.707430931296,322.1008209005081,322.1008209005081,322.1008209005081,15.713991667891738,15.713991667891738,15.713991667891738,306.3868292326163,306.3868292326163,306.3868292326163,0.0,0.0,0.0,21781.808251831804
2022-09-02,21459.68832466511,15319.839580683167,26259.176714923666,21459.68832466511,21459.68832466511,-436.3514157873237,-436.3514157873237,-436.3514157873237,-747.3336135356041,-747.3336135356041,-747.3336135356041,310.9821977482803,310.9821977482803,310.9821977482803,0.0,0.0,0.0,21023.336908877784
2022-09-03,21459.66921839893,16793.79313322784,27583.38736655968,21459.66921839893,21459.66921839893,666.031258493954,666.031258493954,666.031258493954,351.65304209298597,351.65304209298597,351.65304209298597,314.37821640096814,314.37821640096814,314.37821640096814,0.0,0.0,0.0,22125.700476892882
2022-09-04,21459.65011213275,16526.82521529811,27820.580901960806,21459.65011213275,21459.65011213275,551.2945105450901,551.2945105450901,551.2945105450901,234.81271771555444,234.81271771555444,234.81271771555444,316.48179282953555,316.48179282953555,316.48179282953555,0.0,0.0,0.0,22010.94462267784
2022-09-05,21459.63100586657,16037.946413895135,27734.96087294018,21459.63100586657,21459.63100586657,573.4164510645167,573.4164510645167,573.4164510645167,256.1974819063939,256.1974819063939,256.1974819063939,317.2189691581227,317.2189691581227,317.2189691581227,0.0,0.0,0.0,22033.047456931086
2022-09-06,21459.61189960039,15740.79952438131,27310.993796013237,21459.61189960039,21459.61189960039,-35.198843915876,-35.198843915876,-35.198843915876,-351.7386361406582,-351.7386361406582,-351.7386361406582,316.53979222478216,316.53979222478216,316.53979222478216,0.0,0.0,0.0,21424.413055684512
2022-09-07,21459.59279333421,16017.039543988692,27706.171192764694,21459.59279333421,21459.59279333421,555.117292530898,555.117292530898,555.117292530898,240.6950162917415,240.6950162917415,240.6950162917415,314.4222762391564,314.4222762391564,314.4222762391564,0.0,0.0,0.0,22014.710085865107
2022-09-08,21459.57368706803,16273.575572281941,27157.89977354971,21459.57368706803,21459.57368706803,326.5892847167745,326.5892847167745,326.5892847167745,15.713991670576043,15.713991670576043,15.713991670576043,310.8752930461984,310.8752930461984,310.8752930461984,0.0,0.0,0.0,21786.162971784805
2022-09-09,21459.558804267417,15214.751223305619,26783.60386305631,21459.558804267417,21459.558804267417,-441.39334683497907,-441.39334683497907,-441.39334683497907,-747.3336135374568,-747.3336135374568,-747.3336135374568,305.9402667024778,305.9402667024778,305.9402667024778,0.0,0.0,0.0,21018.16545743244
2022-09-10,21459.543921466808,16442.616317436703,28019.770666985052,21459.543921466808,21459.543921466808,651.3446370558137,651.3446370558137,651.3446370558137,351.6530420937842,351.6530420937842,351.6530420937842,299.6915949620295,299.6915949620295,299.6915949620295,0.0,0.0,0.0,22110.88855852262
2022-09-11,21459.529038666198,16649.26497970304,27149.71168958222,21459.529038666198,21459.529038666198,527.0484866391097,527.0484866391097,527.0484866391097,234.8127177152544,234.8127177152544,234.8127177152544,292.23576892385523,292.23576892385523,292.23576892385523,0.0,0.0,0.0,21986.577525305307
2022-09-12,21459.51415586559,16871.83531655533,27825.252886352202,21459.51415586559,21459.51415586559,539.9066936657941,539.9066936657941,539.9066936657941,256.1974819056539,256.1974819056539,256.1974819056539,283.7092117601403,283.7092117601403,283.7092117601403,0.0,0.0,0.0,21999.420849531383
2022-09-13,21459.499273064976,15964.666028042404,27012.959197888267,21459.499273064976,21459.499273064976,-77.4637297402855,-77.4637297402855,-77.4637297402855,-351.7386361418923,-351.7386361418923,-351.7386361418923,274.2749064016068,274.2749064016068,274.2749064016068,0.0,0.0,0.0,21382.03554332469
2022-09-14,21459.48439026437,15951.347919700329,27812.748860788015,21459.48439026437,21459.48439026437,504.8129448498014,504.8129448498014,504.8129448498014,240.6950162927901,240.6950162927901,240.6950162927901,264.1179285570113,264.1179285570113,264.1179285570113,0.0,0.0,0.0,21964.29733511417
2022-09-15,21459.469507463757,16027.286011607337,27321.355598081944,21459.469507463757,21459.469507463757,269.1540355283402,269.1540355283402,269.1540355283402,15.713991670558405,15.713991670558405,15.713991670558405,253.4400438577818,253.4400438577818,253.4400438577818,0.0,0.0,0.0,21728.623542992096
2022-09-16,21459.454624663147,15148.16430464187,26641.492015548214,21459.454624663147,21459.454624663147,-504.8800488039368,-504.8800488039368,-504.8800488039368,-747.3336135362204,-747.3336135362204,-747.3336135362204,242.45356473228352,242.45356473228352,242.45356473228352,0.0,0.0,0.0,20954.57457585921
2022-09-17,21459.439741862534,16820.585055726642,27714.90564229266,21459.439741862534,21459.439741862534,583.0277346157711,583.0277346157711,583.0277346157711,351.65304209387665,351.65304209387665,351.65304209387665,231.3746925218944,231.3746925218944,231.3746925218944,0.0,0.0,0.0,22042.467476478305
2022-09-18,21459.424859061928,17092.63057175268,27502.087078345314,21459.424859061928,21459.424859061928,455.2293099710278,455.2293099710278,455.2293099710278,234.8127177159916,234.8127177159916,234.8127177159916,220.41659225503625,220.41659225503625,220.41659225503625,0.0,0.0,0.0,21914.654169032958
2022-09-19,21459.409976261315,16772.484117470867,27326.236468562365,21459.409976261315,21459.409976261315,465.9799425018953,465.9799425018953,465.9799425018953,256.1974819074877,256.1974819074877,256.1974819074877,209.7824605944076,209.7824605944076,209.7824605944076,0.0,0.0,0.0,21925.38991876321
2022-09-20,21459.395093460706,15616.998119808291,27182.2777387397,21459.395093460706,21459.395093460706,-152.07978490567052,-152.07978490567052,-152.07978490567052,-351.73863613935606,-351.73863613935606,-351.73863613935606,199.65885123368548,199.65885123368548,199.65885123368548,0.0,0.0,0.0,21307.315308555037
2022-09-21,21459.380210660092,16065.224918058291,27779.363186052517,21459.380210660092,21459.380210660092,430.90453254679846,430.90453254679846,430.90453254679846,240.69501629243368,240.69501629243368,240.69501629243368,190.2095162543648,190.2095162543648,190.2095162543648,0.0,0.0,0.0,21890.284743206892
2022-09-22,21459.365327859487,15604.277417868327,27177.014030387123,21459.365327859487,21459.365327859487,197.2839984357756,197.2839984357756,197.2839984357756,15.713991668463047,15.713991668463047,15.713991668463047,181.57000676731255,181.57000676731255,181.57000676731255,0.0,0.0,0.0,21656.64932629526
2022-09-23,21459.350445058873,15236.975355814568,26238.479406637278,21459.350445058873,21459.350445058873,-573.4903615281858,-573.4903615281858,-573.4903615281858,-747.3336135365286,-747.3336135365286,-747.3336135365286,173.84325200834277,173.84325200834277,173.84325200834277,0.0,0.0,0.0,20885.860083530686
2022-09-24,21459.335562258264,16238.67290799647,27677.729239254473,21459.335562258264,21459.335562258264,518.7493457679918,518.7493457679918,518.7493457679918,351.65304209396913,351.65304209396913,351.65304209396913,167.09630367402264,167.09630367402264,167.09630367402264,0.0,0.0,0.0,21978.084908026256
2022-09-25,21459.320679457658,16328.790092198473,27235.700286867377,21459.320679457658,21459.320679457658,396.1711104252205,396.1711104252205,396.1711104252205,234.81271771569146,234.81271771569146,234.81271771569146,161.35839270952908,161.35839270952908,161.35839270952908,0.0,0.0,0.0,21855.49178988288
2022-09-26,21459.305796657045,16113.657080986293,27514.806982794307,21459.305796657045,21459.305796657045,412.8178821921746,412.8178821921746,412.8178821921746,256.19748190674767,256.19748190674767,256.19748190674767,156.62040028542688,156.62040028542688,156.62040028542688,0.0,0.0,0.0,21872.12367884922
2022-09-27,21459.290913856436,15927.544638359039,26511.64579863377,21459.290913856436,21459.290913856436,-198.90284132926377,-198.90284132926377,-198.90284132926377,-351.73863614059024,-351.73863614059024,-351.73863614059024,152.83579481132645,152.83579481132645,152.83579481132645,0.0,0.0,0.0,21260.38807252717
2022-09-28,21459.276031055822,16569.36642681961,27717.518612973323,21459.276031055822,21459.276031055822,390.6180505065076,390.6180505065076,390.6180505065076,240.69501629427654,240.69501629427654,240.69501629427654,149.92303421223107,149.92303421223107,149.92303421223107,0.0,0.0,0.0,21849.89408156233
2022-09-29,21459.261148255217,16145.962524152832,26985.427121059463,21459.261148255217,21459.261148255217,163.4833707623505,163.4833707623505,163.4833707623505,15.713991668445443,15.713991668445443,15.713991668445443,147.76937909390506,147.76937909390506,147.76937909390506,0.0,0.0,0.0,21622.744519017568
2022-09-30,21459.246265454603,15723.333186225806,26737.992279918217,21459.246265454603,21459.246265454603,-601.0976038454077,-601.0976038454077,-601.0976038454077,-747.333613537076,-747.333613537076,-747.333613537076,146.2360096916684,146.2360096916684,146.2360096916684,0.0,0.0,0.0,20858.148661609197
2022-10-01,21459.231382653994,16135.359858032192,27475.089280944914,21459.231382653994,21459.231382653994,496.81733153270983,496.81733153270983,496.81733153270983,351.6530420954731,351.6530420954731,351.6530420954731,145.1642894372368,145.1642894372368,145.1642894372368,0.0,0.0,0.0,21956.048714186705
2022-10-02,21459.21649985338,16215.190030340571,27572.051391469737,21459.21649985338,21459.21649985338,379.1956900844446,379.1956900844446,379.1956900844446,234.81271771593754,234.81271771593754,234.81271771593754,144.38297236850696,144.38297236850696,144.38297236850696,0.0,0.0,0.0,21838.412189937826
2022-10-03,21459.201617052775,16488.44175005574,27517.95658930807,21459.201617052775,21459.201617052775,399.913593960533,399.913593960533,399.913593960533,256.1974819072055,256.1974819072055,256.1974819072055,143.7161120533275,143.7161120533275,143.7161120533275,0.0,0.0,0.0,21859.115211013308
2022-10-04,21459.186734252162,15881.35107395743,27177.565778769153,21459.186734252162,21459.186734252162,-208.74723845442352,-208.74723845442352,-208.74723845442352,-351.73863613993916,-351.73863613993916,-351.73863613993916,142.99139768551564,142.99139768551564,142.99139768551564,0.0,0.0,0.0,21250.43949579774
2022-10-05,21459.171851451552,16338.037750041429,27634.243540678428,21459.171851451552,21459.171851451552,382.74363602585754,382.74363602585754,382.74363602585754,240.69501629092642,240.69501629092642,240.69501629092642,142.04861973493112,142.04861973493112,142.04861973493112,0.0,0.0,0.0,21841.91548747741
2022-10-06,21459.156968650943,15849.590303405497,27206.429674884326,21459.156968650943,21459.156968650943,156.46194564368798,156.46194564368798,156.46194564368798,15.713991666350067,15.713991666350067,15.713991666350067,140.7479539773379,140.7479539773379,140.7479539773379,0.0,0.0,0.0,21615.61891429463
2022-10-07,21459.142085850333,15489.584971024726,26295.82014770146,21459.142085850333,21459.142085850333,-608.3558640130011,-608.3558640130011,-608.3558640130011,-747.3336135373843,-747.3336135373843,-747.3336135373843,138.977749524383,138.977749524383,138.977749524383,0.0,0.0,0.0,20850.786221837334
2022-10-08,21459.12720304972,16675.362955183355,27874.127455648697,21459.12720304972,21459.12720304972,488.3145560495156,488.3145560495156,488.3145560495156,351.6530420955655,351.6530420955655,351.6530420955655,136.66151395395002,136.66151395395002,136.66151395395002,0.0,0.0,0.0,21947.441759099234
2022-10-09,21459.11232024911,16215.030363792512,27332.730846380047,21459.11232024911,21459.11232024911,368.57652449414206,368.57652449414206,368.57652449414206,234.8127177156374,234.8127177156374,234.8127177156374,133.76380677850466,133.76380677850466,133.76380677850466,0.0,0.0,0.0,21827.688844743254
2022-10-10,21459.0974374485,16089.88249254071,27274.25861771106,21459.0974374485,21459.0974374485,386.4922628228157,386.4922628228157,386.4922628228157,256.1974819064655,256.1974819064655,256.1974819064655,130.29478091635025,130.29478091635025,130.29478091635025,0.0,0.0,0.0,21845.589700271317
2022-10-11,21459.08255464789,15758.856236496482,27066.803492119176,21459.08255464789,21459.08255464789,-225.42548631361956,-225.42548631361956,-225.42548631361956,-351.7386361405102,-351.7386361405102,-351.7386361405102,126.31314982689065,126.31314982689065,126.31314982689065,0.0,0.0,0.0,21233.657068334272
2022-10-12,21459.06767184728,15908.626447833734,27761.934260897116,21459.06767184728,21459.06767184728,362.6224208096514,362.6224208096514,362.6224208096514,240.69501629057004,240.69501629057004,240.69501629057004,121.9274045190813,121.9274045190813,121.9274045190813,0.0,0.0,0.0,21821.69009265693
2022-10-13,21459.05278904667,15845.310523214926,27012.032333193565,21459.05278904667,21459.05278904667,133.00915005902274,133.00915005902274,133.00915005902274,15.713991668410186,15.713991668410186,15.713991668410186,117.29515839061256,117.29515839061256,117.29515839061256,0.0,0.0,0.0,21592.061939105693
2022-10-14,21459.03790624606,14740.780063938248,26249.83328052164,21459.03790624606,21459.03790624606,-634.7130563003088,-634.7130563003088,-634.7130563003088,-747.3336135361477,-747.3336135361477,-747.3336135361477,112.6205572358388,112.6205572358388,112.6205572358388,0.0,0.0,0.0,20824.32484994575
2022-10-15,21459.02302344545,16513.63255906486,27784.03826805974,21459.02302344545,21459.02302344545,459.8027970562413,459.8027970562413,459.8027970562413,351.65304209355816,351.65304209355816,351.65304209355816,108.14975496268305,108.14975496268305,108.14975496268305,0.0,0.0,0.0,21918.82582050169
2022-10-16,21459.008140644837,15769.57667898649,27343.338874406243,21459.008140644837,21459.008140644837,338.97723835462074,338.97723835462074,338.97723835462074,234.81271771610162,234.81271771610162,234.81271771610162,104.16452063851911,104.16452063851911,104.16452063851911,0.0,0.0,0.0,21797.98537899946
2022-10-17,21458.99325784423,16386.1914548865,27474.10160232069,21458.99325784423,21458.99325784423,357.17158929382,357.17158929382,357.17158929382,256.19748190692326,256.19748190692326,256.19748190692326,100.97410738689672,100.97410738689672,100.97410738689672,0.0,0.0,0.0,21816.16484713805
2022-10-18,21458.97837504362,16049.993781867339,27110.801284202946,21458.97837504362,21458.97837504362,-252.8330598425632,-252.8330598425632,-252.8330598425632,-351.7386361398592,-351.7386361398592,-351.7386361398592,98.905576297296,98.905576297296,98.905576297296,0.0,0.0,0.0,21206.145315201058
2022-10-19,21458.96349224301,15874.254612235583,26886.485657233374,21458.96349224301,21458.96349224301,338.9878431224766,338.9878431224766,338.9878431224766,240.69501629021372,240.69501629021372,240.69501629021372,98.29282683226288,98.29282683226288,98.29282683226288,0.0,0.0,0.0,21797.951335365484
2022-10-20,21458.948609442396,16472.415625361195,27426.466510708684,21458.948609442396,21458.948609442396,115.17862893386962,115.17862893386962,115.17862893386962,15.713991666314826,15.713991666314826,15.713991666314826,99.46463726755479,99.46463726755479,99.46463726755479,0.0,0.0,0.0,21574.127238376266
2022-10-21,21458.93372664179,14962.235390850532,26053.73782710152,21458.93372664179,21458.93372664179,-644.6015508643935,-644.6015508643935,-644.6015508643935,-747.3336135364558,-747.3336135364558,-747.3336135364558,102.73206267206227,102.73206267206227,102.73206267206227,0.0,0.0,0.0,20814.332175777396
2022-10-22,21458.91884384118,16223.85144753941,27231.7220688365,21458.91884384118,21458.91884384118,460.0286143391197,460.0286143391197,460.0286143391197,351.65304209365075,351.65304209365075,351.65304209365075,108.37557224546899,108.37557224546899,108.37557224546899,0.0,0.0,0.0,21918.9474581803
2022-10-23,21458.903961040567,16329.857018369676,27060.947285037495,21458.903961040567,21458.903961040567,351.445048882223,351.445048882223,351.445048882223,234.8127177160746,234.8127177160746,234.8127177160746,116.63233116614835,116.63233116614835,116.63233116614835,0.0,0.0,0.0,21810.34900992279
2022-10-24,21458.889078239958,15871.69915803246,27459.165007050553,21458.889078239958,21458.889078239958,383.88152536719554,383.88152536719554,383.88152536719554,256.19748190498547,256.19748190498547,256.19748190498547,127.68404346221003,127.68404346221003,127.68404346221003,0.0,0.0,0.0,21842.770603607154
2022-10-25,21458.874195439348,15490.155439234835,26607.44964528794,21458.874195439348,21458.874195439348,-210.09286500250926,-210.09286500250926,-210.09286500250926,-351.73863614109325,-351.73863614109325,-351.73863614109325,141.64577113858402,141.64577113858402,141.64577113858402,0.0,0.0,0.0,21248.78133043684
2022-10-26,21458.85931263874,16200.883465895371,27676.971860470418,21458.85931263874,21458.85931263874,399.2511469168601,399.2511469168601,399.2511469168601,240.69501629205658,240.69501629205658,240.69501629205658,158.55613062480347,158.55613062480347,158.55613062480347,0.0,0.0,0.0,21858.1104595556
2022-10-27,21458.844429838126,15852.269510557993,27111.53910994347,21458.844429838126,21458.844429838126,194.08323230158933,194.08323230158933,194.08323230158933,15.71399166899913,15.71399166899913,15.71399166899913,178.3692406325902,178.3692406325902,178.3692406325902,0.0,0.0,0.0,21652.927662139715
2022-10-28,21458.82954703752,15536.876035386194,26610.432539582558,21458.82954703752,21458.82954703752,-546.3848572744707,-546.3848572744707,-546.3848572744707,-747.3336135352193,-747.3336135352193,-747.3336135352193,200.9487562607487,200.9487562607487,200.9487562607487,0.0,0.0,0.0,20912.444689763048
2022-10-29,21458.814664236907,16690.43351361863,27652.76063123544,21458.814664236907,21458.814664236907,577.7173156417392,577.7173156417392,577.7173156417392,351.6530420944489,351.6530420944489,351.6530420944489,226.0642735472903,226.0642735472903,226.0642735472903,0.0,0.0,0.0,22036.531979878644
2022-10-30,21458.799781436297,16407.11622444696,27817.480447962706,21458.799781436297,21458.799781436297,488.2030455979883,488.2030455979883,488.2030455979883,234.8127177160475,234.8127177160475,234.8127177160475,253.3903278819408,253.3903278819408,253.3903278819408,0.0,0.0,0.0,21947.002827034285
2022-10-31,21458.784898635684,16468.72513159816,27728.330675685706,21458.784898635684,21458.784898635684,538.7056222697338,538.7056222697338,538.7056222697338,256.1974819054432,256.1974819054432,256.1974819054432,282.5081403642906,282.5081403642906,282.5081403642906,0.0,0.0,0.0,21997.49052090542
2022-11-01,21458.770015835078,15770.012848237047,27004.244817053655,21458.770015835078,21458.770015835078,-38.82844595668223,-38.82844595668223,-38.82844595668223,-351.7386361397792,-351.7386361397792,-351.7386361397792,312.910190183097,312.910190183097,312.910190183097,0.0,0.0,0.0,21419.941569878396
2022-11-02,21458.755133034465,16463.004221504114,27817.23377103094,21458.755133034465,21458.755133034465,584.7026268137247,584.7026268137247,584.7026268137247,240.69501629389944,240.69501629389944,240.69501629389944,344.0076105198253,344.0076105198253,344.0076105198253,0.0,0.0,0.0,22043.45775984819
2022-11-03,21458.740250233855,16334.517487248624,27582.387835966943,21458.740250233855,21458.740250233855,390.8543142937696,390.8543142937696,390.8543142937696,15.713991668981526,15.713991668981526,15.713991668981526,375.14032262478815,375.14032262478815,375.14032262478815,0.0,0.0,0.0,21849.594564527626
2022-11-04,21458.725367433242,15737.064984805213,26625.242031523077,21458.725367433242,21458.725367433242,-341.74387355232165,-341.74387355232165,-341.74387355232165,-747.3336135370722,-747.3336135370722,-747.3336135370722,405.58973998475057,405.58973998475057,405.58973998475057,0.0,0.0,0.0,21116.98149388092
2022-11-05,21458.710484632637,17107.946802350958,27986.323708977514,21458.710484632637,21458.710484632637,786.2468364306053,786.2468364306053,786.2468364306053,351.65304209524703,351.65304209524703,351.65304209524703,434.59379433535815,434.59379433535815,434.59379433535815,0.0,0.0,0.0,22244.95732106324
2022-11-06,21458.695601832023,16714.53826359192,28093.78370976683,21458.695601832023,21458.695601832023,696.1766777893683,696.1766777893683,696.1766777893683,234.8127177157475,234.8127177157475,234.8127177157475,461.3639600736208,461.3639600736208,461.3639600736208,0.0,0.0,0.0,22154.87227962139
2022-11-07,21458.680719031414,16280.519232400384,27630.38948341589,21458.680719031414,21458.680719031414,741.3013676260445,741.3013676260445,741.3013676260445,256.19748190727705,256.19748190727705,256.19748190727705,485.10388571876734,485.10388571876734,485.10388571876734,0.0,0.0,0.0,22199.98208665746
2022-11-08,21458.665836230804,15294.611518013957,27629.81057528484,21458.665836230804,21458.665836230804,153.29054643670116,153.29054643670116,153.29054643670116,-351.7386361410134,-351.7386361410134,-351.7386361410134,505.0291825777146,505.0291825777146,505.0291825777146,0.0,0.0,0.0,21611.956382667504
2022-11-09,21458.650953430195,16417.505130893504,27763.09888110908,21458.650953430195,21458.650953430195,761.0828898914466,761.0828898914466,761.0828898914466,240.695016293543,240.695016293543,240.695016293543,520.3878735979036,520.3878735979036,520.3878735979036,0.0,0.0,0.0,22219.733843321643
2022-11-10,21458.63607062958,16634.558946978013,27614.693197448083,21458.63607062958,21458.63607062958,546.1949628105585,546.1949628105585,546.1949628105585,15.713991668963905,15.713991668963905,15.713991668963905,530.4809711415946,530.4809711415946,530.4809711415946,0.0,0.0,0.0,22004.83103344014
2022-11-11,21458.621187828972,15542.985228417056,26810.98123693438,21458.621187828972,21458.621187828972,-212.65098119662292,-212.65098119662292,-212.65098119662292,-747.3336135358358,-747.3336135358358,-747.3336135358358,534.6826323392128,534.6826323392128,534.6826323392128,0.0,0.0,0.0,21245.970206632348
2022-11-12,21458.606305028366,16824.013102453264,27846.837603407548,21458.606305028366,21458.606305028366,884.1123777421674,884.1123777421674,884.1123777421674,351.65304209253406,351.65304209253406,351.65304209253406,532.4593356496332,532.4593356496332,532.4593356496332,0.0,0.0,0.0,22342.718682770534
2022-11-13,21458.592410032812,16985.063613615057,27616.3700700504,21458.592410032812,21458.592410032812,758.2002504172198,758.2002504172198,758.2002504172198,234.81271771544738,234.81271771544738,234.81271771544738,523.3875327017723,523.3875327017723,523.3875327017723,0.0,0.0,0.0,22216.79266045003
2022-11-14,21458.578515037265,16737.6824836219,27720.18751931663,21458.578515037265,21458.578515037265,763.3667373472833,763.3667373472833,763.3667373472833,256.19748190653706,256.19748190653706,256.19748190653706,507.1692554407462,507.1692554407462,507.1692554407462,0.0,0.0,0.0,22221.945252384547
2022-11-15,21458.56462004171,15869.704818247197,27627.68004785988,21458.56462004171,21458.56462004171,131.90656345204104,131.90656345204104,131.90656345204104,-351.73863613847703,-351.73863613847703,-351.73863613847703,483.6451995905181,483.6451995905181,483.6451995905181,0.0,0.0,0.0,21590.47118349375
2022-11-16,21458.55072504616,16341.84011577014,27628.98937538832,21458.55072504616,21458.55072504616,693.4998769141644,693.4998769141644,693.4998769141644,240.69501629318657,240.69501629318657,240.69501629318657,452.80486062097765,452.80486062097765,452.80486062097765,0.0,0.0,0.0,22152.050601960324
2022-11-17,21458.53683005061,16123.716484855104,27364.99060154044,21458.53683005061,21458.53683005061,430.50735811637685,430.50735811637685,430.50735811637685,15.71399166686853,15.71399166686853,15.71399166686853,414.79336644950837,414.79336644950837,414.79336644950837,0.0,0.0,0.0,21889.044188166987
2022-11-18,21458.522935055058,15190.250301050834,26917.39271501187,21458.522935055058,21458.522935055058,-377.418883180809,-377.418883180809,-377.418883180809,-747.3336135379279,-747.3336135379279,-747.3336135379279,369.91473035711897,369.91473035711897,369.91473035711897,0.0,0.0,0.0,21081.10405187425
2022-11-19,21458.509040059507,16649.06252523251,27803.57510314395,21458.509040059507,21458.509040059507,670.2843781104456,670.2843781104456,670.2843781104456,351.6530420926265,351.6530420926265,351.6530420926265,318.63133601781897,318.63133601781897,318.63133601781897,0.0,0.0,0.0,22128.793418169953
2022-11-20,21458.495145063956,16599.64737442363,27594.47626318864,21458.495145063956,21458.495145063956,496.3722795411976,496.3722795411976,496.3722795411976,234.81271771542035,234.81271771542035,234.81271771542035,261.55956182577717,261.55956182577717,261.55956182577717,0.0,0.0,0.0,21954.867424605152
2022-11-21,21458.481250068406,16433.051054064654,27474.857555076866,21458.481250068406,21458.481250068406,455.6590332131425,455.6590332131425,455.6590332131425,256.1974819057971,256.1974819057971,256.1974819057971,199.46155130734545,199.46155130734545,199.46155130734545,0.0,0.0,0.0,21914.140283281547
2022-11-22,21458.467355072855,15932.608662274582,26832.282313789332,21458.467355072855,21458.467355072855,-218.50539848505096,-218.50539848505096,-218.50539848505096,-351.7386361397113,-351.7386361397113,-351.7386361397113,133.23323765466031,133.23323765466031,133.23323765466031,0.0,0.0,0.0,21239.961956587806
2022-11-23,21458.453460077304,16037.22294307409,27657.63106515452,21458.453460077304,21458.453460077304,304.583846809743,304.583846809743,304.583846809743,240.69501629203577,240.69501629203577,240.69501629203577,63.8888305177072,63.8888305177072,63.8888305177072,0.0,0.0,0.0,21763.037306887047
2022-11-24,21458.439565081753,15815.973907449154,27111.506279047902,21458.439565081753,21458.439565081753,8.256061052394625,8.256061052394625,8.256061052394625,15.71399166477317,15.71399166477317,15.71399166477317,-7.457930612378542,-7.457930612378542,-7.457930612378542,0.0,0.0,0.0,21466.695626134147
2022-11-25,21458.425670086202,15058.844098553342,26475.27564395491,21458.425670086202,21458.425670086202,-826.948976047839,-826.948976047839,-826.948976047839,-747.3336135366914,-747.3336135366914,-747.3336135366914,-79.61536251114755,-79.61536251114755,-79.61536251114755,0.0,0.0,0.0,20631.476694038363
2022-11-26,21458.41177509065,16021.937206581086,27041.255804655146,21458.41177509065,21458.41177509065,200.31525263284308,200.31525263284308,200.31525263284308,351.65304209413046,351.65304209413046,351.65304209413046,-151.33778946128731,-151.33778946128731,-151.33778946128731,0.0,0.0,0.0,21658.727027723493
2022-11-27,21458.3978800951,16085.591960756885,26781.568480450132,21458.3978800951,21458.3978800951,13.461401425035588,13.461401425035588,13.461401425035588,234.8127177153934,234.8127177153934,234.8127177153934,-221.3513162903578,-221.3513162903578,-221.3513162903578,0.0,0.0,0.0,21471.859281520137
2022-11-28,21458.38398509955,15680.238904160544,27020.973820570365,21458.38398509955,21458.38398509955,-32.18334246621799,-32.18334246621799,-32.18334246621799,256.1974819076309,256.1974819076309,256.1974819076309,-288.3808243738489,-288.3808243738489,-288.3808243738489,0.0,0.0,0.0,21426.200642633332
2022-11-29,21458.370090103996,14876.089113080247,26119.485477837832,21458.370090103996,21458.370090103996,-702.9161875516329,-702.9161875516329,-702.9161875516329,-351.73863613906013,-351.73863613906013,-351.73863613906013,-351.1775514125728,-351.1775514125728,-351.1775514125728,0.0,0.0,0.0,20755.453902552363
2022-11-30,21458.35619510845,15726.358712516861,26985.41587948545,21458.35619510845,21458.35619510845,-167.8515755351799,-167.8515755351799,-167.8515755351799,240.6950162938787,240.6950162938787,240.6950162938787,-408.5465918290586,-408.5465918290586,-408.5465918290586,0.0,0.0,0.0,21290.50461957327
2022-12-01,21458.342300112898,15514.500878197625,26535.798432334323,21458.342300112898,21458.342300112898,-443.6596562219714,-443.6596562219714,-443.6596562219714,15.71399166475555,15.71399166475555,15.71399166475555,-459.3736478867269,-459.3736478867269,-459.3736478867269,0.0,0.0,0.0,21014.682643890927
2022-12-02,21458.328405117343,14420.140317350093,25832.687568839207,21458.328405117343,21458.328405117343,-1249.9839859651302,-1249.9839859651302,-1249.9839859651302,-747.3336135369995,-747.3336135369995,-747.3336135369995,-502.65037242813037,-502.65037242813037,-502.65037242813037,0.0,0.0,0.0,20208.344419152214
2022-12-03,21458.314510121796,15413.57595012205,27091.986737886018,21458.314510121796,21458.314510121796,-185.84463025871642,-185.84463025871642,-185.84463025871642,351.65304209422294,351.65304209422294,351.65304209422294,-537.4976723529394,-537.4976723529394,-537.4976723529394,0.0,0.0,0.0,21272.469879863078
2022-12-04,21458.300615126245,15381.000132525789,26963.71230538331,21458.300615126245,21458.300615126245,-328.37366924342075,-328.37366924342075,-328.37366924342075,234.81271771585753,234.81271771585753,234.81271771585753,-563.1863869592783,-563.1863869592783,-563.1863869592783,0.0,0.0,0.0,21129.926945882824
2022-12-05,21458.28672013069,15515.571177808897,26514.000660139896,21458.28672013069,21458.28672013069,-322.95733407838435,-322.95733407838435,-322.95733407838435,256.1974819068909,256.1974819068909,256.1974819068909,-579.1548159852753,-579.1548159852753,-579.1548159852753,0.0,0.0,0.0,21135.329386052308
2022-12-06,21458.27282513514,14982.900036268587,25941.302050143768,21458.27282513514,21458.27282513514,-936.761283204793,-936.761283204793,-936.761283204793,-351.7386361402943,-351.7386361402943,-351.7386361402943,-585.0226470644986,-585.0226470644986,-585.0226470644986,0.0,0.0,0.0,20521.511541930347
2022-12-07,21458.258930139593,15146.803990492246,27017.50647531303,21458.258930139593,21458.258930139593,-339.9059031454723,-339.9059031454723,-339.9059031454723,240.695016291323,240.695016291323,240.695016291323,-580.6009194367953,-580.6009194367953,-580.6009194367953,0.0,0.0,0.0,21118.353026994122
2022-12-08,21458.24503514404,15458.73005625306,26235.24892278791,21458.24503514404,21458.24503514404,-550.1837661810973,-550.1837661810973,-550.1837661810973,15.713991664737913,15.713991664737913,15.713991664737913,-565.8977578458353,-565.8977578458353,-565.8977578458353,0.0,0.0,0.0,20908.06126896294
2022-12-09,21458.231140148488,14377.862143211843,25722.62466790272,21458.231140148488,21458.231140148488,-1288.4533285947464,-1288.4533285947464,-1288.4533285947464,-747.3336135375471,-747.3336135375471,-747.3336135375471,-541.1197150571994,-541.1197150571994,-541.1197150571994,0.0,0.0,0.0,20169.77781155374
2022-12-10,21458.21724515294,15675.084538640838,27305.527292871473,21458.21724515294,21458.21724515294,-155.01562846293047,-155.01562846293047,-155.01562846293047,351.65304209502114,351.65304209502114,351.65304209502114,-506.66867055795154,-506.66867055795154,-506.66867055795154,0.0,0.0,0.0,21303.20161669001
2022-12-11,21458.203350157386,15756.84242782793,26892.98945768354,21458.203350157386,21458.203350157386,-228.32162614197472,-228.32162614197472,-228.32162614197472,234.81271771555737,234.81271771555737,234.81271771555737,-463.1343438575321,-463.1343438575321,-463.1343438575321,0.0,0.0,0.0,21229.881724015413
2022-12-12,21458.189455161835,15548.438032419543,27104.685193292462,21458.189455161835,21458.189455161835,-155.0851085024425,-155.0851085024425,-155.0851085024425,256.1974819073487,256.1974819073487,256.1974819073487,-411.28259040979117,-411.28259040979117,-411.28259040979117,0.0,0.0,0.0,21303.10434665939
2022-12-13,21458.175560166288,14958.789463138814,26170.469617638715,21458.175560166288,21458.175560166288,-703.778389734674,-703.778389734674,-703.778389734674,-351.73863613964323,-351.73863613964323,-351.73863613964323,-352.03975359503073,-352.03975359503073,-352.03975359503073,0.0,0.0,0.0,20754.397170431614
2022-12-14,21458.161665170734,15706.433321148017,27245.891730644675,21458.161665170734,21458.161665170734,-45.778428306923324,-45.778428306923324,-45.778428306923324,240.69501629316582,240.69501629316582,240.69501629316582,-286.4734446000891,-286.4734446000891,-286.4734446000891,0.0,0.0,0.0,21412.38323686381
2022-12-15,21458.147770175183,15989.542943915689,27103.59120879827,21458.147770175183,21458.147770175183,-200.05621908889938,-200.05621908889938,-200.05621908889938,15.713991669499972,15.713991669499972,15.713991669499972,-215.77021075839937,-215.77021075839937,-215.77021075839937,0.0,0.0,0.0,21258.091551086283
2022-12-16,21458.133875179636,14730.356676950458,26143.824792590316,21458.133875179636,21458.133875179636,-888.544243145689,-888.544243145689,-888.544243145689,-747.3336135378553,-747.3336135378553,-747.3336135378553,-141.21062960783374,-141.21062960783374,-141.21062960783374,0.0,0.0,0.0,20569.589632033945
2022-12-17,21458.11998018408,16205.011865027293,27144.7465725628,21458.11998018408,21458.11998018408,287.51061358328553,287.51061358328553,287.51061358328553,351.65304209511356,351.65304209511356,351.65304209511356,-64.14242851182804,-64.14242851182804,-64.14242851182804,0.0,0.0,0.0,21745.630593767368
2022-12-18,21458.10608518853,15993.284112487157,27507.74885274753,21458.10608518853,21458.10608518853,248.86044118952725,248.86044118952725,248.86044118952725,234.8127177158035,234.8127177158035,234.8127177158035,14.047723473723718,14.047723473723718,14.047723473723718,0.0,0.0,0.0,21706.96652637806
2022-12-19,21458.092190192983,15591.906415491014,27451.283745010303,21458.092190192983,21458.092190192983,348.1605568593,348.1605568593,348.1605568593,256.1974819054109,256.1974819054109,256.1974819054109,91.96307495388908,91.96307495388908,91.96307495388908,0.0,0.0,0.0,21806.252747052284
2022-12-20,21458.07829519743,15890.700985268315,26828.919666767935,21458.07829519743,21458.07829519743,-183.5130220135918,-183.5130220135918,-183.5130220135918,-351.73863614021434,-351.73863614021434,-351.73863614021434,168.22561412662253,168.22561412662253,168.22561412662253,0.0,0.0,0.0,21274.565273183838
2022-12-21,21458.064400201878,16404.72682650069,27554.209526506103,21458.064400201878,21458.064400201878,482.1991868459366,482.1991868459366,482.1991868459366,240.69501629280944,240.69501629280944,240.69501629280944,241.50417055312715,241.50417055312715,241.50417055312715,0.0,0.0,0.0,21940.263587047815
2022-12-22,21458.05050520633,16376.524284316696,27072.196884746943,21458.05050520633,21458.05050520633,326.2551293840331,326.2551293840331,326.2551293840331,15.713991667404613,15.713991667404613,15.713991667404613,310.5411377166285,310.5411377166285,310.5411377166285,0.0,0.0,0.0,21784.305634590364
2022-12-23,21458.036610210776,15446.357514395952,27050.00886387325,21458.036610210776,21458.036610210776,-373.15641547337833,-373.15641547337833,-373.15641547337833,-747.3336135366187,-747.3336135366187,-747.3336135366187,374.17719806324044,374.17719806324044,374.17719806324044,0.0,0.0,0.0,21084.880194737398
2022-12-24,21458.022715215226,16694.053907754547,27692.051915626573,21458.022715215226,21458.022715215226,783.0265309341827,783.0265309341827,783.0265309341827,351.6530420959117,351.6530420959117,351.6530420959117,431.373488838271,431.373488838271,431.373488838271,0.0,0.0,0.0,22241.049246149407
2022-12-25,21458.00882021967,16787.660535739375,27954.33794246586,21458.00882021967,21458.00882021967,716.043435622972,716.043435622972,716.043435622972,234.8127177155033,234.8127177155033,234.8127177155033,481.23071790746855,481.23071790746855,481.23071790746855,0.0,0.0,0.0,22174.052255842642
2022-12-26,21457.994925224124,16495.180654806623,27781.79776699361,21457.994925224124,21457.994925224124,779.202303752684,779.202303752684,779.202303752684,256.1974819058687,256.1974819058687,256.1974819058687,523.0048218468153,523.0048218468153,523.0048218468153,0.0,0.0,0.0,22237.19722897681
2022-12-27,21457.981030228573,16230.660974648055,27256.518175113804,21457.981030228573,21457.981030228573,204.38021544715508,204.38021544715508,204.38021544715508,-351.73863613956325,-351.73863613956325,-351.73863613956325,556.1188515867184,556.1188515867184,556.1188515867184,0.0,0.0,0.0,21662.36124567573
2022-12-28,21457.96713523302,16754.85639330668,27929.896525192995,21457.96713523302,21457.96713523302,820.8658874614666,820.8658874614666,820.8658874614666,240.69501629465228,240.69501629465228,240.69501629465228,580.1708711668144,580.1708711668144,580.1708711668144,0.0,0.0,0.0,22278.833022694485
2022-12-29,21457.95324023747,16470.9929268519,27547.581752812832,21457.95324023747,21457.95324023747,610.6517515958922,610.6517515958922,610.6517515958922,15.713991667386992,15.713991667386992,15.713991667386992,594.937759928505,594.937759928505,594.937759928505,0.0,0.0,0.0,22068.604991833363
2022-12-30,21457.93934524192,15688.307126205407,26656.312402300908,21457.93934524192,21457.93934524192,-146.95869873219667,-146.95869873219667,-146.95869873219667,-747.3336135384716,-747.3336135384716,-747.3336135384716,600.374914806275,600.374914806275,600.374914806275,0.0,0.0,0.0,21310.980646509724
2022-12-31,21457.925450246366,16762.36315294777,28241.789329315565,21457.925450246366,21457.925450246366,948.264996471649,948.264996471649,948.264996471649,351.6530420931987,351.6530420931987,351.6530420931987,596.6119543784505,596.6119543784505,596.6119543784505,0.0,0.0,0.0,22406.190446718014
2023-01-01,21457.91155525082,16528.72663499467,28141.288913107812,21457.91155525082,21457.91155525082,818.7573448139023,818.7573448139023,818.7573448139023,234.8127177162406,234.8127177162406,234.8127177162406,583.9446270976616,583.9446270976616,583.9446270976616,0.0,0.0,0.0,22276.66890006472
2023-01-02,21457.89766025527,16566.34638838501,27987.209664544116,21457.89766025527,21457.89766025527,819.0207018316179,819.0207018316179,819.0207018316179,256.19748190632646,256.19748190632646,256.19748190632646,562.8232199252916,562.8232199252916,562.8232199252916,0.0,0.0,0.0,22276.918362086886
2023-01-03,21457.883765259714,15971.008830405684,27518.44483642671,21457.883765259714,21457.883765259714,182.09921177499285,182.09921177499285,182.09921177499285,-351.73863614079744,-351.73863614079744,-351.73863614079744,533.8378479157903,533.8378479157903,533.8378479157903,0.0,0.0,0.0,21639.982977034706
2023-01-04,21457.869870264167,16643.738519719078,27394.581152468952,21457.869870264167,21457.869870264167,738.3960941969978,738.3960941969978,738.3960941969978,240.69501629429587,240.69501629429587,240.69501629429587,497.7010779027019,497.7010779027019,497.7010779027019,0.0,0.0,0.0,22196.265964461163
2023-01-05,21457.855975268616,16416.699516340046,27392.408479247315,21457.855975268616,21457.855975268616,470.9423901198612,470.9423901198612,470.9423901198612,15.713991667993557,15.713991667993557,15.713991667993557,455.22839845186763,455.22839845186763,455.22839845186763,0.0,0.0,0.0,21928.798365388477
2023-01-06,21457.84208027306,15242.13458302846,26740.78357754961,21457.84208027306,21457.84208027306,-340.01652135383574,-340.01652135383574,-340.01652135383574,-747.3336135372351,-747.3336135372351,-747.3336135372351,407.3170921833994,407.3170921833994,407.3170921833994,0.0,0.0,0.0,21117.825558919227
2023-01-07,21457.828185277514,16455.828636670278,27948.280564015382,21457.828185277514,21457.828185277514,706.5771364873599,706.5771364873599,706.5771364873599,351.65304209399693,351.65304209399693,351.65304209399693,354.924094393363,354.924094393363,354.924094393363,0.0,0.0,0.0,22164.405321764876
2023-01-08,21457.81429028196,16450.352035622822,27297.04954878945,21457.81429028196,21457.81429028196,533.8561507636404,533.8561507636404,533.8561507636404,234.8127177159405,234.8127177159405,234.8127177159405,299.04343304769975,299.04343304769975,299.04343304769975,0.0,0.0,0.0,21991.6704410456
2023-01-09,21457.80039528641,15740.131551489894,27379.477313170817,21457.80039528641,21457.80039528641,496.88132151764125,496.88132151764125,496.88132151764125,256.1974819055864,256.1974819055864,256.1974819055864,240.68383961205487,240.68383961205487,240.68383961205487,0.0,0.0,0.0,21954.68171680405
2023-01-10,21457.786500290862,15450.82357757577,27226.60785632838,21457.786500290862,21457.786500290862,-170.89153793473798,-170.89153793473798,-170.89153793473798,-351.7386361382612,-351.7386361382612,-351.7386361382612,180.84709820352316,180.84709820352316,180.84709820352316,0.0,0.0,0.0,21286.894962356124
2023-01-11,21457.772605295308,16029.674541718286,26672.788269558965,21457.772605295308,21457.772605295308,361.202679368973,361.202679368973,361.202679368973,240.6950162909459,240.6950162909459,240.6950162909459,120.50766307802715,120.50766307802715,120.50766307802715,0.0,0.0,0.0,21818.97528466428
2023-01-12,21457.758710299757,15562.746351071228,27081.171478347787,21457.758710299757,21457.758710299757,76.30801449150627,76.30801449150627,76.30801449150627,15.713991670053693,15.713991670053693,15.713991670053693,60.59402282145257,60.59402282145257,60.59402282145257,0.0,0.0,0.0,21534.066724791264
2023-01-13,21457.744815304206,15269.999426907218,26054.25949951338,21457.744815304206,21457.744815304206,-745.3613880550141,-745.3613880550141,-745.3613880550141,-747.3336135359987,-747.3336135359987,-747.3336135359987,1.9722254809845463,1.9722254809845463,1.9722254809845463,0.0,0.0,0.0,20712.38342724919
2023-01-14,21457.730920308655,15885.018059205502,27334.796831307653,21457.730920308655,21457.730920308655,297.08494642451893,297.08494642451893,297.08494642451893,351.6530420940894,351.6530420940894,351.6530420940894,-54.56809566957052,-54.56809566957052,-54.56809566957052,0.0,0.0,0.0,21754.815866733174
2023-01-15,21457.717025313104,15794.363009662255,27109.43106258855,21457.717025313104,21457.717025313104,126.48777906007251,126.48777906007251,126.48777906007251,234.81271771591344,234.81271771591344,234.81271771591344,-108.32493865584091,-108.32493865584091,-108.32493865584091,0.0,0.0,0.0,21584.204804373177
2023-01-16,21457.703130317554,16349.596753973303,27069.31211166992,21457.703130317554,21457.703130317554,97.5052592126962,97.5052592126962,97.5052592126962,256.19748190861804,256.19748190861804,256.19748190861804,-158.69222269592183,-158.69222269592183,-158.69222269592183,0.0,0.0,0.0,21555.20838953025
2023-01-17,21457.689235322003,15137.293756991396,26453.43502967449,21457.689235322003,21457.689235322003,-556.9037096421947,-556.9037096421947,-556.9037096421947,-351.7386361394953,-351.7386361394953,-351.7386361394953,-205.16507350269944,-205.16507350269944,-205.16507350269944,0.0,0.0,0.0,20900.785525679807
2023-01-18,21457.72151788859,15730.422294417345,27291.125985996103,21457.72151788859,21457.72151788859,-6.6471008189396334,-6.6471008189396334,-6.6471008189396334,240.69501629058942,240.69501629058942,240.69501629058942,-247.34211710952908,-247.34211710952908,-247.34211710952908,0.0,0.0,0.0,21451.07441706965
2023-01-19,21457.75380045517,15545.231618620135,26941.597797748138,21457.75380045517,21457.75380045517,-269.2108920707423,-269.2108920707423,-269.2108920707423,15.713991667958316,15.713991667958316,15.713991667958316,-284.92488373870066,-284.92488373870066,-284.92488373870066,0.0,0.0,0.0,21188.54290838443
2023-01-20,21457.786083021758,14784.124860094329,25753.26667910623,21457.786083021758,21457.786083021758,-1065.0481199418948,-1065.0481199418948,-1065.0481199418948,-747.3336135363068,-747.3336135363068,-747.3336135363068,-317.71450640558805,-317.71450640558805,-317.71450640558805,0.0,0.0,0.0,20392.737963079864
2023-01-21,21457.818365588344,16235.19930231336,26705.772352293036,21457.818365588344,21457.818365588344,6.047067673535444,6.047067673535444,6.047067673535444,351.65304209559326,351.65304209559326,351.65304209559326,-345.6059744220578,-345.6059744220578,-345.6059744220578,0.0,0.0,0.0,21463.86543326188
2023-01-22,21457.850648154927,15608.723970498364,26665.62914289182,21457.850648154927,21457.850648154927,-133.7675498503443,-133.7675498503443,-133.7675498503443,234.8127177158865,234.8127177158865,234.8127177158865,-368.58026756623076,-368.58026756623076,-368.58026756623076,0.0,0.0,0.0,21324.08309830458
2023-01-23,21457.882930721513,15469.429382238815,26563.12065334061,21457.882930721513,21457.882930721513,-130.49726866672268,-130.49726866672268,-130.49726866672268,256.1974819066803,256.1974819066803,256.1974819066803,-386.694750573403,-386.694750573403,-386.694750573403,0.0,0.0,0.0,21327.38566205479
2023-01-24,21457.9152132881,15211.424425652218,26437.63429001418,21457.9152132881,21457.9152132881,-751.8108844118575,-751.8108844118575,-751.8108844118575,-351.73863614072945,-351.73863614072945,-351.73863614072945,-400.0722482711281,-400.0722482711281,-400.0722482711281,0.0,0.0,0.0,20706.10432887624
2023-01-25,21457.94749585468,15841.767280938611,27089.40409598247,21457.94749585468,21457.94749585468,-168.19423178487952,-168.19423178487952,-168.19423178487952,240.6950162924323,240.6950162924323,240.6950162924323,-408.88924807731183,-408.88924807731183,-408.88924807731183,0.0,0.0,0.0,21289.7532640698
2023-01-26,21457.979778421268,15317.795306146787,26520.917134281677,21457.979778421268,21457.979778421268,-397.6496964018005,-397.6496964018005,-397.6496964018005,15.713991667940697,15.713991667940697,15.713991667940697,-413.3636880697412,-413.3636880697412,-413.3636880697412,0.0,0.0,0.0,21060.330082019467
2023-01-27,21458.01206098785,14533.039265114938,25567.36379723662,21458.01206098785,21458.01206098785,-1161.0763988080362,-1161.0763988080362,-1161.0763988080362,-747.3336135353096,-747.3336135353096,-747.3336135353096,-413.7427852727266,-413.7427852727266,-413.7427852727266,0.0,0.0,0.0,20296.935662179814
2023-01-28,21458.044343554437,15372.775708554316,27068.337619148213,21458.044343554437,21458.044343554437,-58.638298391714834,-58.638298391714834,-58.638298391714834,351.65304209217464,351.65304209217464,351.65304209217464,-410.2913404838895,-410.2913404838895,-410.2913404838895,0.0,0.0,0.0,21399.406045162723
2023-01-29,21458.076626121023,15633.611125524476,27254.29822283427,21458.076626121023,21458.076626121023,-168.46820594109738,-168.46820594109738,-168.46820594109738,234.81271771585938,234.81271771585938,234.81271771585938,-403.28092365695676,-403.28092365695676,-403.28092365695676,0.0,0.0,0.0,21289.608420179924
2023-01-30,21458.10890868761,15577.429730044383,26976.63795915446,21458.10890868761,21458.10890868761,-136.78281683901048,-136.78281683901048,-136.78281683901048,256.19748190713807,256.19748190713807,256.19748190713807,-392.9802987461485,-392.9802987461485,-392.9802987461485,0.0,0.0,0.0,21321.326091848598
2023-01-31,21458.14119125419,15367.392526895175,26330.273012482572,21458.14119125419,21458.14119125419,-731.3860267347598,-731.3860267347598,-731.3860267347598,-351.7386361400784,-351.7386361400784,-351.7386361400784,-379.6473905946813,-379.6473905946813,-379.6473905946813,0.0,0.0,0.0,20726.755164519433
2023-02-01,21458.173473820778,15924.818599030099,27360.68325182597,21458.173473820778,21458.173473820778,-122.82801454685787,-122.82801454685787,-122.82801454685787,240.6950162912815,240.6950162912815,240.6950162912815,-363.52303083813933,-363.52303083813933,-363.52303083813933,0.0,0.0,0.0,21335.34545927392
2023-02-02,21458.20575638736,15381.401472127314,26562.083206314863,21458.20575638736,21458.20575638736,-329.11265542875634,-329.11265542875634,-329.11265542875634,15.713991667923075,15.713991667923075,15.713991667923075,-344.8266470966795,-344.8266470966795,-344.8266470966795,0.0,0.0,0.0,21129.093100958606
2023-02-03,21458.238038953947,14499.868331040961,26003.741156985554,21458.238038953947,21458.238038953947,-1071.087595915922,-1071.087595915922,-1071.087595915922,-747.3336135371624,-747.3336135371624,-747.3336135371624,-323.75398237875976,-323.75398237875976,-323.75398237875976,0.0,0.0,0.0,20387.150443038023
2023-02-04,21458.270321520533,16042.716763675187,27120.089453886118,21458.270321520533,21458.270321520533,51.17618993081732,51.17618993081732,51.17618993081732,351.65304209367844,351.65304209367844,351.65304209367844,-300.4768521628611,-300.4768521628611,-300.4768521628611,0.0,0.0,0.0,21509.44651145135
2023-02-05,21458.30260408712,15992.459534268792,27034.05062847709,21458.30260408712,21458.30260408712,-40.33214997409773,-40.33214997409773,-40.33214997409773,234.81271771555936,234.81271771555936,234.81271771555936,-275.1448676896571,-275.1448676896571,-275.1448676896571,0.0,0.0,0.0,21417.970454113023
2023-02-06,21458.3348866537,16059.924555261043,26778.469651227148,21458.3348866537,21458.3348866537,8.30850372530927,8.30850372530927,8.30850372530927,256.1974819063981,256.1974819063981,256.1974819063981,-247.8889781810888,-247.8889781810888,-247.8889781810888,0.0,0.0,0.0,21466.64339037901
2023-02-07,21458.367169220284,15235.421424678489,26519.926200159687,21458.367169220284,21458.367169220284,-570.5652506391625,-570.5652506391625,-570.5652506391625,-351.7386361425347,-351.7386361425347,-351.7386361425347,-218.82661449662785,-218.82661449662785,-218.82661449662785,0.0,0.0,0.0,20887.80191858112
2023-02-08,21458.39945178687,15968.101115777776,26390.243436334058,21458.39945178687,21458.39945178687,52.62686182894956,52.62686182894956,52.62686182894956,240.6950162931244,240.6950162931244,240.6950162931244,-188.06815446417482,-188.06815446417482,-188.06815446417482,0.0,0.0,0.0,21511.02631361582
2023-02-09,21458.431734353457,15697.023243658467,27149.819977173975,21458.431734353457,21458.431734353457,-140.0103861657302,-140.0103861657302,-140.0103861657302,15.713991667905455,15.713991667905455,15.713991667905455,-155.72437783363569,-155.72437783363569,-155.72437783363569,0.0,0.0,0.0,21318.421348187727
2023-02-10,21458.464016920043,15146.071570655598,25837.598994458636,21458.464016920043,21458.464016920043,-869.2481518044749,-869.2481518044749,-869.2481518044749,-747.3336135359259,-747.3336135359259,-747.3336135359259,-121.91453826854901,-121.91453826854901,-121.91453826854901,0.0,0.0,0.0,20589.21586511557
2023-02-11,21458.49629948663,16443.290212938762,27071.838285400405,21458.49629948663,21458.49629948663,264.87838973315206,264.87838973315206,264.87838973315206,351.653042093771,351.653042093771,351.653042093771,-86.77465236061889,-86.77465236061889,-86.77465236061889,0.0,0.0,0.0,21723.37468921978
2023-02-12,21458.528582053208,16072.230871783848,26780.918197880685,21458.528582053208,21458.528582053208,184.3471254073961,184.3471254073961,184.3471254073961,234.81271771602346,234.81271771602346,234.81271771602346,-50.4655923086274,-50.4655923086274,-50.4655923086274,0.0,0.0,0.0,21642.875707460604
2023-02-13,21458.560864619794,16056.754371681855,27602.96534359468,21458.560864619794,21458.560864619794,243.01691174413034,243.01691174413034,243.01691174413034,256.19748190565804,256.19748190565804,256.19748190565804,-13.180570161527696,-13.180570161527696,-13.180570161527696,0.0,0.0,0.0,21701.577776363923
2023-02-14,21458.59314718638,15615.263632152735,27122.409889860155,21458.59314718638,21458.59314718638,-326.89025355871524,-326.89025355871524,-326.89025355871524,-351.73863613811324,-351.73863613811324,-351.73863613811324,24.848382579397928,24.848382579397928,24.848382579397928,0.0,0.0,0.0,21131.702893627666
2023-02-15,21458.625429752967,16160.655240250502,27211.574955645712,21458.625429752967,21458.625429752967,304.0403223531832,304.0403223531832,304.0403223531832,240.6950162905687,240.6950162905687,240.6950162905687,63.345306062614505,63.345306062614505,63.345306062614505,0.0,0.0,0.0,21762.66575210615
2023-02-16,21458.657712319553,16211.171861821469,27138.595374738357,21458.657712319553,21458.657712319553,117.70088812871488,117.70088812871488,117.70088812871488,15.713991665810097,15.713991665810097,15.713991665810097,101.98689646290478,101.98689646290478,101.98689646290478,0.0,0.0,0.0,21576.358600448268
2023-02-17,21458.68999488614,15532.759409114855,26881.384102205127,21458.68999488614,21458.68999488614,-606.932562894437,-606.932562894437,-606.932562894437,-747.3336135362341,-747.3336135362341,-747.3336135362341,140.40105064179718,140.40105064179718,140.40105064179718,0.0,0.0,0.0,20851.757431991704
2023-02-18,21458.722277452718,16263.692864561146,27430.275074502442,21458.722277452718,21458.722277452718,529.820614281338,529.820614281338,529.820614281338,351.6530420938635,351.6530420938635,351.6530420938635,178.16757218747443,178.16757218747443,178.16757218747443,0.0,0.0,0.0,21988.542891734058
2023-02-19,21458.754560019304,16583.338088194403,27694.81886658371,21458.754560019304,21458.754560019304,449.63388340621685,449.63388340621685,449.63388340621685,234.81271771572332,234.81271771572332,234.81271771572332,214.82116569049361,214.82116569049361,214.82116569049361,0.0,0.0,0.0,21908.38844342552
2023-02-20,21458.78684258589,16488.063714856173,27591.68578991847,21458.78684258589,21458.78684258589,506.05424778659415,506.05424778659415,506.05424778659415,256.19748190491805,256.19748190491805,256.19748190491805,249.85676588167607,249.85676588167607,249.85676588167607,0.0,0.0,0.0,21964.841090372483
2023-02-21,21458.819125152477,16263.70684979949,26996.83208463501,21458.819125152477,21458.819125152477,-69.00147156575308,-69.00147156575308,-69.00147156575308,-351.73863613934736,-351.73863613934736,-351.73863613934736,282.73716457359427,282.73716457359427,282.73716457359427,0.0,0.0,0.0,21389.817653586724
2023-02-22,21458.851407719063,16170.229420478341,27775.80894666129,21458.851407719063,21458.851407719063,553.5978301652164,553.5978301652164,553.5978301652164,240.69501629241162,240.69501629241162,240.69501629241162,312.90281387280476,312.90281387280476,312.90281387280476,0.0,0.0,0.0,22012.44923788428
2023-02-23,21458.88369028565,16576.182253078186,27434.89387808804,21458.88369028565,21458.88369028565,355.49759327963864,355.49759327963864,355.49759327963864,15.7139916684944,15.7139916684944,15.7139916684944,339.78360161114426,339.78360161114426,339.78360161114426,0.0,0.0,0.0,21814.381283565286
2023-02-24,21458.915972852228,15549.533430335136,26566.913716399737,21458.915972852228,21458.915972852228,-384.52129646779605,-384.52129646779605,-384.52129646779605,-747.3336135367816,-747.3336135367816,-747.3336135367816,362.8123170689855,362.8123170689855,362.8123170689855,0.0,0.0,0.0,21074.394676384432
2023-02-25,21458.948255418814,16306.763702062119,27898.099209996028,21458.948255418814,21458.948255418814,733.092496516262,733.092496516262,733.092496516262,351.6530420953673,351.6530420953673,351.6530420953673,381.4394544208946,381.4394544208946,381.4394544208946,0.0,0.0,0.0,22192.040751935077
2023-02-26,21458.9805379854,16792.86466483929,27949.069865176672,21458.9805379854,21458.9805379854,629.9616580458985,629.9616580458985,629.9616580458985,234.81271771596948,234.81271771596948,234.81271771596948,395.148940329929,395.148940329929,395.148940329929,0.0,0.0,0.0,22088.942196031297
2023-02-27,21459.012820551987,16461.703427411416,28185.586991570177,21459.012820551987,21459.012820551987,659.6718047740349,659.6718047740349,659.6718047740349,256.1974819053758,256.1974819053758,256.1974819053758,403.474322868659,403.474322868659,403.474322868659,0.0,0.0,0.0,22118.684625326023
2023-02-28,21459.045103118573,16033.41332270682,26847.274949129143,21459.045103118573,21459.045103118573,54.276287106804695,54.276287106804695,54.276287106804695,-351.73863613991847,-351.73863613991847,-351.73863613991847,406.0149232467232,406.0149232467232,406.0149232467232,0.0,0.0,0.0,21513.321390225377
2023-03-01,21459.077385685152,16420.621481323287,27667.862452535897,21459.077385685152,21459.077385685152,643.1464473812964,643.1464473812964,643.1464473812964,240.69501629425446,240.69501629425446,240.69501629425446,402.45143108704195,402.45143108704195,402.45143108704195,0.0,0.0,0.0,22102.223833066448
2023-03-02,21459.10966825174,16219.288917310683,27238.171923569847,21459.10966825174,21459.10966825174,408.2744108156325,408.2744108156325,408.2744108156325,15.71399166639904,15.71399166639904,15.71399166639904,392.56041914923355,392.56041914923355,392.56041914923355,0.0,0.0,0.0,21867.38407906737
2023-03-03,21459.141950818324,15463.103363114496,26784.67671969248,21459.141950818324,21459.141950818324,-371.10634857160727,-371.10634857160727,-371.10634857160727,-747.3336135370898,-747.3336135370898,-747.3336135370898,376.2272649654826,376.2272649654826,376.2272649654826,0.0,0.0,0.0,21088.035602246717
2023-03-04,21459.17423338491,16554.811485252576,27790.91950465325,21459.17423338491,21459.17423338491,705.1100368770484,705.1100368770484,705.1100368770484,351.6530420954598,351.6530420954598,351.6530420954598,353.45699478158866,353.45699478158866,353.45699478158866,0.0,0.0,0.0,22164.28427026196
2023-03-05,21459.206515951497,16731.788918431972,27254.14447980414,21459.206515951497,21459.206515951497,559.1953267318997,559.1953267318997,559.1953267318997,234.81271771566935,234.81271771566935,234.81271771566935,324.38260901623045,324.38260901623045,324.38260901623045,0.0,0.0,0.0,22018.401842683397
2023-03-06,21459.238798518083,15971.456436769271,27739.585339718247,21459.238798518083,21459.238798518083,545.4679890232155,545.4679890232155,545.4679890232155,256.19748190720964,256.19748190720964,256.19748190720964,289.27050711600594,289.27050711600594,289.27050711600594,0.0,0.0,0.0,22004.706787541298
2023-03-07,21459.271081084662,16271.909268994048,26867.877519037393,21459.271081084662,21459.271081084662,-103.21593437299022,-103.21593437299022,-103.21593437299022,-351.7386361411526,-351.7386361411526,-351.7386361411526,248.52270176816242,248.52270176816242,248.52270176816242,0.0,0.0,0.0,21356.05514671167
2023-03-08,21459.30336365125,16538.467036658152,27561.91001989033,21459.30336365125,21459.30336365125,443.37061230365396,443.37061230365396,443.37061230365396,240.69501629169883,240.69501629169883,240.69501629169883,202.67559601195512,202.67559601195512,202.67559601195512,0.0,0.0,0.0,21902.673975954902
2023-03-09,21459.335646217834,16157.921799823516,27573.380528292364,21459.335646217834,21459.335646217834,168.10918127437228,168.10918127437228,168.10918127437228,15.713991668459176,15.713991668459176,15.713991668459176,152.3951896059131,152.3951896059131,152.3951896059131,0.0,0.0,0.0,21627.444827492207
2023-03-10,21459.36792878442,15479.84724665314,26153.831888133504,21459.36792878442,21459.36792878442,-648.8649330657968,-648.8649330657968,-648.8649330657968,-747.333613537398,-747.333613537398,-747.333613537398,98.46868047160125,98.46868047160125,98.46868047160125,0.0,0.0,0.0,20810.502995718623
2023-03-11,21459.400211351007,16320.06484710651,27690.94969106438,21459.400211351007,21459.400211351007,393.44557241874435,393.44557241874435,393.44557241874435,351.6530420927468,351.6530420927468,351.6530420927468,41.79253032599752,41.79253032599752,41.79253032599752,0.0,0.0,0.0,21852.84578376975
2023-03-12,21459.432493917593,16107.832469549985,27479.815122740423,21459.432493917593,21459.432493917593,218.16988546081288,218.16988546081288,218.16988546081288,234.81271771536925,234.81271771536925,234.81271771536925,-16.642832254556378,-16.642832254556378,-16.642832254556378,0.0,0.0,0.0,21677.602379378404
2023-03-13,21459.464776484172,16041.311917164838,27384.924615361386,21459.464776484172,21459.464776484172,180.42608572609558,180.42608572609558,180.42608572609558,256.19748190646965,256.19748190646965,256.19748190646965,-75.77139618037408,-75.77139618037408,-75.77139618037408,0.0,0.0,0.0,21639.890862210268
2023-03-14,21459.49705905076,14815.489833313006,25978.369351452933,21459.49705905076,21459.49705905076,-486.21130392672484,-486.21130392672484,-486.21130392672484,-351.7386361405015,-351.7386361405015,-351.7386361405015,-134.47266778622324,-134.47266778622324,-134.47266778622324,0.0,0.0,0.0,20973.285755124034
2023-03-15,21459.529341617344,15855.746318960055,27280.881635427217,21459.529341617344,21459.529341617344,49.09999023229766,49.09999023229766,49.09999023229766,240.69501629354167,240.69501629354167,240.69501629354167,-191.59502606124403,-191.59502606124403,-191.59502606124403,0.0,0.0,0.0,21508.629331849643
2023-03-16,21459.56162418393,15716.38563450228,27209.841818835765,21459.56162418393,21459.56162418393,-230.2668036725347,-230.2668036725347,-230.2668036725347,15.713991666363782,15.713991666363782,15.713991666363782,-245.98079533889853,-245.98079533889853,-245.98079533889853,0.0,0.0,0.0,21229.294820511397
2023-03-17,21459.593906750517,14812.53492520063,26274.626598739087,21459.593906750517,21459.593906750517,-1043.8260469856882,-1043.8260469856882,-1043.8260469856882,-747.3336135377062,-747.3336135377062,-747.3336135377062,-296.49243344798197,-296.49243344798197,-296.49243344798197,0.0,0.0,0.0,20415.76785976483
2023-03-18,21459.6261893171,15675.914273049331,26967.67041514633,21459.6261893171,21459.6261893171,9.613857403583255,9.613857403583255,9.613857403583255,351.65304209283926,351.65304209283926,351.65304209283926,-342.03918468925605,-342.03918468925605,-342.03918468925605,0.0,0.0,0.0,21469.240046720683
2023-03-19,21459.658471883682,15967.48202757956,26593.494236679908,21459.658471883682,21459.658471883682,-146.790797829298,-146.790797829298,-146.790797829298,234.81271771561532,234.81271771561532,234.81271771561532,-381.6035155449133,-381.6035155449133,-381.6035155449133,0.0,0.0,0.0,21312.867674054385
2023-03-20,21459.69075445027,15817.700623514955,26718.528655955102,21459.69075445027,21459.69075445027,-158.06915610518513,-158.06915610518513,-158.06915610518513,256.19748190453186,256.19748190453186,256.19748190453186,-414.266638009717,-414.266638009717,-414.266638009717,0.0,0.0,0.0,21301.621598345082
2023-03-21,21459.723037016855,15092.472438357883,26344.60603140386,21459.723037016855,21459.723037016855,-790.9710676829317,-790.9710676829317,-790.9710676829317,-351.73863613985054,-351.73863613985054,-351.73863613985054,-439.23243154308096,-439.23243154308096,-439.23243154308096,0.0,0.0,0.0,20668.751969333924
2023-03-22,21459.75531958344,15840.253081695455,26683.045169676425,21459.75531958344,21459.75531958344,-215.1540837652811,-215.1540837652811,-215.1540837652811,240.69501629239085,240.69501629239085,240.69501629239085,-455.84910005767193,-455.84910005767193,-455.84910005767193,0.0,0.0,0.0,21244.601235818158
2023-03-23,21459.78760215002,15604.991096150256,26675.209881468745,21459.78760215002,21459.78760215002,-447.9139530526431,-447.9139530526431,-447.9139530526431,15.713991664268423,15.713991664268423,15.713991664268423,-463.62794471691154,-463.62794471691154,-463.62794471691154,0.0,0.0,0.0,21011.873649097375
2023-03-24,21459.97434585094,14944.985696002599,25588.089617493464,21459.97434585094,21459.97434585094,-1209.5923092026335,-1209.5923092026335,-1209.5923092026335,-747.3336135364697,-747.3336135364697,-747.3336135364697,-462.2586956661638,-462.2586956661638,-462.2586956661638,0.0,0.0,0.0,20250.382036648305
2023-03-25,21460.161089551864,15865.365054689535,27481.123957230197,21460.161089551864,21460.161089551864,-99.96788264984468,-99.96788264984468,-99.96788264984468,351.6530420936375,351.6530420936375,351.6530420936375,-451.6209247434822,-451.6209247434822,-451.6209247434822,0.0,0.0,0.0,21360.19320690202
2023-03-26,21460.347833252785,15457.485003138478,26877.25020084122,21460.347833252785,21460.347833252785,-196.97843703709896,-196.97843703709896,-196.97843703709896,234.8127177153152,234.8127177153152,234.8127177153152,-431.7911547524142,-431.7911547524142,-431.7911547524142,0.0,0.0,0.0,21263.369396215687
2023-03-27,21460.53457695371,15699.366052334215,26912.63518488288,21460.53457695371,21460.53457695371,-146.8479047564326,-146.8479047564326,-146.8479047564326,256.1974819075635,256.1974819075635,256.1974819075635,-403.045386663996,-403.045386663996,-403.045386663996,0.0,0.0,0.0,21313.686672197276
2023-03-28,21460.72132065463,15626.056173313673,26377.205751340134,21460.72132065463,21460.72132065463,-717.595517525507,-717.595517525507,-717.595517525507,-351.73863613919946,-351.73863613919946,-351.73863613919946,-365.85688138630763,-365.85688138630763,-365.85688138630763,0.0,0.0,0.0,20743.12580312912
2023-03-29,21460.908064355554,16027.304123445541,27025.866263561657,21460.908064355554,21460.908064355554,-80.19413815794577,-80.19413815794577,-80.19413815794577,240.69501629423374,240.69501629423374,240.69501629423374,-320.8891544521795,-320.8891544521795,-320.8891544521795,0.0,0.0,0.0,21380.713926197608
2023-03-30,21461.09480805647,14844.320449027378,26706.364057397674,21461.09480805647,21461.09480805647,-253.2702751718184,-253.2702751718184,-253.2702751718184,15.713991669030483,15.713991669030483,15.713991669030483,-268.98426684084893,-268.98426684084893,-268.98426684084893,0.0,0.0,0.0,21207.824532884653
2023-03-31,21461.28155175739,15219.582872976722,25669.44553610719,21461.28155175739,21461.28155175739,-958.480233322861,-958.480233322861,-958.480233322861,-747.3336135383224,-747.3336135383224,-747.3336135383224,-211.1466197845386,-211.1466197845386,-211.1466197845386,0.0,0.0,0.0,20502.80131843453
2023-04-01,21461.468295458315,16107.000246171536,27737.709127231028,21461.468295458315,21461.468295458315,203.13045972941552,203.13045972941552,203.13045972941552,351.65304209443565,351.65304209443565,351.65304209443565,-148.52258236502016,-148.52258236502016,-148.52258236502016,0.0,0.0,0.0,21664.59875518773
2023-04-02,21461.655039159235,16271.785415112363,27273.756413018462,21461.655039159235,21461.655039159235,152.4363230982894,152.4363230982894,152.4363230982894,234.8127177157793,234.8127177157793,234.8127177157793,-82.37639461748991,-82.37639461748991,-82.37639461748991,0.0,0.0,0.0,21614.091362257524
2023-04-03,21461.84178286016,16254.682356689555,27606.33382854841,21461.84178286016,21461.84178286016,242.13458938430884,242.13458938430884,242.13458938430884,256.19748190682344,256.19748190682344,256.19748190682344,-14.062892522514602,-14.062892522514602,-14.062892522514602,0.0,0.0,0.0,21703.97637224447
2023-04-04,21462.02852656108,15465.375830237803,26826.599992806005,21462.02852656108,21462.02852656108,-296.73632784921386,-296.73632784921386,-296.73632784921386,-351.7386361404335,-351.7386361404335,-351.7386361404335,55.002308291219684,55.002308291219684,55.002308291219684,0.0,0.0,0.0,21165.292198711868
2023-04-05,21462.215270262,16017.502973524142,27524.746890227976,21462.215270262,21462.215270262,364.0694749877492,364.0694749877492,364.0694749877492,240.69501629387733,240.69501629387733,240.69501629387733,123.37445869387187,123.37445869387187,123.37445869387187,0.0,0.0,0.0,21826.284745249748
2023-04-06,21462.40201396292,15954.41287970874,26968.928079435438,21462.40201396292,21462.40201396292,205.32637571713354,205.32637571713354,205.32637571713354,15.713991666935124,15.713991666935124,15.713991666935124,189.61238405019844,189.61238405019844,189.61238405019844,0.0,0.0,0.0,21667.728389680055
2023-04-07,21462.58875766384,15255.164461491499,26633.05618907138,21462.58875766384,21462.58875766384,-495.0221642690517,-495.0221642690517,-495.0221642690517,-747.3336135373253,-747.3336135373253,-747.3336135373253,252.31144926827363,252.31144926827363,252.31144926827363,0.0,0.0,0.0,20967.56659339479
2023-04-08,21462.775501364766,16574.57811836702,27552.618384131103,21462.775501364766,21462.775501364766,661.7890023853289,661.7890023853289,661.7890023853289,351.65304209523384,351.65304209523384,351.65304209523384,310.13596029009517,310.13596029009517,310.13596029009517,0.0,0.0,0.0,22124.564503750094
2023-04-09,21462.962245065686,16445.326729140867,27194.429164386107,21462.962245065686,21462.962245065686,596.6629049302643,596.6629049302643,596.6629049302643,234.8127177157523,234.8127177157523,234.8127177157523,361.85018721451206,361.85018721451206,361.85018721451206,0.0,0.0,0.0,22059.62514999595
2023-04-10,21463.14898876661,16252.628194178229,27861.346540386636,21463.14898876661,21463.14898876661,662.544703594891,662.544703594891,662.544703594891,256.19748190728126,256.19748190728126,256.19748190728126,406.3472216876097,406.3472216876097,406.3472216876097,0.0,0.0,0.0,22125.6936923615
2023-04-11,21463.33573246753,16008.25732456398,26898.803431227047,21463.33573246753,21463.33573246753,90.9362936086136,90.9362936086136,90.9362936086136,-351.7386361378973,-351.7386361378973,-351.7386361378973,442.6749297465109,442.6749297465109,442.6749297465109,0.0,0.0,0.0,21554.272026076145
2023-04-12,21463.52247616845,16955.817495275536,27482.96920977387,21463.52247616845,21463.52247616845,710.7533461210261,710.7533461210261,710.7533461210261,240.69501629352092,240.69501629352092,240.69501629352092,470.0583298275052,470.0583298275052,470.0583298275052,0.0,0.0,0.0,22174.275822289477
2023-04-13,21463.709219869375,16329.960922548435,27440.287560087694,21463.709219869375,21463.709219869375,503.6318041069056,503.6318041069056,503.6318041069056,15.713991668995241,15.713991668995241,15.713991668995241,487.91781243791036,487.91781243791036,487.91781243791036,0.0,0.0,0.0,21967.34102397628
2023-04-14,21463.895963570292,15884.657093797729,26790.942030532828,21463.895963570292,21463.895963570292,-251.45089267473563,-251.45089267473563,-251.45089267473563,-747.3336135376334,-747.3336135376334,-747.3336135376334,495.88272086289777,495.88272086289777,495.88272086289777,0.0,0.0,0.0,21212.445070895556
2023-04-15,21464.082707271216,16724.537972750783,27949.609024792728,21464.082707271216,21464.082707271216,845.4529706574093,845.4529706574093,845.4529706574093,351.6530420953263,351.6530420953263,351.6530420953263,493.799928562083,493.799928562083,493.799928562083,0.0,0.0,0.0,22309.535677928627
2023-04-16,21464.269450972137,16330.079283731391,27975.728768720597,21464.269450972137,21464.269450972137,716.5498932847695,716.5498932847695,716.5498932847695,234.81271771572528,234.81271771572528,234.81271771572528,481.73717556904415,481.73717556904415,481.73717556904415,0.0,0.0,0.0,22180.819344256906
2023-04-17,21464.45619467306,16296.780878919928,27486.31220170125,21464.45619467306,21464.45619467306,716.178541809997,716.178541809997,716.178541809997,256.197481907739,256.197481907739,256.197481907739,459.981059902258,459.981059902258,459.981059902258,0.0,0.0,0.0,22180.634736483058
2023-04-18,21464.64293837398,15194.794397374153,26870.71918281426,21464.64293837398,21464.64293837398,77.2910810274634,77.2910810274634,77.2910810274634,-351.7386361403536,-351.7386361403536,-351.7386361403536,429.029717167817,429.029717167817,429.029717167817,0.0,0.0,0.0,21541.934019401444
2023-04-19,21464.829682074902,17060.69094236628,27838.910302327764,21464.829682074902,21464.829682074902,630.2753748254663,630.2753748254663,630.2753748254663,240.69501629316449,240.69501629316449,240.69501629316449,389.5803585323018,389.5803585323018,389.5803585323018,0.0,0.0,0.0,22095.105056900367
2023-04-20,21465.016425775826,16113.77341471493,27464.44425068625,21465.016425775826,21465.016425775826,358.22596203929305,358.22596203929305,358.22596203929305,15.713991666899883,15.713991666899883,15.713991666899883,342.5119703723932,342.5119703723932,342.5119703723932,0.0,0.0,0.0,21823.24238781512
2023-04-21,21465.203169476743,15286.418256124469,26550.209585542078,21465.203169476743,21465.203169476743,-458.4700089384266,-458.4700089384266,-458.4700089384266,-747.333613536397,-747.333613536397,-747.333613536397,288.86360459797044,288.86360459797044,288.86360459797044,0.0,0.0,0.0,21006.733160538315
2023-04-22,21465.389913177667,16569.91265345981,27668.581123969754,21465.389913177667,21465.389913177667,581.4618455807015,581.4618455807015,581.4618455807015,351.6530420968302,351.6530420968302,351.6530420968302,229.80880348387134,229.80880348387134,229.80880348387134,0.0,0.0,0.0,22046.85175875837
2023-04-23,21465.576656878588,16384.36970637844,27285.512181066326,21465.576656878588,21465.576656878588,401.4395214326724,401.4395214326724,401.4395214326724,234.81271771618947,234.81271771618947,234.81271771618947,166.62680371648284,166.62680371648284,166.62680371648284,0.0,0.0,0.0,21867.01617831126
2023-04-24,21465.763400579508,15868.99438128109,27233.767131698394,21465.763400579508,21465.763400579508,356.8687304304324,356.8687304304324,356.8687304304324,256.1974819058013,256.1974819058013,256.1974819058013,100.67124852463111,100.67124852463111,100.67124852463111,0.0,0.0,0.0,21822.63213100994
2023-04-25,21465.950144280432,15413.232848510708,26857.603276748956,21465.950144280432,21465.950144280432,-318.40143422349234,-318.40143422349234,-318.40143422349234,-351.7386361397026,-351.7386361397026,-351.7386361397026,33.337201916210255,33.337201916210255,33.337201916210255,0.0,0.0,0.0,21147.54871005694
2023-04-26,21466.136887981353,16254.726845725325,27304.11311862541,21466.136887981353,21466.136887981353,206.72231966361085,206.72231966361085,206.72231966361085,240.69501629201378,240.69501629201378,240.69501629201378,-33.972696628402915,-33.972696628402915,-33.972696628402915,0.0,0.0,0.0,21672.859207644964
2023-04-27,21466.323631682277,15287.221726034599,27038.051162121115,21466.323631682277,21466.323631682277,-84.1680846784531,-84.1680846784531,-84.1680846784531,15.713991666882263,15.713991666882263,15.713991666882263,-99.88207634533535,-99.88207634533535,-99.88207634533535,0.0,0.0,0.0,21382.155547003822
2023-04-28,21466.510375383197,14923.074476311285,26016.80246292795,21466.510375383197,21466.510375383197,-910.4074315012973,-910.4074315012973,-910.4074315012973,-747.3336135351606,-747.3336135351606,-747.3336135351606,-163.07381796613674,-163.07381796613674,-163.07381796613674,0.0,0.0,0.0,20556.1029438819
2023-04-29,21466.69711908412,16508.717157743235,26760.670506175735,21466.69711908412,21466.69711908412,129.33170422560912,129.33170422560912,129.33170422560912,351.65304209341156,351.65304209341156,351.65304209341156,-222.32133786780238,-222.32133786780238,-222.32133786780238,0.0,0.0,0.0,21596.02882330973
2023-04-30,21466.88386278504,15820.790117795537,27004.286262001984,21466.88386278504,21466.88386278504,-41.70466380702746,-41.70466380702746,-41.70466380702746,234.8127177161624,234.8127177161624,234.8127177161624,-276.5173815231899,-276.5173815231899,-276.5173815231899,0.0,0.0,0.0,21425.17919897801
2023-05-01,21467.07060648596,15681.864810549785,26947.208190615213,21467.07060648596,21467.07060648596,-68.50211835403633,-68.50211835403633,-68.50211835403633,256.197481906259,256.197481906259,256.197481906259,-324.6996002602953,-324.6996002602953,-324.6996002602953,0.0,0.0,0.0,21398.56848813192
2023-05-02,21467.257350186883,15831.45500927618,26289.748016067344,21467.257350186883,21467.257350186883,-717.8109066701297,-717.8109066701297,-717.8109066701297,-351.7386361409367,-351.7386361409367,-351.7386361409367,-366.0722705291931,-366.0722705291931,-366.0722705291931,0.0,0.0,0.0,20749.446443516754
2023-05-03,21467.444093887803,15795.73891108309,27077.268090402125,21467.444093887803,21467.444093887803,-159.32860065498824,-159.32860065498824,-159.32860065498824,240.69501629165737,240.69501629165737,240.69501629165737,-400.02361694664563,-400.02361694664563,-400.02361694664563,0.0,0.0,0.0,21308.115493232814
2023-05-04,21467.630837588727,15184.386448929088,26816.697289527412,21467.630837588727,21467.630837588727,-410.42432488815376,-410.42432488815376,-410.42432488815376,15.713991669566566,15.713991669566566,15.713991669566566,-426.1383165577203,-426.1383165577203,-426.1383165577203,0.0,0.0,0.0,21057.206512700574
2023-05-05,21467.817581289648,14628.395935494573,25725.136450795148,21467.817581289648,21467.817581289648,-1191.5385024549014,-1191.5385024549014,-1191.5385024549014,-747.3336135370133,-747.3336135370133,-747.3336135370133,-444.2048889178881,-444.2048889178881,-444.2048889178881,0.0,0.0,0.0,20276.27907883475
2023-05-06,21468.004324990565,16302.038010530874,27294.9365956893,21468.004324990565,21468.004324990565,-102.56476924665739,-102.56476924665739,-102.56476924665739,351.65304209420975,351.65304209420975,351.65304209420975,-454.2178113408671,-454.2178113408671,-454.2178113408671,0.0,0.0,0.0,21365.439555743906
2023-05-07,21468.19106869149,15378.495475650478,27221.76427366819,21468.19106869149,21468.19106869149,-221.5616196163874,-221.5616196163874,-221.5616196163874,234.8127177158623,234.8127177158623,234.8127177158623,-456.3743373322497,-456.3743373322497,-456.3743373322497,0.0,0.0,0.0,21246.629449075102
2023-05-08,21468.37781239241,16011.078510252964,26287.26496850032,21468.37781239241,21468.37781239241,-194.86865323131374,-194.86865323131374,-194.86865323131374,256.197481905519,256.197481905519,256.197481905519,-451.0661351368327,-451.0661351368327,-451.0661351368327,0.0,0.0,0.0,21273.509159161094
2023-05-09,21468.564556093334,14830.388357703127,26235.88322408885,21468.564556093334,21468.564556093334,-790.6046348595627,-790.6046348595627,-790.6046348595627,-351.7386361421709,-351.7386361421709,-351.7386361421709,-438.8659987173918,-438.8659987173918,-438.8659987173918,0.0,0.0,0.0,20677.95992123377
2023-05-10,21468.751299794254,16215.689874313877,26831.505140441794,21468.751299794254,21468.751299794254,-179.81499544512698,-179.81499544512698,-179.81499544512698,240.6950162935002,240.6950162935002,240.6950162935002,-420.51001173862716,-420.51001173862716,-420.51001173862716,0.0,0.0,0.0,21288.93630434913
2023-05-11,21468.938043495178,15270.603825018577,26525.812829929964,21468.938043495178,21468.938043495178,-381.1616711576318,-381.1616711576318,-381.1616711576318,15.713991669548962,15.713991669548962,15.713991669548962,-396.8756628271807,-396.8756628271807,-396.8756628271807,0.0,0.0,0.0,21087.776372337546
2023-05-12,21469.1247871961,14863.688093801446,26319.90311872354,21469.1247871961,21469.1247871961,-1116.290127908632,-1116.290127908632,-1116.290127908632,-747.3336135357767,-747.3336135357767,-747.3336135357767,-368.9565143728551,-368.9565143728551,-368.9565143728551,0.0,0.0,0.0,20352.834659287466
2023-05-13,21469.31153089702,15699.141604879036,27636.83867864741,21469.31153089702,21469.31153089702,13.818927410259445,13.818927410259445,13.818927410259445,351.65304209500783,351.65304209500783,351.65304209500783,-337.83411468474844,-337.83411468474844,-337.83411468474844,0.0,0.0,0.0,21483.130458307278
2023-05-14,21469.498274597943,16167.722103681983,27199.576500207688,21469.498274597943,21469.498274597943,-69.8351944012222,-69.8351944012222,-69.8351944012222,234.81271771583528,234.81271771583528,234.81271771583528,-304.6479121170575,-304.6479121170575,-304.6479121170575,0.0,0.0,0.0,21399.663080196722
2023-05-15,21469.68501829886,15876.702663418835,27033.3150989736,21469.68501829886,21469.68501829886,-14.366496137578213,-14.366496137578213,-14.366496137578213,256.1974819073529,256.1974819073529,256.1974819073529,-270.5639780449311,-270.5639780449311,-270.5639780449311,0.0,0.0,0.0,21455.31852216128
2023-05-16,21469.871761999784,15362.431837251435,26442.457485690345,21469.871761999784,21469.871761999784,-588.4820082215942,-588.4820082215942,-588.4820082215942,-351.7386361396346,-351.7386361396346,-351.7386361396346,-236.74337208195973,-236.74337208195973,-236.74337208195973,0.0,0.0,0.0,20881.38975377819
2023-05-17,21470.058505700705,15800.766106366564,26796.6310072442,21470.058505700705,21470.058505700705,36.38402921838181,36.38402921838181,36.38402921838181,240.6950162909445,240.6950162909445,240.6950162909445,-204.31098707256268,-204.31098707256268,-204.31098707256268,0.0,0.0,0.0,21506.442534919086
2023-05-18,21470.245249401625,16033.769134235557,27063.202845876924,21470.245249401625,21470.245249401625,-158.61170146891058,-158.61170146891058,-158.61170146891058,15.71399166745357,15.71399166745357,15.71399166745357,-174.32569313636412,-174.32569313636412,-174.32569313636412,0.0,0.0,0.0,21311.633547932714
2023-05-19,21470.43199310255,15095.94354685065,26477.16418553397,21470.43199310255,21470.43199310255,-895.0861735327555,-895.0861735327555,-895.0861735327555,-747.3336135360851,-747.3336135360851,-747.3336135360851,-147.7525599966704,-147.7525599966704,-147.7525599966704,0.0,0.0,0.0,20575.345819569793
2023-05-20,21470.61873680347,16500.282348179408,27106.641748661215,21470.61873680347,21470.61873680347,226.2151659269148,226.2151659269148,226.2151659269148,351.6530420922948,351.6530420922948,351.6530420922948,-125.43787616538002,-125.43787616538002,-125.43787616538002,0.0,0.0,0.0,21696.833902730385
2023-05-21,21470.805480504394,16264.383964590654,27208.04473263618,21470.805480504394,21470.805480504394,126.72511367702369,126.72511367702369,126.72511367702369,234.81271771553517,234.81271771553517,234.81271771553517,-108.08760403851147,-108.08760403851147,-108.08760403851147,0.0,0.0,0.0,21597.53059418142
2023-05-22,21470.99222420531,15987.47820593682,27140.592500230825,21470.99222420531,21470.99222420531,159.94766809460856,159.94766809460856,159.94766809460856,256.1974819066129,256.1974819066129,256.1974819066129,-96.24981381200432,-96.24981381200432,-96.24981381200432,0.0,0.0,0.0,21630.93989229992
2023-05-23,21471.178967906235,15100.915321237979,26585.054983780872,21471.178967906235,21471.178967906235,-442.0401652000245,-442.0401652000245,-442.0401652000245,-351.73863614086883,-351.73863614086883,-351.73863614086883,-90.30152905915568,-90.30152905915568,-90.30152905915568,0.0,0.0,0.0,21029.13880270621
2023-05-24,21471.365711607155,15920.871614255333,27061.705559816262,21471.365711607155,21471.365711607155,150.254720429655,150.254720429655,150.254720429655,240.69501629278741,240.69501629278741,240.69501629278741,-90.44029586313242,-90.44029586313242,-90.44029586313242,0.0,0.0,0.0,21621.62043203681
2023-05-25,21471.552455308076,15854.275552669353,26991.99622235599,21471.552455308076,21471.552455308076,-80.96666725396693,-80.96666725396693,-80.96666725396693,15.713991667435966,15.713991667435966,15.713991667435966,-96.6806589214029,-96.6806589214029,-96.6806589214029,0.0,0.0,0.0,21390.585788054108
2023-05-26,21471.739199009,14553.153251860414,26113.22703657723,21471.739199009,21471.739199009,-856.1892090681778,-856.1892090681778,-856.1892090681778,-747.3336135366325,-747.3336135366325,-747.3336135366325,-108.85559553154536,-108.85559553154536,-108.85559553154536,0.0,0.0,0.0,20615.54998994082
2023-05-27,21471.92594270992,16484.119730012015,27669.38379233919,21471.92594270992,21471.92594270992,225.03021661904356,225.03021661904356,225.03021661904356,351.65304209309306,351.65304209309306,351.65304209309306,-126.62282547404952,-126.62282547404952,-126.62282547404952,0.0,0.0,0.0,21696.956159328965
2023-05-28,21472.112686410845,16033.588645515394,26772.4752492359,21472.112686410845,21472.112686410845,85.33693262309701,85.33693262309701,85.33693262309701,234.81271771578133,234.81271771578133,234.81271771578133,-149.4757850926843,-149.4757850926843,-149.4757850926843,0.0,0.0,0.0,21557.44961903394
2023-05-29,21472.5069357761,15810.683407987746,26951.977840252654,21472.5069357761,21472.5069357761,79.43855104445277,79.43855104445277,79.43855104445277,256.19748190707065,256.19748190707065,256.19748190707065,-176.75893086261792,-176.75893086261792,-176.75893086261792,0.0,0.0,0.0,21551.94548682055
2023-05-30,21472.901185141352,15291.53431251404,26570.162538987388,21472.901185141352,21472.901185141352,-559.4255608236089,-559.4255608236089,-559.4255608236089,-351.7386361395546,-351.7386361395546,-351.7386361395546,-207.68692468405428,-207.68692468405428,-207.68692468405428,0.0,0.0,0.0,20913.475624317743
2023-05-31,21473.295434506606,16200.063076448629,27146.542119410657,21473.295434506606,21473.295434506606,-0.6721367744663329,-0.6721367744663329,-0.6721367744663329,240.69501629163656,240.69501629163656,240.69501629163656,-241.3671530661029,-241.3671530661029,-241.3671530661029,0.0,0.0,0.0,21472.62329773214
2023-06-01,21473.68968387186,15821.563965635092,26552.4569373413,21473.68968387186,21473.68968387186,-261.11095619201654,-261.11095619201654,-261.11095619201654,15.71399166534059,15.71399166534059,15.71399166534059,-276.82494785735713,-276.82494785735713,-276.82494785735713,0.0,0.0,0.0,21212.578727679844
2023-06-02,21474.083933237114,15140.794205240905,25789.227243021407,21474.083933237114,21474.083933237114,-1060.3644229761949,-1060.3644229761949,-1060.3644229761949,-747.3336135369407,-747.3336135369407,-747.3336135369407,-313.0308094392542,-313.0308094392542,-313.0308094392542,0.0,0.0,0.0,20413.71951026092
2023-06-03,21474.478182602368,15882.25682165078,26925.68989417822,21474.478182602368,21474.478182602368,2.7241561333261397,2.7241561333261397,2.7241561333261397,351.65304209389126,351.65304209389126,351.65304209389126,-348.92888596056514,-348.92888596056514,-348.92888596056514,0.0,0.0,0.0,21477.202338735693
2023-06-04,21474.872431967622,15958.48839307119,27045.9654358467,21474.872431967622,21474.872431967622,-148.65321769868223,-148.65321769868223,-148.65321769868223,234.8127177154812,234.8127177154812,234.8127177154812,-383.4659354141634,-383.4659354141634,-383.4659354141634,0.0,0.0,0.0,21326.21921426894
2023-06-05,21475.266681332876,15736.714997805386,26944.77050615938,21475.266681332876,21475.266681332876,-159.4225097543884,-159.4225097543884,-159.4225097543884,256.1974819063306,256.1974819063306,256.1974819063306,-415.61999166071905,-415.61999166071905,-415.61999166071905,0.0,0.0,0.0,21315.844171578487
2023-06-06,21475.660930698126,14930.536179467483,26561.47756689683,21475.660930698126,21475.660930698126,-796.1666070293851,-796.1666070293851,-796.1666070293851,-351.73863614078886,-351.73863614078886,-351.73863614078886,-444.4279708885963,-444.4279708885963,-444.4279708885963,0.0,0.0,0.0,20679.49432366874
2023-06-07,21476.055180063384,15580.526733803825,26971.78052794319,21476.055180063384,21476.055180063384,-228.31647454057722,-228.31647454057722,-228.31647454057722,240.69501629128018,240.69501629128018,240.69501629128018,-469.0114908318574,-469.0114908318574,-469.0114908318574,0.0,0.0,0.0,21247.738705522806
2023-06-08,21476.449429428634,15271.552280293034,26613.501989171567,21476.449429428634,21476.449429428634,-472.886238530932,-472.886238530932,-472.886238530932,15.713991667400725,15.713991667400725,15.713991667400725,-488.6002301983328,-488.6002301983328,-488.6002301983328,0.0,0.0,0.0,21003.5631908977
2023-06-09,21476.84367879389,14928.749304397857,26079.97173991132,21476.84367879389,21476.84367879389,-1249.885842042885,-1249.885842042885,-1249.885842042885,-747.3336135372489,-747.3336135372489,-747.3336135372489,-502.5522285056361,-502.5522285056361,-502.5522285056361,0.0,0.0,0.0,20226.957836751008
2023-06-10,21477.237928159142,15742.692211490563,27036.592394691594,21477.237928159142,21477.237928159142,-158.71757262486378,-158.71757262486378,-158.71757262486378,351.6530420939837,351.6530420939837,351.6530420939837,-510.3706147188475,-510.3706147188475,-510.3706147188475,0.0,0.0,0.0,21318.520355534278
2023-06-11,21477.6321775244,15830.095297339898,26748.399089899773,21477.6321775244,21477.6321775244,-276.9036364717587,-276.9036364717587,-276.9036364717587,234.81271771594533,234.81271771594533,234.81271771594533,-511.71635418770404,-511.71635418770404,-511.71635418770404,0.0,0.0,0.0,21200.728541052642
2023-06-12,21478.02642688965,15254.546183941195,27198.494271935942,21478.02642688965,21478.02642688965,-250.21923258904383,-250.21923258904383,-250.21923258904383,256.19748190678837,256.19748190678837,256.19748190678837,-506.4167144958322,-506.4167144958322,-506.4167144958322,0.0,0.0,0.0,21227.807194300607
2023-06-13,21478.420676254907,14863.140777448678,26007.39155957759,21478.420676254907,21478.420676254907,-846.207904967055,-846.207904967055,-846.207904967055,-351.7386361401377,-351.7386361401377,-351.7386361401377,-494.4692688269173,-494.4692688269173,-494.4692688269173,0.0,0.0,0.0,20632.212771287854
2023-06-14,21478.814925620158,15661.73559474407,26523.675184870466,21478.814925620158,21478.814925620158,-235.34636073832786,-235.34636073832786,-235.34636073832786,240.6950162909238,240.6950162909238,240.6950162909238,-476.04137702925163,-476.04137702925163,-476.04137702925163,0.0,0.0,0.0,21243.46856488183
2023-06-15,21479.209174985415,15258.857933804784,26600.365582142862,21479.209174985415,21479.209174985415,-435.7512146958911,-435.7512146958911,-435.7512146958911,15.713991665305349,15.713991665305349,15.713991665305349,-451.46520636119646,-451.46520636119646,-451.46520636119646,0.0,0.0,0.0,21043.457960289525
2023-06-16,21479.603424350666,15005.600642926247,26141.62792887881,21479.603424350666,21479.603424350666,-1168.5620861338332,-1168.5620861338332,-1168.5620861338332,-747.3336135377963,-747.3336135377963,-747.3336135377963,-421.2284725960369,-421.2284725960369,-421.2284725960369,0.0,0.0,0.0,20311.041338216834
2023-06-17,21479.997673715923,15915.496096589815,26677.039870680932,21479.997673715923,21479.997673715923,-34.30815244949598,-34.30815244949598,-34.30815244949598,351.6530420940762,351.6530420940762,351.6530420940762,-385.9611945435722,-385.9611945435722,-385.9611945435722,0.0,0.0,0.0,21445.689521266428
2023-06-18,21480.391923081173,15890.315763687962,26566.886109053725,21480.391923081173,21480.391923081173,-111.60614039973731,-111.60614039973731,-111.60614039973731,234.81271771591835,234.81271771591835,234.81271771591835,-346.41885811565567,-346.41885811565567,-346.41885811565567,0.0,0.0,0.0,21368.785782681436
2023-06-19,21480.786172446427,15986.054146762295,26882.95516018208,21480.786172446427,21480.786172446427,-47.26499519572331,-47.26499519572331,-47.26499519572331,256.19748190485063,256.19748190485063,256.19748190485063,-303.46247710057395,-303.46247710057395,-303.46247710057395,0.0,0.0,0.0,21433.521177250703
2023-06-20,21481.18042181168,15389.55709369902,25866.379079185732,21481.18042181168,21481.18042181168,-609.7747506254261,-609.7747506254261,-609.7747506254261,-351.73863613948663,-351.73863613948663,-351.73863613948663,-258.0361144859395,-258.0361144859395,-258.0361144859395,0.0,0.0,0.0,20871.405671186254
2023-06-21,21481.574671176935,16256.669782796185,27176.346165044088,21481.574671176935,21481.574671176935,29.55252773910235,29.55252773910235,29.55252773910235,240.69501629276672,240.69501629276672,240.69501629276672,-211.14248855366438,-211.14248855366438,-211.14248855366438,0.0,0.0,0.0,21511.127198916038
2023-06-22,21481.96892054219,15555.368151545823,26446.376392586168,21481.96892054219,21481.96892054219,-148.10333894483952,-148.10333894483952,-148.10333894483952,15.713991667989653,15.713991667989653,15.713991667989653,-163.8173306128292,-163.8173306128292,-163.8173306128292,0.0,0.0,0.0,21333.86558159735
2023-06-23,21482.363169907443,15201.673793745822,26442.139669549328,21482.363169907443,21482.363169907443,-864.4367987492659,-864.4367987492659,-864.4367987492659,-747.3336135365598,-747.3336135365598,-747.3336135365598,-117.10318521270605,-117.10318521270605,-117.10318521270605,0.0,0.0,0.0,20617.926371158177
2023-06-24,21482.7574192727,16200.934659371209,27087.83782031335,21482.7574192727,21482.7574192727,279.62969353340105,279.62969353340105,279.62969353340105,351.65304209487437,351.65304209487437,351.65304209487437,-72.02334856147334,-72.02334856147334,-72.02334856147334,0.0,0.0,0.0,21762.3871128061
2023-06-25,21483.15166863795,16109.388200739895,27488.306518402107,21483.15166863795,21483.15166863795,205.25609089466613,205.25609089466613,205.25609089466613,234.81271771589124,234.81271771589124,234.81271771589124,-29.55662682122512,-29.55662682122512,-29.55662682122512,0.0,0.0,0.0,21688.407759532616
2023-06-26,21483.54591800321,16009.554861908555,27408.4646442986,21483.54591800321,21483.54591800321,265.5839183318924,265.5839183318924,265.5839183318924,256.19748190668446,256.19748190668446,256.19748190668446,9.38643642520789,9.38643642520789,9.38643642520789,0.0,0.0,0.0,21749.1298363351
2023-06-27,21483.94016736846,15703.636249928893,26786.405172335617,21483.94016736846,21483.94016736846,-307.7533723940734,-307.7533723940734,-307.7533723940734,-351.7386361400578,-351.7386361400578,-351.7386361400578,43.985263745984334,43.985263745984334,43.985263745984334,0.0,0.0,0.0,21176.186794974386
2023-06-28,21484.334416733716,15885.351263161823,27779.117883731084,21484.334416733716,21484.334416733716,314.2233600226306,314.2233600226306,314.2233600226306,240.69501629460956,240.69501629460956,240.69501629460956,73.52834372802099,73.52834372802099,73.52834372802099,0.0,0.0,0.0,21798.557776756348
2023-06-29,21484.728666098967,16045.691872603222,27216.625356614386,21484.728666098967,21484.728666098967,113.14326261726846,113.14326261726846,113.14326261726846,15.71399166797205,15.71399166797205,15.71399166797205,97.42927094929641,97.42927094929641,97.42927094929641,0.0,0.0,0.0,21597.871928716235
2023-06-30,21485.122915464224,15285.150741494092,26294.687992938696,21485.122915464224,21485.122915464224,-632.0942539970846,-632.0942539970846,-632.0942539970846,-747.3336135384127,-747.3336135384127,-747.3336135384127,115.23935954132804,115.23935954132804,115.23935954132804,0.0,0.0,0.0,20853.02866146714
2023-07-01,21485.517164829474,16742.60336416561,28038.3953293567,21485.517164829474,21485.517164829474,478.309604079504,478.309604079504,478.309604079504,351.65304209567256,351.65304209567256,351.65304209567256,126.6565619838314,126.6565619838314,126.6565619838314,0.0,0.0,0.0,21963.826768908977
2023-07-02,21485.911414194725,16170.231568206913,27058.77429007792,21485.911414194725,21485.911414194725,366.3432462698484,366.3432462698484,366.3432462698484,234.81271771559122,234.81271771559122,234.81271771559122,131.53052855425713,131.53052855425713,131.53052855425713,0.0,0.0,0.0,21852.254660464572
2023-07-03,21486.305663559982,16299.738801738098,27424.573767345544,21486.305663559982,21486.305663559982,386.06123120095225,386.06123120095225,386.06123120095225,256.19748190594447,256.19748190594447,256.19748190594447,129.86374929500778,129.86374929500778,129.86374929500778,0.0,0.0,0.0,21872.366894760933
2023-07-04,21486.699912925233,15493.812127610103,26961.406954167975,21486.699912925233,21486.699912925233,-229.92980968638153,-229.92980968638153,-229.92980968638153,-351.738636141292,-351.738636141292,-351.738636141292,121.80882645491045,121.80882645491045,121.80882645491045,0.0,0.0,0.0,21256.77010323885
2023-07-05,21487.09416229049,16128.056608760113,27744.721384749002,21487.09416229049,21487.09416229049,348.3570444813662,348.3570444813662,348.3570444813662,240.69501629425318,240.69501629425318,240.69501629425318,107.66202818711302,107.66202818711302,107.66202818711302,0.0,0.0,0.0,21835.451206771857
2023-07-06,21487.488411655744,16129.014308097,27526.174726509063,21487.488411655744,21487.488411655744,103.56736267510489,103.56736267510489,103.56736267510489,15.713991667954428,15.713991667954428,15.713991667954428,87.85337100715046,87.85337100715046,87.85337100715046,0.0,0.0,0.0,21591.05577433085
2023-07-07,21487.882661020998,15149.894338467166,26226.85496837505,21487.882661020998,21487.882661020998,-684.4000469494986,-684.4000469494986,-684.4000469494986,-747.3336135371761,-747.3336135371761,-747.3336135371761,62.93356658767772,62.93356658767772,62.93356658767772,0.0,0.0,0.0,20803.4826140715
2023-07-08,21488.276910386252,15847.074103973167,27227.155845797126,21488.276910386252,21488.276910386252,385.21128763277744,385.21128763277744,385.21128763277744,351.6530420929596,351.6530420929596,351.6530420929596,33.55824553981786,33.55824553981786,33.55824553981786,0.0,0.0,0.0,21873.48819801903
2023-07-09,21488.671159751506,15995.18135226996,27153.690072949776,21488.671159751506,21488.671159751506,235.28265271501843,235.28265271501843,235.28265271501843,234.8127177152911,234.8127177152911,234.8127177152911,0.4699349997272941,0.4699349997272941,0.4699349997272941,0.0,0.0,0.0,21723.953812466523
2023-07-10,21489.06540911676,16152.912498139029,27381.23541034236,21489.06540911676,21489.06540911676,220.67579841423566,220.67579841423566,220.67579841423566,256.19748190640223,256.19748190640223,256.19748190640223,-35.52168349216658,-35.52168349216658,-35.52168349216658,0.0,0.0,0.0,21709.741207530995
2023-07-11,21489.459658482014,15374.138103302295,26461.265264190613,21489.459658482014,21489.459658482014,-425.29931138746014,-425.29931138746014,-425.29931138746014,-351.7386361387556,-351.7386361387556,-351.7386361387556,-73.56067524870451,-73.56067524870451,-73.56067524870451,0.0,0.0,0.0,21064.160347094552
2023-07-12,21489.853907847268,16225.505395361453,27212.394118560595,21489.853907847268,21489.853907847268,127.9286818532764,127.9286818532764,127.9286818532764,240.69501629389674,240.69501629389674,240.69501629389674,-112.76633444062034,-112.76633444062034,-112.76633444062034,0.0,0.0,0.0,21617.782589700542
2023-07-13,21490.24815721252,15397.77449145519,27031.400291766557,21490.24815721252,21490.24815721252,-136.5406754005962,-136.5406754005962,-136.5406754005962,15.713991670638732,15.713991670638732,15.713991670638732,-152.2546670712349,-152.2546670712349,-152.2546670712349,0.0,0.0,0.0,21353.707481811925
2023-07-14,21490.642406577776,14959.309625402842,26389.386736869892,21490.642406577776,21490.642406577776,-938.4929234347189,-938.4929234347189,-938.4929234347189,-747.3336135374844,-747.3336135374844,-747.3336135374844,-191.1593098972345,-191.1593098972345,-191.1593098972345,0.0,0.0,0.0,20552.149483143057
2023-07-15,21491.03665594303,15918.412952766279,26775.65238784102,21491.03665594303,21491.03665594303,123.00169166546755,123.00169166546755,123.00169166546755,351.6530420930521,351.6530420930521,351.6530420930521,-228.65135042758453,-228.65135042758453,-228.65135042758453,0.0,0.0,0.0,21614.038347608497
2023-07-16,21491.430905308283,15715.511248444482,26965.09213357161,21491.430905308283,21491.430905308283,-29.144839786308015,-29.144839786308015,-29.144839786308015,234.81271771526406,234.81271771526406,234.81271771526406,-263.95755750157207,-263.95755750157207,-263.95755750157207,0.0,0.0,0.0,21462.286065521974
2023-07-17,21491.825154673534,16044.622533639,26601.90492176036,21491.825154673534,21491.825154673534,-40.179107074825474,-40.179107074825474,-40.179107074825474,256.1974819056622,256.1974819056622,256.1974819056622,-296.37658898048767,-296.37658898048767,-296.37658898048767,0.0,0.0,0.0,21451.646047598708
2023-07-18,21492.21940403879,15207.267489636744,26526.54218092063,21492.21940403879,21492.21940403879,-677.0314470161848,-677.0314470161848,-677.0314470161848,-351.73863613998975,-351.73863613998975,-351.73863613998975,-325.29281087619506,-325.29281087619506,-325.29281087619506,0.0,0.0,0.0,20815.18795702261
2023-07-19,21492.61365340404,16432.14675376882,26757.210718008715,21492.61365340404,21492.61365340404,-109.49242233014294,-109.49242233014294,-109.49242233014294,240.69501629274595,240.69501629274595,240.69501629274595,-350.1874386228889,-350.1874386228889,-350.1874386228889,0.0,0.0,0.0,21383.1212310739
2023-07-20,21493.0079027693,15531.55312770287,26659.92236496625,21493.0079027693,21493.0079027693,-354.93280211908547,-354.93280211908547,-354.93280211908547,15.71399167062111,15.71399167062111,15.71399167062111,-370.6467937897066,-370.6467937897066,-370.6467937897066,0.0,0.0,0.0,21138.075100650214
2023-07-21,21493.40215213455,14883.23066027497,26317.786954735824,21493.40215213455,21493.40215213455,-1133.701169356481,-1133.701169356481,-1133.701169356481,-747.333613536248,-747.333613536248,-747.333613536248,-386.367555820233,-386.367555820233,-386.367555820233,0.0,0.0,0.0,20359.700982778068
2023-07-22,21493.796401499807,16339.569777428631,27353.824025592963,21493.796401499807,21493.796401499807,-45.505933705472415,-45.505933705472415,-45.505933705472415,351.65304209455593,351.65304209455593,351.65304209455593,-397.1589758000283,-397.1589758000283,-397.1589758000283,0.0,0.0,0.0,21448.290467794333
2023-07-23,21494.190650865057,16000.077463549382,27017.428210860864,21494.190650865057,21494.190650865057,-168.12938753206782,-168.12938753206782,-168.12938753206782,234.8127177162744,234.8127177162744,234.8127177162744,-402.9421052483422,-402.9421052483422,-402.9421052483422,0.0,0.0,0.0,21326.06126333299
2023-07-24,21494.584900230315,15683.627836364163,27034.6726995098,21494.584900230315,21494.584900230315,-147.5486931169454,-147.5486931169454,-147.5486931169454,256.19748190749607,256.19748190749607,256.19748190749607,-403.74617502444147,-403.74617502444147,-403.74617502444147,0.0,0.0,0.0,21347.036207113368
2023-07-25,21494.979149595565,14993.17918918463,26211.313262018466,21494.979149595565,21494.979149595565,-751.4409715080816,-751.4409715080816,-751.4409715080816,-351.73863613933884,-351.73863613933884,-351.73863613933884,-399.70233536874287,-399.70233536874287,-399.70233536874287,0.0,0.0,0.0,20743.538178087485
2023-07-26,21495.373398960823,15490.376406580579,27225.464502248597,21495.373398960823,21495.373398960823,-150.34001946463755,-150.34001946463755,-150.34001946463755,240.69501629458884,240.69501629458884,240.69501629458884,-391.0350357592264,-391.0350357592264,-391.0350357592264,0.0,0.0,0.0,21345.033379496184
2023-07-27,21495.767648326073,15396.197220961256,26670.04600998158,21495.767648326073,21495.767648326073,-362.33738923065073,-362.33738923065073,-362.33738923065073,15.713991668525752,15.713991668525752,15.713991668525752,-378.0513808991765,-378.0513808991765,-378.0513808991765,0.0,0.0,0.0,21133.43025909542
2023-07-28,21496.16189769133,14724.471091375062,26480.949501107243,21496.16189769133,21496.16189769133,-1108.4624588379493,-1108.4624588379493,-1108.4624588379493,-747.3336135365561,-747.3336135365561,-747.3336135365561,-361.12884530139326,-361.12884530139326,-361.12884530139326,0.0,0.0,0.0,20387.699438853382
2023-07-29,21496.55614705658,15674.268470458781,26702.377544521434,21496.55614705658,21496.55614705658,10.951279576417278,10.951279576417278,10.951279576417278,351.65304209464836,351.65304209464836,351.65304209464836,-340.70176251823113,-340.70176251823113,-340.70176251823113,0.0,0.0,0.0,21507.507426632998
2023-07-30,21496.950396421835,15653.08307274349,26964.413824639974,21496.950396421835,21496.950396421835,-82.43430769390906,-82.43430769390906,-82.43430769390906,234.8127177159743,234.8127177159743,234.8127177159743,-317.24702540988335,-317.24702540988335,-317.24702540988335,0.0,0.0,0.0,21414.516088727927
2023-07-31,21497.34464578709,16201.787332941683,26891.045990509167,21497.34464578709,21497.34464578709,-35.071958756503626,-35.071958756503626,-35.071958756503626,256.1974819067561,256.1974819067561,256.1974819067561,-291.26944066325973,-291.26944066325973,-291.26944066325973,0.0,0.0,0.0,21462.272687030585
2023-08-01,21497.738895152343,15513.565140061899,26539.42591027117,21497.738895152343,21497.738895152343,-615.0258103632821,-615.0258103632821,-615.0258103632821,-351.73863614057285,-351.73863614057285,-351.73863614057285,-263.28717422270904,-263.28717422270904,-263.28717422270904,0.0,0.0,0.0,20882.713084789062
2023-08-02,21498.135497865205,15804.643376088097,27242.636198307682,21498.135497865205,21498.135497865205,6.877311399925453,6.877311399925453,6.877311399925453,240.69501629203313,240.69501629203313,240.69501629203313,-233.81770489210768,-233.81770489210768,-233.81770489210768,0.0,0.0,0.0,21505.012809265132
2023-08-03,21498.53210057807,15919.585791144837,27205.969316000697,21498.53210057807,21498.53210057807,-187.65068037666506,-187.65068037666506,-187.65068037666506,15.713991670585871,15.713991670585871,15.713991670585871,-203.36467204725093,-203.36467204725093,-203.36467204725093,0.0,0.0,0.0,21310.881420201407
2023-08-04,21498.928703290934,14776.648851853037,25669.117072963876,21498.928703290934,21498.928703290934,-919.7395749314448,-919.7395749314448,-919.7395749314448,-747.3336135371036,-747.3336135371036,-747.3336135371036,-172.4059613943412,-172.4059613943412,-172.4059613943412,0.0,0.0,0.0,20579.18912835949
2023-08-05,21499.325306003797,15856.99075380499,27519.62413341264,21499.325306003797,21499.325306003797,210.26972049780963,210.26972049780963,210.26972049780963,351.65304209544655,351.65304209544655,351.65304209544655,-141.38332159763695,-141.38332159763695,-141.38332159763695,0.0,0.0,0.0,21709.595026501607
2023-08-06,21499.721908716667,15746.251823723684,27282.594153340186,21499.721908716667,21499.721908716667,124.11897156216132,124.11897156216132,124.11897156216132,234.81271771567415,234.81271771567415,234.81271771567415,-110.69374615351282,-110.69374615351282,-110.69374615351282,0.0,0.0,0.0,21623.84088027883
2023-08-07,21500.11851142953,16087.411639355141,27161.447624334352,21500.11851142953,21500.11851142953,175.51469079428037,175.51469079428037,175.51469079428037,256.19748190721384,256.19748190721384,256.19748190721384,-80.68279111293344,-80.68279111293344,-80.68279111293344,0.0,0.0,0.0,21675.63320222381
2023-08-08,21500.515114142392,15756.019724346652,26587.837079720866,21500.515114142392,21500.515114142392,-403.3785683796274,-403.3785683796274,-403.3785683796274,-351.73863613992194,-351.73863613992194,-351.73863613992194,-51.6399322397055,-51.6399322397055,-51.6399322397055,0.0,0.0,0.0,21097.136545762765
2023-08-09,21500.91171685526,16300.797416639249,27126.095921026605,21500.91171685526,21500.91171685526,216.89901918179365,216.89901918179365,216.89901918179365,240.69501629308166,240.69501629308166,240.69501629308166,-23.79599711128801,-23.79599711128801,-23.79599711128801,0.0,0.0,0.0,21717.810736037052
2023-08-10,21501.30831956812,16106.81997664986,27095.9905424994,21501.30831956812,21501.30831956812,18.391351011609,18.391351011609,18.391351011609,15.713991668490511,15.713991668490511,15.713991668490511,2.677359343118487,2.677359343118487,2.677359343118487,0.0,0.0,0.0,21519.69967057973
2023-08-11,21501.70492228099,15103.112190545135,26642.8818827006,21501.70492228099,21501.70492228099,-719.6673823128042,-719.6673823128042,-719.6673823128042,-747.3336135374118,-747.3336135374118,-747.3336135374118,27.666231224607547,27.666231224607547,27.666231224607547,0.0,0.0,0.0,20782.037539968187
2023-08-12,21502.101524993854,15968.908216162858,27189.12200510218,21502.101524993854,21502.101524993854,402.76428621077275,402.76428621077275,402.76428621077275,351.65304209553915,351.65304209553915,351.65304209553915,51.11124411523366,51.11124411523366,51.11124411523366,0.0,0.0,0.0,21904.865811204625
2023-08-13,21502.498127706716,16359.470567107193,26971.644267803833,21502.498127706716,21502.498127706716,307.81546742845745,307.81546742845745,307.81546742845745,234.81271771564715,234.81271771564715,234.81271771564715,73.00274971281036,73.00274971281036,73.00274971281036,0.0,0.0,0.0,21810.313595135172
2023-08-14,21502.894730419583,16056.892263072672,27658.53572833585,21502.894730419583,21502.894730419583,349.5721643658527,349.5721643658527,349.5721643658527,256.19748190527605,256.19748190527605,256.19748190527605,93.37468246057666,93.37468246057666,93.37468246057666,0.0,0.0,0.0,21852.466894785437
2023-08-15,21503.291333132445,15707.65268181892,26895.81120363676,21503.291333132445,21503.291333132445,-239.44127395741992,-239.44127395741992,-239.44127395741992,-351.73863614049293,-351.73863614049293,-351.73863614049293,112.29736218307298,112.29736218307298,112.29736218307298,0.0,0.0,0.0,21263.850059175027
2023-08-16,21503.687935845308,16037.527362126593,27202.94574249132,21503.687935845308,21503.687935845308,370.56456689878905,370.56456689878905,370.56456689878905,240.69501629052596,240.69501629052596,240.69501629052596,129.86955060826307,129.86955060826307,129.86955060826307,0.0,0.0,0.0,21874.252502744097
2023-08-17,21504.084538558178,15863.626658200948,27130.264757211393,21504.084538558178,21504.084538558178,161.92407432097548,161.92407432097548,161.92407432097548,15.713991666395136,15.713991666395136,15.713991666395136,146.21008265458033,146.21008265458033,146.21008265458033,0.0,0.0,0.0,21666.00861287915
2023-08-18,21504.48114127104,15007.441796063153,26494.826366851135,21504.48114127104,21504.48114127104,-585.8842182032005,-585.8842182032005,-585.8842182032005,-747.3336135361752,-747.3336135361752,-747.3336135361752,161.44939533297472,161.44939533297472,161.44939533297472,0.0,0.0,0.0,20918.59692306784
2023-08-19,21504.877743983903,16600.762753776842,27530.403291768627,21504.877743983903,21504.877743983903,527.37431035112,527.37431035112,527.37431035112,351.6530420963373,351.6530420963373,351.6530420963373,175.72126825478279,175.72126825478279,175.72126825478279,0.0,0.0,0.0,22032.252054335022
2023-08-20,21505.27434669677,16034.113536096967,27500.649777863564,21505.27434669677,21505.27434669677,423.96778829664794,423.96778829664794,423.96778829664794,234.81271771583823,234.81271771583823,234.81271771583823,189.15507058080968,189.15507058080968,189.15507058080968,0.0,0.0,0.0,21929.242134993416
2023-08-21,21505.670949409632,16406.404226925784,27558.659686914518,21505.670949409632,21505.670949409632,458.0662625653048,458.0662625653048,458.0662625653048,256.19748190573387,256.19748190573387,256.19748190573387,201.86878065957092,201.86878065957092,201.86878065957092,0.0,0.0,0.0,21963.737211974938
2023-08-22,21506.0675521225,15785.092461454055,26720.21076475434,21506.0675521225,21506.0675521225,-137.77562840369774,-137.77562840369774,-137.77562840369774,-351.7386361398418,-351.7386361398418,-351.7386361398418,213.9630077361441,213.9630077361441,213.9630077361441,0.0,0.0,0.0,21368.2919237188
2023-08-23,21506.464154835365,16115.720166156758,27834.945765183398,21506.464154835365,21506.464154835365,466.2112176583111,466.2112176583111,466.2112176583111,240.69501629236885,240.69501629236885,240.69501629236885,225.51620136594227,225.51620136594227,225.51620136594227,0.0,0.0,0.0,21972.675372493675
2023-08-24,21506.860757548227,16287.992356550418,27463.540487303468,21506.860757548227,21506.860757548227,252.29517681751602,252.29517681751602,252.29517681751602,15.713991666377515,15.713991666377515,15.713991666377515,236.58118515113853,236.58118515113853,236.58118515113853,0.0,0.0,0.0,21759.155934365743
2023-08-25,21507.257360261094,14973.400031111847,26507.682345882426,21507.257360261094,21507.257360261094,-500.1505146684204,-500.1505146684204,-500.1505146684204,-747.3336135380281,-747.3336135380281,-747.3336135380281,247.18309886960776,247.18309886960776,247.18309886960776,0.0,0.0,0.0,21007.106845592672
2023-08-26,21507.653962973956,16609.51892319454,27257.971691183873,21507.653962973956,21507.653962973956,608.9718209370367,608.9718209370367,608.9718209370367,351.65304209433,351.65304209433,351.65304209433,257.31877884270665,257.31877884270665,257.31877884270665,0.0,0.0,0.0,22116.625783910993
2023-08-27,21508.050565686823,16241.064335804913,27571.654943444617,21508.050565686823,21508.050565686823,501.7702700532361,501.7702700532361,501.7702700532361,234.81271771608428,234.81271771608428,234.81271771608428,266.95755233715187,266.95755233715187,266.95755233715187,0.0,0.0,0.0,22009.820835740058
2023-08-28,21508.44716839969,16701.92844123701,27646.48833885194,21508.44716839969,21508.44716839969,532.2408516775844,532.2408516775844,532.2408516775844,256.19748190619157,256.19748190619157,256.19748190619157,276.04336977139286,276.04336977139286,276.04336977139286,0.0,0.0,0.0,22040.688020077272
2023-08-29,21508.84377111255,16317.734176279186,27280.937070912158,21508.84377111255,21508.84377111255,-67.24048591686494,-67.24048591686494,-67.24048591686494,-351.73863614107603,-351.73863614107603,-351.73863614107603,284.4981502242111,284.4981502242111,284.4981502242111,0.0,0.0,0.0,21441.603285195688
2023-08-30,21509.240373825414,16424.05544443874,27517.333465765623,21509.240373825414,21509.240373825414,532.9211891200355,532.9211891200355,532.9211891200355,240.69501629201247,240.69501629201247,240.69501629201247,292.226172828023,292.226172828023,292.226172828023,0.0,0.0,0.0,22042.16156294545
2023-08-31,21509.63697653828,16268.325698842746,27237.568753068645,21509.63697653828,21509.63697653828,314.8333021299161,314.8333021299161,314.8333021299161,15.71399166698408,15.71399166698408,15.71399166698408,299.11931046293205,299.11931046293205,299.11931046293205,0.0,0.0,0.0,21824.470278668196
2023-09-01,21510.033579251147,15525.362924673893,26802.481759695205,21510.033579251147,21510.033579251147,-442.2707396341974,-442.2707396341974,-442.2707396341974,-747.3336135367916,-747.3336135367916,-747.3336135367916,305.0628739025942,305.0628739025942,305.0628739025942,0.0,0.0,0.0,21067.76283961695
2023-09-02,21510.43018196401,16297.414132580854,27992.23714023793,21510.43018196401,21510.43018196401,661.5948571777992,661.5948571777992,661.5948571777992,351.65304209512817,351.65304209512817,351.65304209512817,309.9418150826711,309.9418150826711,309.9418150826711,0.0,0.0,0.0,22172.02503914181
2023-09-03,21510.826784676876,16516.817127646686,27676.38657934293,21510.826784676876,21510.826784676876,548.4597457417755,548.4597457417755,548.4597457417755,234.81271771578426,234.81271771578426,234.81271771578426,313.64702802599123,313.64702802599123,313.64702802599123,0.0,0.0,0.0,22059.286530418653
2023-09-04,21511.22338738974,16626.100422676423,27859.250772711162,21511.22338738974,21511.22338738974,572.2789673361568,572.2789673361568,572.2789673361568,256.1974819054515,256.1974819054515,256.1974819054515,316.08148543070524,316.08148543070524,316.08148543070524,0.0,0.0,0.0,22083.502354725897
2023-09-05,21511.6199901026,16259.779274412585,26680.75647167981,21511.6199901026,21511.6199901026,-34.57267821728643,-34.57267821728643,-34.57267821728643,-351.7386361397618,-351.7386361397618,-351.7386361397618,317.1659579224754,317.1659579224754,317.1659579224754,0.0,0.0,0.0,21477.047311885315
2023-09-06,21512.01659281547,16631.461554217156,27896.099351746852,21512.01659281547,21512.01659281547,557.5390973874573,557.5390973874573,557.5390973874573,240.695016291656,240.695016291656,240.695016291656,316.84408109580124,316.84408109580124,316.84408109580124,0.0,0.0,0.0,22069.555690202928
2023-09-07,21512.413195528334,16546.420341482222,27735.506714552354,21512.413195528334,21512.413195528334,330.8005536891915,330.8005536891915,330.8005536891915,15.713991669044216,15.713991669044216,15.713991669044216,315.08656202014726,315.08656202014726,315.08656202014726,0.0,0.0,0.0,21843.213749217524
2023-09-08,21512.8097982412,15524.325791581905,26558.783739579758,21512.8097982412,21512.8097982412,-435.43926266482214,-435.43926266482214,-435.43926266482214,-747.3336135355552,-747.3336135355552,-747.3336135355552,311.8943508707329,311.8943508707329,311.8943508707329,0.0,0.0,0.0,21077.370535576378
2023-09-09,21513.206400954063,16114.90462520759,27556.482480660954,21513.206400954063,21513.206400954063,658.9536856295905,658.9536856295905,658.9536856295905,351.65304209522066,351.65304209522066,351.65304209522066,307.3006435343698,307.3006435343698,307.3006435343698,0.0,0.0,0.0,22172.16008658365
2023-09-10,21513.603003666925,16492.44780416967,27810.551764854277,21513.603003666925,21513.603003666925,536.184343712285,536.184343712285,536.184343712285,234.81271771575717,234.81271771575717,234.81271771575717,301.3716259965278,301.3716259965278,301.3716259965278,0.0,0.0,0.0,22049.78734737921
2023-09-11,21513.999606379795,16576.794879747235,27758.5781775478,21513.999606379795,21513.999606379795,550.4034013350025,550.4034013350025,550.4034013350025,256.1974819084832,256.1974819084832,256.1974819084832,294.2059194265193,294.2059194265193,294.2059194265193,0.0,0.0,0.0,22064.403007714798
2023-09-12,21514.396209092658,15737.456118193579,26961.793718875055,21514.396209092658,21514.396209092658,-65.80590167157555,-65.80590167157555,-65.80590167157555,-351.73863614099605,-351.73863614099605,-351.73863614099605,285.9327344694205,285.9327344694205,285.9327344694205,0.0,0.0,0.0,21448.590307421084
2023-09-13,21514.79281180552,16601.025075307818,27761.287066808563,21514.79281180552,21514.79281180552,517.4038088314014,517.4038088314014,517.4038088314014,240.69501629129962,240.69501629129962,240.69501629129962,276.7087925401018,276.7087925401018,276.7087925401018,0.0,0.0,0.0,22032.19662063692
2023-09-14,21515.189414518387,16270.539820405556,27691.68235662668,21515.189414518387,21515.189414518387,282.4281108623041,282.4281108623041,282.4281108623041,15.71399166694884,15.71399166694884,15.71399166694884,266.71411919535524,266.71411919535524,266.71411919535524,0.0,0.0,0.0,21797.61752538069
2023-09-15,21515.58601723125,15403.809377229618,26643.62896882063,21515.58601723125,21515.58601723125,-491.1867552982363,-491.1867552982363,-491.1867552982363,-747.3336135358634,-747.3336135358634,-747.3336135358634,256.146858237627,256.146858237627,256.146858237627,0.0,0.0,0.0,21024.399261933013
2023-09-16,21515.982619944112,16368.858077562443,27506.101136221107,21515.982619944112,21515.982619944112,596.8703356473947,596.8703356473947,596.8703356473947,351.65304209250763,351.65304209250763,351.65304209250763,245.217293554887,245.217293554887,245.217293554887,0.0,0.0,0.0,22112.85295559151
2023-09-17,21516.379222656982,16697.81735191245,27125.403446567518,21516.379222656982,21516.379222656982,468.9540151562557,468.9540151562557,468.9540151562557,234.8127177157302,234.8127177157302,234.8127177157302,234.14129744052556,234.14129744052556,234.14129744052556,0.0,0.0,0.0,21985.333237813236
2023-09-18,21516.775825369845,16313.452248377234,28026.74083982018,21516.775825369845,21516.775825369845,479.330930042103,479.330930042103,479.330930042103,256.1974819065455,256.1974819065455,256.1974819065455,223.1334481355575,223.1334481355575,223.1334481355575,0.0,0.0,0.0,21996.106755411947
2023-09-19,21517.172428082707,16148.75275713164,27172.387097075654,21517.172428082707,21517.172428082707,-139.33856144770422,-139.33856144770422,-139.33856144770422,-351.73863613845975,-351.73863613845975,-351.73863613845975,212.40007469075553,212.40007469075553,212.40007469075553,0.0,0.0,0.0,21377.833866635003
2023-09-20,21517.569030795574,16607.580966519043,27574.491481831767,21517.569030795574,21517.569030795574,442.8275096704678,442.8275096704678,442.8275096704678,240.6950162931425,240.6950162931425,240.6950162931425,202.1324933773253,202.1324933773253,202.1324933773253,0.0,0.0,0.0,21960.39654046604
2023-09-21,21517.965633508436,16222.043313117892,27129.165386025936,21517.965633508436,21517.965633508436,208.21468815781154,208.21468815781154,208.21468815781154,15.71399166693122,15.71399166693122,15.71399166693122,192.50069649088033,192.50069649088033,192.50069649088033,0.0,0.0,0.0,21726.18032166625
2023-09-22,21518.362236221306,15506.742896094269,26542.41519301272,21518.362236221306,21518.362236221306,-563.6858720021564,-563.6858720021564,-563.6858720021564,-747.3336135364108,-747.3336135364108,-747.3336135364108,183.6477415342543,183.6477415342543,183.6477415342543,0.0,0.0,0.0,20954.67636421915
2023-09-23,21518.75883893417,16440.552587311096,27753.908742467374,21518.75883893417,21518.75883893417,527.3381088835837,527.3381088835837,527.3381088835837,351.6530420926002,351.6530420926002,351.6530420926002,175.6850667909835,175.6850667909835,175.6850667909835,0.0,0.0,0.0,22046.096947817754
2023-09-24,21519.15544164703,16164.342125568552,27246.564401817403,21519.15544164703,21519.15544164703,403.50164660820445,403.50164660820445,403.50164660820445,234.81271771570314,234.81271771570314,234.81271771570314,168.68892889250137,168.68892889250137,168.68892889250137,0.0,0.0,0.0,21922.657088255237
2023-09-25,21519.552044359898,16506.779170938105,28073.16083281314,21519.552044359898,21519.552044359898,418.89560199894083,418.89560199894083,418.89560199894083,256.1974819070032,256.1974819070032,256.1974819070032,162.69812009193765,162.69812009193765,162.69812009193765,0.0,0.0,0.0,21938.44764635884
2023-09-26,21519.94864707276,15512.022117909704,27103.819129080184,21519.94864707276,21519.94864707276,-194.0255573164398,-194.0255573164398,-194.0255573164398,-351.7386361396938,-351.7386361396938,-351.7386361396938,157.71307882325408,157.71307882325408,157.71307882325408,0.0,0.0,0.0,21325.92308975632
2023-09-27,21520.345249785623,16530.159694673788,27652.830061276833,21520.345249785623,21520.345249785623,394.39147448480054,394.39147448480054,394.39147448480054,240.69501629199166,240.69501629199166,240.69501629199166,153.69645819280888,153.69645819280888,153.69645819280888,0.0,0.0,0.0,21914.736724270424
2023-09-28,21520.741852498493,16170.438249000576,27249.70777899978,21520.741852498493,21520.741852498493,166.2891566107992,166.2891566107992,166.2891566107992,15.713991666913616,15.713991666913616,15.713991666913616,150.5751649438856,150.5751649438856,150.5751649438856,0.0,0.0,0.0,21687.031009109294
2023-09-29,21521.138455211356,15663.776165663317,26794.206218736166,21521.138455211356,21521.138455211356,-599.0897856247756,-599.0897856247756,-599.0897856247756,-747.3336135382636,-747.3336135382636,-747.3336135382636,148.24382791348808,148.24382791348808,148.24382791348808,0.0,0.0,0.0,20922.04866958658
2023-09-30,21521.53505792422,16483.861215670702,27685.966204693574,21521.53505792422,21521.53505792422,498.22264397031455,498.22264397031455,498.22264397031455,351.65304209410397,351.65304209410397,351.65304209410397,146.56960187621056,146.56960187621056,146.56960187621056,0.0,0.0,0.0,22019.757701894534
2023-10-01,21521.931660637085,16452.763206638403,27358.678736947513,21521.931660637085,21521.931660637085,380.2108794930703,380.2108794930703,380.2108794930703,234.81271771540304,234.81271771540304,234.81271771540304,145.39816177766727,145.39816177766727,145.39816177766727,0.0,0.0,0.0,21902.142540130157
2023-10-02,21522.328263349948,16395.23768672887,27453.77132507421,21522.328263349948,21522.328263349948,400.7581773801838,400.7581773801838,400.7581773801838,256.1974819062632,256.1974819062632,256.1974819062632,144.56069547392056,144.56069547392056,144.56069547392056,0.0,0.0,0.0,21923.08644073013
2023-10-03,21522.724866062817,15934.876352991185,26988.77740760342,21522.724866062817,21522.724866062817,-207.85697425322064,-207.85697425322064,-207.85697425322064,-351.73863614092807,-351.73863614092807,-351.73863614092807,143.88166188770745,143.88166188770745,143.88166188770745,0.0,0.0,0.0,21314.867891809597
2023-10-04,21523.12146877568,15920.27110108783,27310.76745311491,21523.12146877568,21523.12146877568,383.88206375692175,383.88206375692175,383.88206375692175,240.69501629383456,240.69501629383456,240.69501629383456,143.1870474630872,143.1870474630872,143.1870474630872,0.0,0.0,0.0,21907.003532532603
2023-10-05,21523.518071488546,15872.74094928814,27200.909695065617,21523.518071488546,21523.518071488546,158.02681991007861,158.02681991007861,158.02681991007861,15.713991666895994,15.713991666895994,15.713991666895994,142.3128282431826,142.3128282431826,142.3128282431826,0.0,0.0,0.0,21681.544891398626
2023-10-06,21523.923048082892,15183.279763189586,26642.00488784087,21523.923048082892,21523.923048082892,-606.2202847028909,-606.2202847028909,-606.2202847028909,-747.3336135370271,-747.3336135370271,-747.3336135370271,141.11332883413613,141.11332883413613,141.11332883413613,0.0,0.0,0.0,20917.702763380003
2023-10-07,21524.328024677237,16211.238493065199,28164.992333714134,21524.328024677237,21524.328024677237,491.12220577706967,491.12220577706967,491.12220577706967,351.65304209419645,351.65304209419645,351.65304209419645,139.46916368287316,139.46916368287316,139.46916368287316,0.0,0.0,0.0,22015.450230454306
2023-10-08,21524.733001271587,16565.136450549748,27603.943502164748,21524.733001271587,21524.733001271587,372.10716860779377,372.10716860779377,372.10716860779377,234.81271771586717,234.81271771586717,234.81271771586717,137.2944508919266,137.2944508919266,137.2944508919266,0.0,0.0,0.0,21896.84016987938
2023-10-09,21525.137977865932,16625.79902317747,27608.238047464703,21525.137977865932,21525.137977865932,390.74048619916334,390.74048619916334,390.74048619916334,256.1974819080971,256.1974819080971,256.1974819080971,134.54300429106624,134.54300429106624,134.54300429106624,0.0,0.0,0.0,21915.878464065096
2023-10-10,21525.54295446028,15712.436686490562,26834.227509925582,21525.54295446028,21525.54295446028,-220.52540074767506,-220.52540074767506,-220.52540074767506,-351.73863613839177,-351.73863613839177,-351.73863613839177,131.21323539071673,131.21323539071673,131.21323539071673,0.0,0.0,0.0,21305.017553712605
2023-10-11,21525.947931054627,16546.72305819054,27475.314324798353,21525.947931054627,21525.947931054627,368.046548825748,368.046548825748,368.046548825748,240.69501629127885,240.69501629127885,240.69501629127885,127.3515325344691,127.3515325344691,127.3515325344691,0.0,0.0,0.0,21893.994479880374
2023-10-12,21526.352907648976,15909.571743748154,27617.003168500247,21526.352907648976,21526.352907648976,138.76792075413655,138.76792075413655,138.76792075413655,15.71399166480062,15.71399166480062,15.71399166480062,123.05392908933594,123.05392908933594,123.05392908933594,0.0,0.0,0.0,21665.120828403113
2023-10-13,21526.75788424332,15295.358190249017,26514.4127545215,21526.75788424332,21526.75788424332,-628.8676889360311,-628.8676889360311,-628.8676889360311,-747.3336135375745,-747.3336135375745,-747.3336135375745,118.46592460154343,118.46592460154343,118.46592460154343,0.0,0.0,0.0,20897.89019530729
2023-10-14,21527.16286083767,16204.967574953316,27831.353711630505,21527.16286083767,21527.16286083767,465.43342307221997,465.43342307221997,465.43342307221997,351.653042094289,351.653042094289,351.653042094289,113.78038097793102,113.78038097793102,113.78038097793102,0.0,0.0,0.0,21992.59628390989
2023-10-15,21527.567837432016,16173.870981323025,27703.580188017833,21527.567837432016,21527.567837432016,344.0461958939206,344.0461958939206,344.0461958939206,234.81271771556706,234.81271771556706,234.81271771556706,109.23347817835351,109.23347817835351,109.23347817835351,0.0,0.0,0.0,21871.614033325935
2023-10-16,21527.97281402636,16341.5278210097,27666.230876511003,21527.97281402636,21527.97281402636,361.2962606135278,361.2962606135278,361.2962606135278,256.1974819073571,256.1974819073571,256.1974819073571,105.09877870617072,105.09877870617072,105.09877870617072,0.0,0.0,0.0,21889.269074639888
2023-10-17,21528.37779062071,15498.050317712929,26834.843514621374,21528.37779062071,21528.37779062071,-250.0591208179963,-250.0591208179963,-250.0591208179963,-351.738636139626,-351.738636139626,-351.738636139626,101.67951532162964,101.67951532162964,101.67951532162964,0.0,0.0,0.0,21278.318669802713
2023-10-18,21528.782767215056,16054.886876497594,27164.233626103087,21528.782767215056,21528.782767215056,339.9942961005729,339.9942961005729,339.9942961005729,240.6950162931217,240.6950162931217,240.6950162931217,99.29927980745121,99.29927980745121,99.29927980745121,0.0,0.0,0.0,21868.77706331563
2023-10-19,21529.187743809405,15810.137602988256,27394.0565745153,21529.187743809405,21529.187743809405,114.00534187262343,114.00534187262343,114.00534187262343,15.713991669562677,15.713991669562677,15.713991669562677,98.29135020306076,98.29135020306076,98.29135020306076,0.0,0.0,0.0,21643.19308568203
2023-10-20,21529.59272040375,15059.872529307002,26631.53270712392,21529.59272040375,21529.59272040375,-648.3466658138673,-648.3466658138673,-648.3466658138673,-747.333613536338,-747.333613536338,-747.333613536338,98.98694772247076,98.98694772247076,98.98694772247076,0.0,0.0,0.0,20881.246054589883
2023-10-21,21529.9976969981,16341.799589470358,27722.00367958056,21529.9976969981,21529.9976969981,453.35580281084805,453.35580281084805,453.35580281084805,351.65304209579284,351.65304209579284,351.65304209579284,101.70276071505516,101.70276071505516,101.70276071505516,0.0,0.0,0.0,21983.35349980895
2023-10-22,21530.402673592445,16360.631318161797,27423.753724134313,21530.402673592445,21530.402673592445,341.5408276097593,341.5408276097593,341.5408276097593,234.81271771581316,234.81271771581316,234.81271771581316,106.72810989394608,106.72810989394608,106.72810989394608,0.0,0.0,0.0,21871.943501202204
2023-10-23,21530.80765018679,16559.583983527442,27407.463105679497,21530.80765018679,21530.80765018679,370.50963714679193,370.50963714679193,370.50963714679193,256.1974819066171,256.1974819066171,256.1974819066171,114.31215524017483,114.31215524017483,114.31215524017483,0.0,0.0,0.0,21901.317287333582
2023-10-24,21531.21262678114,15628.37145692492,26796.493163820993,21531.21262678114,21531.21262678114,-227.08707672057824,-227.08707672057824,-227.08707672057824,-351.738636140197,-351.738636140197,-351.738636140197,124.65155941961875,124.65155941961875,124.65155941961875,0.0,0.0,0.0,21304.125550060562
2023-10-25,21531.617603375485,16055.822118198308,27008.351887329758,21531.617603375485,21531.617603375485,378.5740407676719,378.5740407676719,378.5740407676719,240.6950162949646,240.6950162949646,240.6950162949646,137.87902447270733,137.87902447270733,137.87902447270733,0.0,0.0,0.0,21910.191644143157
2023-10-26,21532.022579969835,15960.51617496217,27543.99582461998,21532.022579969835,21532.022579969835,169.7670992593753,169.7670992593753,169.7670992593753,15.713991667467303,15.713991667467303,15.713991667467303,154.05310759190803,154.05310759190803,154.05310759190803,0.0,0.0,0.0,21701.78967922921
2023-10-27,21532.42755656418,15834.62005051847,26541.229907726945,21532.42755656418,21532.42755656418,-574.1839155371538,-574.1839155371538,-574.1839155371538,-747.3336135366462,-747.3336135366462,-747.3336135366462,173.14969799949253,173.14969799949253,173.14969799949253,0.0,0.0,0.0,20958.243641027027
2023-10-28,21532.83253315853,16436.08868173042,28048.935152563696,21532.83253315853,21532.83253315853,546.7085427803645,546.7085427803645,546.7085427803645,351.6530420958853,351.6530420958853,351.6530420958853,195.05550068447914,195.05550068447914,195.05550068447914,0.0,0.0,0.0,22079.541075938894
2023-10-29,21533.237509752875,16566.33254691035,27302.183546641696,21533.237509752875,21533.237509752875,454.3765425807665,454.3765425807665,454.3765425807665,234.81271771551314,234.81271771551314,234.81271771551314,219.5638248652534,219.5638248652534,219.5638248652534,0.0,0.0,0.0,21987.61405233364
2023-10-30,21533.642486347224,16705.69819180808,27931.08807352248,21533.642486347224,21533.642486347224,502.5703985584508,502.5703985584508,502.5703985584508,256.19748190587705,256.19748190587705,256.19748190587705,246.37291665257374,246.37291665257374,246.37291665257374,0.0,0.0,0.0,22036.212884905675
2023-10-31,21534.04746294157,15681.90862048066,26763.835693764326,21534.04746294157,21534.04746294157,-76.6516281030185,-76.6516281030185,-76.6516281030185,-351.7386361414312,-351.7386361414312,-351.7386361414312,275.0870080384127,275.0870080384127,275.0870080384127,0.0,0.0,0.0,21457.39583483855
2023-11-01,21534.452439535915,16414.85795924147,27734.86141874332,21534.452439535915,21534.452439535915,545.9151960915782,545.9151960915782,545.9151960915782,240.69501629240895,240.69501629240895,240.69501629240895,305.2201797991692,305.2201797991692,305.2201797991692,0.0,0.0,0.0,22080.367635627492
2023-11-02,21534.857416130264,16344.776828168833,27766.621742901032,21534.857416130264,21534.857416130264,351.9170479366188,351.9170479366188,351.9170479366188,15.713991669527438,15.713991669527438,15.713991669527438,336.20305626709137,336.20305626709137,336.20305626709137,0.0,0.0,0.0,21886.774464066883
2023-11-03,21535.26239272461,15465.198229718471,26791.401272366955,21535.26239272461,21535.26239272461,-379.94134612296835,-379.94134612296835,-379.94134612296835,-747.3336135369545,-747.3336135369545,-747.3336135369545,367.39226741398613,367.39226741398613,367.39226741398613,0.0,0.0,0.0,21155.321046601643
2023-11-04,21535.66736931896,16703.580469402452,27882.32632404472,21535.66736931896,21535.66736931896,749.7355727980612,749.7355727980612,749.7355727980612,351.65304209317236,351.65304209317236,351.65304209317236,398.08253070488877,398.08253070488877,398.08253070488877,0.0,0.0,0.0,22285.40294211702
2023-11-05,21536.072345913304,16765.98229714325,27870.92143740767,21536.072345913304,21536.072345913304,662.3338418573178,662.3338418573178,662.3338418573178,234.81271771625023,234.81271771625023,234.81271771625023,427.5211241410676,427.5211241410676,427.5211241410676,0.0,0.0,0.0,22198.406187770623
2023-11-06,21536.477322507653,16564.128089732003,27792.957303822437,21536.477322507653,21536.477322507653,711.1219271616175,711.1219271616175,711.1219271616175,256.1974819063348,256.1974819063348,256.1974819063348,454.9244452552827,454.9244452552827,454.9244452552827,0.0,0.0,0.0,22247.59924966927
2023-11-07,21536.882299102,16291.797070443981,27450.44745633478,21536.882299102,21536.882299102,127.75764473682165,127.75764473682165,127.75764473682165,-351.73863614078016,-351.73863614078016,-351.73863614078016,479.4962808776018,479.4962808776018,479.4962808776018,0.0,0.0,0.0,21664.63994383882
2023-11-08,21537.287275696348,17103.572003806574,28181.612889607062,21537.287275696348,21537.287275696348,741.1423677571145,741.1423677571145,741.1423677571145,240.69501629425181,240.69501629425181,240.69501629425181,500.44735146286274,500.44735146286274,500.44735146286274,0.0,0.0,0.0,22278.429643453463
2023-11-09,21537.692252290693,16524.15468099365,27036.90323458981,21537.692252290693,21537.692252290693,532.7296352681351,532.7296352681351,532.7296352681351,15.713991670134002,15.713991670134002,15.713991670134002,517.0156435980011,517.0156435980011,517.0156435980011,0.0,0.0,0.0,22070.421887558827
2023-11-10,21538.09722888504,16047.851251516617,27158.29880089502,21538.09722888504,21538.09722888504,-218.8466068349229,-218.8466068349229,-218.8466068349229,-747.3336135372627,-747.3336135372627,-747.3336135372627,528.4870067023398,528.4870067023398,528.4870067023398,0.0,0.0,0.0,21319.250622050116
2023-11-11,21538.502205479388,17164.24892465123,27954.340520003356,21538.502205479388,21538.502205479388,885.8685083061122,885.8685083061122,885.8685083061122,351.6530420932648,351.6530420932648,351.6530420932648,534.2154662128473,534.2154662128473,534.2154662128473,0.0,0.0,0.0,22424.3707137855
2023-11-12,21538.907182073734,16444.925432512417,28109.78486484463,21538.907182073734,21538.907182073734,768.4554144126079,768.4554144126079,768.4554144126079,234.81271771595013,234.81271771595013,234.81271771595013,533.6426966966577,533.6426966966577,533.6426966966577,0.0,0.0,0.0,22307.362596486342
2023-11-13,21539.312158668083,16680.61126806055,27938.771161076304,21539.312158668083,21539.312158668083,782.5135868012826,782.5135868012826,782.5135868012826,256.1974819043971,256.1974819043971,256.1974819043971,526.3161048968856,526.3161048968856,526.3161048968856,0.0,0.0,0.0,22321.825745469367
2023-11-14,21539.71713526243,16171.806164523094,27616.803231363756,21539.71713526243,21539.71713526243,160.16635866787078,160.16635866787078,160.16635866787078,-351.73863614012913,-351.73863614012913,-351.73863614012913,511.90499480799986,511.90499480799986,511.90499480799986,0.0,0.0,0.0,21699.883493930298
2023-11-15,21540.122111856777,16671.731119196567,27951.550901162747,21540.122111856777,21540.122111856777,730.9093404734552,730.9093404734552,730.9093404734552,240.69501629310105,240.69501629310105,240.69501629310105,490.21432418035425,490.21432418035425,490.21432418035425,0.0,0.0,0.0,22271.031452330233
2023-11-16,21540.527088451123,16618.856531888505,27785.070835212995,21540.527088451123,21540.527088451123,476.9096052467447,476.9096052467447,476.9096052467447,15.713991670116364,15.713991670116364,15.713991670116364,461.1956135766284,461.1956135766284,461.1956135766284,0.0,0.0,0.0,22017.436693697866
2023-11-17,21540.93206504547,15588.869733501067,26953.308206840367,21540.93206504547,21540.93206504547,-322.3789794525998,-322.3789794525998,-322.3789794525998,-747.3336135360261,-747.3336135360261,-747.3336135360261,424.9546340834263,424.9546340834263,424.9546340834263,0.0,0.0,0.0,21218.55308559287
2023-11-18,21541.337041639817,16762.569625372475,28599.242599652916,21541.337041639817,21541.337041639817,733.4086184913536,733.4086184913536,733.4086184913536,351.653042094063,351.653042094063,351.653042094063,381.7555763972906,381.7555763972906,381.7555763972906,0.0,0.0,0.0,22274.74566013117
2023-11-19,21541.742018234163,16749.04129642381,27904.68488199485,21541.742018234163,21541.742018234163,566.8342080607969,566.8342080607969,566.8342080607969,234.81271771565008,234.81271771565008,234.81271771565008,332.0214903451468,332.0214903451468,332.0214903451468,0.0,0.0,0.0,22108.57622629496
2023-11-20,21542.146994828512,16601.579357352202,27839.960842088425,21542.146994828512,21542.146994828512,532.528359595423,532.528359595423,532.528359595423,256.19748190742865,256.19748190742865,256.19748190742865,276.33087768799436,276.33087768799436,276.33087768799436,0.0,0.0,0.0,22074.675354423936
2023-11-21,21542.551971422858,16089.900654999994,27209.215983005037,21542.551971422858,21542.551971422858,-136.32821629720434,-136.32821629720434,-136.32821629720434,-351.73863613947805,-351.73863613947805,-351.73863613947805,215.4104198422737,215.4104198422737,215.4104198422737,0.0,0.0,0.0,21406.223755125655
2023-11-22,21542.956948017207,16272.280580216398,27994.389120639273,21542.956948017207,21542.956948017207,390.8189395268938,390.8189395268938,390.8189395268938,240.6950162927446,240.6950162927446,240.6950162927446,150.1239232341492,150.1239232341492,150.1239232341492,0.0,0.0,0.0,21933.7758875441
2023-11-23,21543.361924611552,15916.74642209078,27278.482197437264,21543.361924611552,21543.361924611552,97.17165732865645,97.17165732865645,97.17165732865645,15.713991668021006,15.713991668021006,15.713991668021006,81.45766566063544,81.45766566063544,81.45766566063544,0.0,0.0,0.0,21640.53358194021
2023-11-24,21543.7669012059,15228.803796210907,26841.5628757945,21543.7669012059,21543.7669012059,-736.8311890802221,-736.8311890802221,-736.8311890802221,-747.3336135378789,-747.3336135378789,-747.3336135378789,10.502424457656911,10.502424457656911,10.502424457656911,0.0,0.0,0.0,20806.93571212568
2023-11-25,21544.171877800247,16345.984558697015,27045.563223775396,21544.171877800247,21544.171877800247,290.08560085132075,290.08560085132075,290.08560085132075,351.6530420948612,351.6530420948612,351.6530420948612,-61.567441243540465,-61.567441243540465,-61.567441243540465,0.0,0.0,0.0,21834.25747865157
2023-11-26,21544.576854394592,16439.19736130473,27264.660546268842,21544.576854394592,21544.576854394592,101.29531878375,101.29531878375,101.29531878375,234.81271771589607,234.81271771589607,234.81271771589607,-133.51739893214608,-133.51739893214608,-133.51739893214608,0.0,0.0,0.0,21645.87217317834
2023-11-27,21544.98183098894,15832.491970262878,27123.59101112685,21544.98183098894,21544.98183098894,52.11936737937026,52.11936737937026,52.11936737937026,256.1974819066887,256.1974819066887,256.1974819066887,-204.07811452731846,-204.07811452731846,-204.07811452731846,0.0,0.0,0.0,21597.101198368313
2023-11-28,21545.386807583287,15268.90119337194,26457.093826638422,21545.386807583287,21545.386807583287,-623.7108373992382,-623.7108373992382,-623.7108373992382,-351.73863614071223,-351.73863614071223,-351.73863614071223,-271.972201258526,-271.972201258526,-271.972201258526,0.0,0.0,0.0,20921.67597018405
2023-11-29,21545.791784177636,15724.79447285105,27005.46359425709,21545.791784177636,21545.791784177636,-95.24669873099938,-95.24669873099938,-95.24669873099938,240.69501629238815,240.69501629238815,240.69501629238815,-335.94171502338753,-335.94171502338753,-335.94171502338753,0.0,0.0,0.0,21450.545085446636
2023-11-30,21546.19676077198,15658.169711716393,26439.197715708367,21546.19676077198,21546.19676077198,-379.0617458036743,-379.0617458036743,-379.0617458036743,15.713991665925647,15.713991665925647,15.713991665925647,-394.77573746959996,-394.77573746959996,-394.77573746959996,0.0,0.0,0.0,21167.135014968306
2023-12-01,21546.60173736633,14908.73983050518,25929.734969100802,21546.60173736633,21546.60173736633,-1194.6709904812444,-1194.6709904812444,-1194.6709904812444,-747.3336135368818,-747.3336135368818,-747.3336135368818,-447.3373769443627,-447.3373769443627,-447.3373769443627,0.0,0.0,0.0,20351.930746885086
2023-12-02,21547.006713960676,15935.215245441947,27260.400125875487,21547.006713960676,21547.006713960676,-140.93648177671608,-140.93648177671608,-140.93648177671608,351.6530420928538,351.6530420928538,351.6530420928538,-492.5895238695699,-492.5895238695699,-492.5895238695699,0.0,0.0,0.0,21406.07023218396
2023-12-03,21547.41169055502,15683.38830551976,26279.895571575715,21547.41169055502,21547.41169055502,-294.806003281515,-294.806003281515,-294.806003281515,234.8127177155961,234.8127177155961,234.8127177155961,-529.6187209971112,-529.6187209971112,-529.6187209971112,0.0,0.0,0.0,21252.605687273506
2023-12-04,21547.81666714937,15813.505045882379,26771.680543481125,21547.81666714937,21547.81666714937,-301.4590679880943,-301.4590679880943,-301.4590679880943,256.1974819071464,256.1974819071464,256.1974819071464,-557.6565498952407,-557.6565498952407,-557.6565498952407,0.0,0.0,0.0,21246.357599161278
2023-12-05,21548.221643743716,14923.136298423766,25955.623141358938,21548.221643743716,21548.221643743716,-927.8366280682419,-927.8366280682419,-927.8366280682419,-351.7386361381759,-351.7386361381759,-351.7386361381759,-576.097991930066,-576.097991930066,-576.097991930066,0.0,0.0,0.0,20620.385015675474
2023-12-06,21548.626620338066,15737.462181491423,26716.821867697698,21548.626620338066,21548.626620338066,-343.82127721372615,-343.82127721372615,-343.82127721372615,240.69501629123744,240.69501629123744,240.69501629123744,-584.5162935049636,-584.5162935049636,-584.5162935049636,0.0,0.0,0.0,21204.80534312434
2023-12-07,21549.03159693241,15551.996693747458,26739.35479029762,21549.03159693241,21549.03159693241,-566.9599579245538,-566.9599579245538,-566.9599579245538,15.713991667985782,15.713991667985782,15.713991667985782,-582.6739495925395,-582.6739495925395,-582.6739495925395,0.0,0.0,0.0,20982.071639007856
2023-12-08,21549.43657352676,14681.705118358455,25639.460979200103,21549.43657352676,21549.43657352676,-1317.8631279521605,-1317.8631279521605,-1317.8631279521605,-747.33361353719,-747.33361353719,-747.33361353719,-570.5295144149707,-570.5295144149707,-570.5295144149707,0.0,0.0,0.0,20231.5734455746
2023-12-09,21549.841550121106,16241.173841938602,26810.2481145602,21549.841550121106,21549.841550121106,-196.58700894489243,-196.58700894489243,-196.58700894489243,351.6530420929464,351.6530420929464,351.6530420929464,-548.2400510378388,-548.2400510378388,-548.2400510378388,0.0,0.0,0.0,21353.254541176215
2023-12-10,21550.24652671545,15735.788138167387,26603.155490057856,21550.24652671545,21550.24652671545,-281.3464221644892,-281.3464221644892,-281.3464221644892,234.81271771556902,234.81271771556902,234.81271771556902,-516.1591398800582,-516.1591398800582,-516.1591398800582,0.0,0.0,0.0,21268.90010455096
2023-12-11,21550.653931396188,15542.460957656298,26588.703502090815,21550.653931396188,21550.653931396188,-218.6329949362788,-218.6329949362788,-218.6329949362788,256.1974819076042,256.1974819076042,256.1974819076042,-474.830476843883,-474.830476843883,-474.830476843883,0.0,0.0,0.0,21332.02093645991
2023-12-12,21551.061336076924,15157.307039567126,26407.041830853745,21551.061336076924,21551.061336076924,-776.7158381067786,-776.7158381067786,-776.7158381067786,-351.7386361406322,-351.7386361406322,-351.7386361406322,-424.97720196614654,-424.97720196614654,-424.97720196614654,0.0,0.0,0.0,20774.345497970146
2023-12-13,21551.46874075766,15576.698763278073,27107.867709548114,21551.46874075766,21551.46874075766,-126.79218993342201,-126.79218993342201,-126.79218993342201,240.69501629088106,240.69501629088106,240.69501629088106,-367.48720622430307,-367.48720622430307,-367.48720622430307,0.0,0.0,0.0,21424.67655082424
2023-12-14,21551.876145438397,15756.146617949196,27072.644983613656,21551.876145438397,21551.876145438397,-287.6807728744099,-287.6807728744099,-287.6807728744099,15.713991665890406,15.713991665890406,15.713991665890406,-303.39476454030034,-303.39476454030034,-303.39476454030034,0.0,0.0,0.0,21264.195372563987
2023-12-15,21552.283550119133,14861.134151530207,26441.408413970712,21552.283550119133,21552.283550119133,-981.192547944221,-981.192547944221,-981.192547944221,-747.3336135359534,-747.3336135359534,-747.3336135359534,-233.8589344082675,-233.8589344082675,-233.8589344082675,0.0,0.0,0.0,20571.09100217491
2023-12-16,21552.69095479987,16005.829859910416,26966.49242739667,21552.69095479987,21552.69095479987,191.5138026197034,191.5138026197034,191.5138026197034,351.6530420937445,351.6530420937445,351.6530420937445,-160.13923947404112,-160.13923947404112,-160.13923947404112,0.0,0.0,0.0,21744.20475741957
2023-12-17,21553.098359480606,16151.08190977738,26941.16250356219,21553.098359480606,21553.098359480606,151.24349403074152,151.24349403074152,151.24349403074152,234.81271771603318,234.81271771603318,234.81271771603318,-83.56922368529169,-83.56922368529169,-83.56922368529169,0.0,0.0,0.0,21704.34185351135
2023-12-18,21553.505764161342,16211.562781899309,27616.33944582052,21553.505764161342,21553.505764161342,250.66896936558595,250.66896936558595,250.66896936558595,256.1974819056664,256.1974819056664,256.1974819056664,-5.528512540080453,-5.528512540080453,-5.528512540080453,0.0,0.0,0.0,21804.17473352693
2023-12-19,21553.91316884208,15873.932393198764,26802.18265716361,21553.91316884208,21553.91316884208,-279.15268828140006,-279.15268828140006,-279.15268828140006,-351.73863613809596,-351.73863613809596,-351.73863613809596,72.58594785669585,72.58594785669585,72.58594785669585,0.0,0.0,0.0,21274.76048056068
2023-12-20,21554.320573522815,16754.37468395705,27561.2401163606,21554.320573522815,21554.320573522815,390.0838029182697,390.0838029182697,390.0838029182697,240.69501629272395,240.69501629272395,240.69501629272395,149.38878662554583,149.38878662554583,149.38878662554583,0.0,0.0,0.0,21944.404376441085
2023-12-21,21554.72797820355,15908.500425123912,27366.685995905198,21554.72797820355,21554.72797820355,239.2485445990131,239.2485445990131,239.2485445990131,15.713991665872786,15.713991665872786,15.713991665872786,223.53455293314028,223.53455293314028,223.53455293314028,0.0,0.0,0.0,21793.976522802564
2023-12-22,21555.135382884288,15474.289187850094,26785.61420475348,21555.135382884288,21555.135382884288,-453.5887703406823,-453.5887703406823,-453.5887703406823,-747.333613534717,-747.333613534717,-747.333613534717,293.7448431940347,293.7448431940347,293.7448431940347,0.0,0.0,0.0,21101.546612543607
2023-12-23,21555.542787565024,16167.9252531019,27598.215064204815,21555.542787565024,21555.542787565024,710.4866227112814,710.4866227112814,710.4866227112814,351.653042093837,351.653042093837,351.653042093837,358.83358061744434,358.83358061744434,358.83358061744434,0.0,0.0,0.0,22266.029410276304
2023-12-24,21555.95019224576,16795.377615931928,28346.447892535794,21555.95019224576,21555.95019224576,652.5425875700299,652.5425875700299,652.5425875700299,234.81271771600618,234.81271771600618,234.81271771600618,417.7298698540239,417.7298698540239,417.7298698540239,0.0,0.0,0.0,22208.49277981579
2023-12-25,21556.357596926497,17026.45429256993,27792.837776446668,21556.357596926497,21556.357596926497,725.6953988833924,725.6953988833924,725.6953988833924,256.19748190612415,256.19748190612415,256.19748190612415,469.49791697726835,469.49791697726835,469.49791697726835,0.0,0.0,0.0,22282.05299580989
2023-12-26,21556.765001607233,16287.248714897612,27149.45979744206,21556.765001607233,21556.765001607233,161.61494914923205,161.61494914923205,161.61494914923205,-351.73863613933014,-351.73863613933014,-351.73863613933014,513.3535852885623,513.3535852885623,513.3535852885623,0.0,0.0,0.0,21718.379950756465
2023-12-27,21557.172406287973,16662.611809227332,27904.90435376343,21557.172406287973,21557.172406287973,789.3722644855247,789.3722644855247,789.3722644855247,240.69501629236748,240.69501629236748,240.69501629236748,548.6772481931573,548.6772481931573,548.6772481931573,0.0,0.0,0.0,22346.5446707735
2023-12-28,21557.57981096871,16673.77811568431,28082.585756787495,21557.57981096871,21557.57981096871,590.7366907697526,590.7366907697526,590.7366907697526,15.713991668557089,15.713991668557089,15.713991668557089,575.0226991011955,575.0226991011955,575.0226991011955,0.0,0.0,0.0,22148.316501738464
2023-12-29,21557.987215649446,15588.68942778588,27111.000711409164,21557.987215649446,21557.987215649446,-155.21163131011215,-155.21163131011215,-155.21163131011215,-747.3336135365699,-747.3336135365699,-747.3336135365699,592.1219822264577,592.1219822264577,592.1219822264577,0.0,0.0,0.0,21402.775584339335
2023-12-30,21558.394620330182,16907.19468190337,28175.735318386494,21558.394620330182,21558.394620330182,951.5391564691121,951.5391564691121,951.5391564691121,351.65304209534094,351.65304209534094,351.65304209534094,599.8861143737712,599.8861143737712,599.8861143737712,0.0,0.0,0.0,22509.933776799295
2023-12-31,21558.80202501092,16887.066319846366,28008.161057844893,21558.80202501092,21558.80202501092,833.2144911261254,833.2144911261254,833.2144911261254,234.81271771570604,234.81271771570604,234.81271771570604,598.4017734104193,598.4017734104193,598.4017734104193,0.0,0.0,0.0,22392.016516137042
2024-01-01,21559.209429691655,16761.163748227373,28095.266040501534,21559.209429691655,21559.209429691655,844.1216131059206,844.1216131059206,844.1216131059206,256.1974819053842,256.1974819053842,256.1974819053842,587.9241312005364,587.9241312005364,587.9241312005364,0.0,0.0,0.0,22403.331042797574
2024-01-02,21559.61683437239,16169.725781300358,27305.39502126403,21559.61683437239,21559.61683437239,217.1274684333532,217.1274684333532,217.1274684333532,-351.7386361399012,-351.7386361399012,-351.7386361399012,568.8661045732543,568.8661045732543,568.8661045732543,0.0,0.0,0.0,21776.744302805746
2024-01-03,21560.024239053128,16475.760853183892,27619.120064521845,21560.024239053128,21560.024239053128,782.4794010966317,782.4794010966317,782.4794010966317,240.69501629421038,240.69501629421038,240.69501629421038,541.7843848024213,541.7843848024213,541.7843848024213,0.0,0.0,0.0,22342.50364014976
2024-01-04,21560.431643733864,16444.86646986431,27849.90309082979,21560.431643733864,21560.431643733864,523.0766734783442,523.0766734783442,523.0766734783442,15.713991668539485,15.713991668539485,15.713991668539485,507.3626818098047,507.3626818098047,507.3626818098047,0.0,0.0,0.0,22083.508317212207
2024-01-05,21560.8390484146,15844.561383315799,26820.550711547956,21560.8390484146,21560.8390484146,-280.9409316747825,-280.9409316747825,-280.9409316747825,-747.333613538662,-747.333613538662,-747.333613538662,466.39268186387943,466.39268186387943,466.39268186387943,0.0,0.0,0.0,21279.898116739816
2024-01-06,21561.246453095337,16894.90354632104,27538.723303822033,21561.246453095337,21561.246453095337,771.4063074666062,771.4063074666062,771.4063074666062,351.65304209543336,351.65304209543336,351.65304209543336,419.7532653711728,419.7532653711728,419.7532653711728,0.0,0.0,0.0,22332.65276056194
2024-01-07,21561.653857776073,16776.657440752188,27816.361488512124,21561.653857776073,21561.653857776073,603.201280998117,603.201280998117,603.201280998117,234.81271771567907,234.81271771567907,234.81271771567907,368.38856328243793,368.38856328243793,368.38856328243793,0.0,0.0,0.0,22164.85513877419
2024-01-08,21562.06126245681,16761.992214378573,27782.706046229443,21562.06126245681,21562.06126245681,569.48292788478,569.48292788478,569.48292788478,256.197481907218,256.197481907218,256.197481907218,313.28544597756206,313.28544597756206,313.28544597756206,0.0,0.0,0.0,22131.54419034159
2024-01-09,21562.468667137546,16213.073067497722,26906.627024725392,21562.468667137546,21562.468667137546,-96.28759908529712,-96.28759908529712,-96.28759908529712,-351.7386361392501,-351.7386361392501,-351.7386361392501,255.45103705395297,255.45103705395297,255.45103705395297,0.0,0.0,0.0,21466.18106805225
2024-01-10,21562.876071818282,16806.24007430526,27967.496997453163,21562.876071818282,21562.876071818282,436.58584278114506,436.58584278114506,436.58584278114506,240.69501629165467,240.69501629165467,240.69501629165467,195.89082648949037,195.89082648949037,195.89082648949037,0.0,0.0,0.0,21999.461914599426
2024-01-11,21563.28347649902,16027.92371576268,27711.90556548371,21563.28347649902,21563.28347649902,151.30191562277614,151.30191562277614,151.30191562277614,15.713991666444093,15.713991666444093,15.713991666444093,135.58792395633205,135.58792395633205,135.58792395633205,0.0,0.0,0.0,21714.585392121793
2024-01-12,21563.69088117976,15665.295785676637,26791.05112878244,21563.69088117976,21563.69088117976,-671.8496687376752,-671.8496687376752,-671.8496687376752,-747.3336135374255,-747.3336135374255,-747.3336135374255,75.4839447997504,75.4839447997504,75.4839447997504,0.0,0.0,0.0,20891.841212442083
2024-01-13,21564.098285860495,16398.02122168985,27578.82841876013,21564.098285860495,21564.098285860495,368.11500211191253,368.11500211191253,368.11500211191253,351.6530420927204,351.6530420927204,351.6530420927204,16.461960019192137,16.461960019192137,16.461960019192137,0.0,0.0,0.0,21932.21328797241
2024-01-14,21564.50569054123,16063.044053439193,27163.72511260257,21564.50569054123,21564.50569054123,194.14458714901687,194.14458714901687,194.14458714901687,234.81271771537897,234.81271771537897,234.81271771537897,-40.6681305663621,-40.6681305663621,-40.6681305663621,0.0,0.0,0.0,21758.65027769025
2024-01-15,21564.913095221968,15930.606747747182,27329.415602614932,21564.913095221968,21564.913095221968,161.01595828456698,161.01595828456698,161.01595828456698,256.197481906478,256.197481906478,256.197481906478,-95.18152362191104,-95.18152362191104,-95.18152362191104,0.0,0.0,0.0,21725.929053506534
2024-01-16,21565.320499902704,15349.10876320647,26627.043264152628,21565.320499902704,21565.320499902704,-498.1861808708096,-498.1861808708096,-498.1861808708096,-351.7386361385991,-351.7386361385991,-351.7386361385991,-146.44754473221053,-146.44754473221053,-146.44754473221053,0.0,0.0,0.0,21067.134319031895
2024-01-17,21565.72790458344,15794.32684024498,27400.837318971306,21565.72790458344,21565.72790458344,46.759329138153156,46.759329138153156,46.759329138153156,240.69501629349756,240.69501629349756,240.69501629349756,-193.9356871553444,-193.9356871553444,-193.9356871553444,0.0,0.0,0.0,21612.487233721593
2024-01-18,21566.135309264177,15823.022466740395,26863.46399052242,21566.135309264177,21566.135309264177,-221.5046557162271,-221.5046557162271,-221.5046557162271,15.71399166642649,15.71399166642649,15.71399166642649,-237.21864738265353,-237.21864738265353,-237.21864738265353,0.0,0.0,0.0,21344.63065354795
2024-01-19,21566.542713944913,14795.357173435641,26028.66736156263,21566.542713944913,21566.542713944913,-1023.3060508539209,-1023.3060508539209,-1023.3060508539209,-747.333613536189,-747.333613536189,-747.333613536189,-275.9724373177319,-275.9724373177319,-275.9724373177319,0.0,0.0,0.0,20543.236663090993
2024-01-20,21566.95011862565,16215.931288056698,27062.355607917667,21566.95011862565,21566.95011862565,41.67930449150424,41.67930449150424,41.67930449150424,351.65304209351854,351.65304209351854,351.65304209351854,-309.9737376020143,-309.9737376020143,-309.9737376020143,0.0,0.0,0.0,21608.629423117152
2024-01-21,21567.357523306386,15680.151847398385,27100.901389029143,21567.357523306386,21567.357523306386,-104.28201651060566,-104.28201651060566,-104.28201651060566,234.812717715625,234.812717715625,234.812717715625,-339.0947342262307,-339.0947342262307,-339.0947342262307,0.0,0.0,0.0,21463.07550679578
2024-01-22,21567.764927987122,15731.791266497466,27264.976126377074,21567.764927987122,21567.764927987122,-107.09826692572061,-107.09826692572061,-107.09826692572061,256.197481905738,256.197481905738,256.197481905738,-363.2957488314586,-363.2957488314586,-363.2957488314586,0.0,0.0,0.0,21460.6666610614
2024-01-23,21568.17233266786,15220.950352337059,26572.317442726122,21568.17233266786,21568.17233266786,-734.3546662054591,-734.3546662054591,-734.3546662054591,-351.7386361398332,-351.7386361398332,-351.7386361398332,-382.616030065626,-382.616030065626,-382.616030065626,0.0,0.0,0.0,20833.8176664624
2024-01-24,21568.579737348595,16051.724007975094,27358.555749516563,21568.579737348595,21568.579737348595,-156.46810116514317,-156.46810116514317,-156.46810116514317,240.69501629234668,240.69501629234668,240.69501629234668,-397.1631174574899,-397.1631174574899,-397.1631174574899,0.0,0.0,0.0,21412.11163618345
2024-01-25,21568.98714202933,15506.419804662308,26664.886022821636,21568.98714202933,21568.98714202933,-391.38722764297177,-391.38722764297177,-391.38722764297177,15.71399166433113,15.71399166433113,15.71399166433113,-407.10121930730287,-407.10121930730287,-407.10121930730287,0.0,0.0,0.0,21177.59991438636
2024-01-26,21569.394546710068,14652.552346342265,26000.65301201862,21569.394546710068,21569.394546710068,-1159.972674881764,-1159.972674881764,-1159.972674881764,-747.3336135364972,-747.3336135364972,-747.3336135364972,-412.6390613452668,-412.6390613452668,-412.6390613452668,0.0,0.0,0.0,20409.421871828305
2024-01-27,21569.801951390804,15840.552377355512,27035.74576526918,21569.801951390804,21569.801951390804,-62.36462100248885,-62.36462100248885,-62.36462100248885,351.6530420943167,351.6530420943167,351.6530420943167,-414.0176630968056,-414.0176630968056,-414.0176630968056,0.0,0.0,0.0,21507.437330388315
2024-01-28,21570.20935607154,15669.07830914651,27007.29228725748,21570.20935607154,21570.20935607154,-176.6857664910534,-176.6857664910534,-176.6857664910534,234.81271771532488,234.81271771532488,234.81271771532488,-411.4984842063783,-411.4984842063783,-411.4984842063783,0.0,0.0,0.0,21393.523589580487
2024-01-29,21570.61676075228,16041.155942595837,27104.12031496706,21570.61676075228,21570.61676075228,-149.15487215884704,-149.15487215884704,-149.15487215884704,256.19748190757184,256.19748190757184,256.19748190757184,-405.35235406641885,-405.35235406641885,-405.35235406641885,0.0,0.0,0.0,21421.461888593432
2024-01-30,21571.024165433017,15166.354246872399,26237.181841914353,21571.024165433017,21571.024165433017,-747.588192195441,-747.588192195441,-747.588192195441,-351.7386361410674,-351.7386361410674,-351.7386361410674,-395.84955605437364,-395.84955605437364,-395.84955605437364,0.0,0.0,0.0,20823.435973237574
2024-01-31,21571.431570113753,16096.365825525332,27266.670942979756,21571.431570113753,21571.431570113753,-142.5563677006043,-142.5563677006043,-142.5563677006043,240.69501629199036,240.69501629199036,240.69501629199036,-383.25138399259464,-383.25138399259464,-383.25138399259464,0.0,0.0,0.0,21428.87520241315
2024-02-01,21571.83897479449,15850.23118867043,27128.36555240485,21571.83897479449,21571.83897479449,-352.0894332873088,-352.0894332873088,-352.0894332873088,15.713991671170927,15.713991671170927,15.713991671170927,-367.80342495847975,-367.80342495847975,-367.80342495847975,0.0,0.0,0.0,21219.74954150718
2024-02-02,21572.246379475226,14687.415831979466,26369.597137252837,21572.246379475226,21572.246379475226,-1097.0643649648953,-1097.0643649648953,-1097.0643649648953,-747.3336135368054,-747.3336135368054,-747.3336135368054,-349.73075142808966,-349.73075142808966,-349.73075142808966,0.0,0.0,0.0,20475.18201451033
2024-02-03,21572.653784155962,15907.432519001859,27528.39974696787,21572.653784155962,21572.653784155962,22.417912782115543,22.417912782115543,22.417912782115543,351.6530420944093,351.6530420944093,351.6530420944093,-329.2351293122937,-329.2351293122937,-329.2351293122937,0.0,0.0,0.0,21595.071696938077
2024-02-04,21573.0611888367,15646.082280426275,27198.997703947258,21573.0611888367,21573.0611888367,-71.68155155295356,-71.68155155295356,-71.68155155295356,234.81271771578903,234.81271771578903,234.81271771578903,-306.4942692687426,-306.4942692687426,-306.4942692687426,0.0,0.0,0.0,21501.379637283746
2024-02-05,21573.468593517435,15726.893065968605,27338.008709194517,21573.468593517435,21573.468593517435,-25.46558745689057,-25.46558745689057,-25.46558745689057,256.1974819080296,256.1974819080296,256.1974819080296,-281.6630693649202,-281.6630693649202,-281.6630693649202,0.0,0.0,0.0,21548.003006060546
2024-02-06,21573.87599819817,15460.472166803,26760.351027347206,21573.87599819817,21573.87599819817,-606.6153564718235,-606.6153564718235,-606.6153564718235,-351.7386361404163,-351.7386361404163,-351.7386361404163,-254.8767203314072,-254.8767203314072,-254.8767203314072,0.0,0.0,0.0,20967.26064172635
2024-02-07,21574.283402878908,16050.828140513853,27232.285745291243,21574.283402878908,21574.283402878908,14.439543481006016,14.439543481006016,14.439543481006016,240.69501629163395,240.69501629163395,240.69501629163395,-226.2554728106279,-226.2554728106279,-226.2554728106279,0.0,0.0,0.0,21588.722946359914
2024-02-08,21574.690807559644,16234.855615394115,26788.051168984766,21574.690807559644,21574.690807559644,-180.19680987418508,-180.19680987418508,-180.19680987418508,15.713991669075568,15.713991669075568,15.713991669075568,-195.91080154326065,-195.91080154326065,-195.91080154326065,0.0,0.0,0.0,21394.49399768546
2024-02-09,21575.09821224038,14836.979890535547,26233.16392906255,21575.09821224038,21575.09821224038,-911.2862600158069,-911.2862600158069,-911.2862600158069,-747.3336135373528,-747.3336135373528,-747.3336135373528,-163.95264647845408,-163.95264647845408,-163.95264647845408,0.0,0.0,0.0,20663.811952224572
2024-02-10,21575.505616921117,16187.560879183999,27346.379738331874,21575.505616921117,21575.505616921117,221.15567492249892,221.15567492249892,221.15567492249892,351.65304209450176,351.65304209450176,351.65304209450176,-130.49736717200284,-130.49736717200284,-130.49736717200284,0.0,0.0,0.0,21796.661291843615
2024-02-11,21575.913021601853,15972.656914474102,27519.098134289048,21575.913021601853,21575.913021601853,139.1367016951597,139.1367016951597,139.1367016951597,234.8127177157621,234.8127177157621,234.8127177157621,-95.67601602060239,-95.67601602060239,-95.67601602060239,0.0,0.0,0.0,21715.049723297012
2024-02-12,21576.32042628259,16299.723775754052,27792.351437510843,21576.32042628259,21576.32042628259,196.55496294383062,196.55496294383062,196.55496294383062,256.19748190609187,256.19748190609187,256.19748190609187,-59.64251896226126,-59.64251896226126,-59.64251896226126,0.0,0.0,0.0,21772.87538922642
2024-02-13,21576.727830963326,15187.809457424004,26946.698208619753,21576.727830963326,21576.727830963326,-374.3199859797668,-374.3199859797668,-374.3199859797668,-351.7386361397652,-351.7386361397652,-351.7386361397652,-22.581349840001543,-22.581349840001543,-22.581349840001543,0.0,0.0,0.0,21202.407844983558
2024-02-14,21577.135235822483,16367.364652258213,27469.87161888986,21577.135235822483,21577.135235822483,255.98071939566626,255.98071939566626,255.98071939566626,240.69501629347675,240.69501629347675,240.69501629347675,15.285703102189508,15.285703102189508,15.285703102189508,0.0,0.0,0.0,21833.11595521815
2024-02-15,21577.54264068164,16516.392313207005,27739.171015390086,21577.54264068164,21577.54264068164,69.40804515767749,69.40804515767749,69.40804515767749,15.71399166905793,15.71399166905793,15.71399166905793,53.694053488619566,53.694053488619566,53.694053488619566,0.0,0.0,0.0,21646.950685839318
2024-02-16,21577.950045540798,15323.927492531606,26019.202826494726,21577.950045540798,21577.950045540798,-655.0011630604422,-655.0011630604422,-655.0011630604422,-747.3336135361163,-747.3336135361163,-747.3336135361163,92.33245047567405,92.33245047567405,92.33245047567405,0.0,0.0,0.0,20922.948882480356
2024-02-17,21578.35745039995,16782.580587270557,27747.75576403211,21578.35745039995,21578.35745039995,482.49405385040797,482.49405385040797,482.49405385040797,351.65304209529995,351.65304209529995,351.65304209529995,130.84101175510813,130.84101175510813,130.84101175510813,0.0,0.0,0.0,22060.85150425036
2024-02-18,21578.76485525911,16425.342126077598,27239.92353869576,21578.76485525911,21578.76485525911,403.62409204993975,403.62409204993975,403.62409204993975,234.81271771573495,234.81271771573495,234.81271771573495,168.81137433420477,168.81137433420477,168.81137433420477,0.0,0.0,0.0,21982.38894730905
2024-02-19,21579.172260118266,16475.44951456067,27999.15372434597,21579.172260118266,21579.172260118266,461.98659107598155,461.98659107598155,461.98659107598155,256.1974819065496,256.1974819065496,256.1974819065496,205.78910916943198,205.78910916943198,205.78910916943198,0.0,0.0,0.0,22041.158851194246
2024-02-20,21579.57966497742,15808.228847843608,27099.77163865741,21579.57966497742,21579.57966497742,-110.46016938117704,-110.46016938117704,-110.46016938117704,-351.7386361403363,-351.7386361403363,-351.7386361403363,241.27846675915927,241.27846675915927,241.27846675915927,0.0,0.0,0.0,21469.119495596242
2024-02-21,21579.987069836574,16661.126120826902,27665.638145711364,21579.987069836574,21579.987069836574,515.4444540355519,515.4444540355519,515.4444540355519,240.6950162953197,240.6950162953197,240.6950162953197,274.74943774023217,274.74943774023217,274.74943774023217,0.0,0.0,0.0,22095.431523872125
2024-02-22,21580.39447469573,16515.15040306269,27655.68981284979,21580.39447469573,21580.39447469573,321.36101966496574,321.36101966496574,321.36101966496574,15.713991666962572,15.713991666962572,15.713991666962572,305.6470279980032,305.6470279980032,305.6470279980032,0.0,0.0,0.0,21901.755494360696
2024-02-23,21580.801879554885,15472.757506116557,26838.858122243204,21580.801879554885,21580.801879554885,-413.931049001477,-413.931049001477,-413.931049001477,-747.3336135379693,-747.3336135379693,-747.3336135379693,333.40256453649226,333.40256453649226,333.40256453649226,0.0,0.0,0.0,21166.87083055341
2024-02-24,21581.209284414042,16723.990316155454,27403.02972129222,21581.209284414042,21581.209284414042,709.0998111647161,709.0998111647161,709.0998111647161,351.65304209609803,351.65304209609803,351.65304209609803,357.446769068618,357.446769068618,357.446769068618,0.0,0.0,0.0,22290.30909557876
2024-02-25,21581.6166892732,16930.490509516916,28331.855814519564,21581.6166892732,21581.6166892732,612.0369813231608,612.0369813231608,612.0369813231608,234.81271771619913,234.81271771619913,234.81271771619913,377.2242636069617,377.2242636069617,377.2242636069617,0.0,0.0,0.0,22193.65367059636
2024-02-26,21582.024094132354,16325.879678345205,27651.860775995257,21582.024094132354,21582.024094132354,648.4065906120067,648.4065906120067,648.4065906120067,256.19748190580964,256.19748190580964,256.19748190580964,392.20910870619696,392.20910870619696,392.20910870619696,0.0,0.0,0.0,22230.43068474436
2024-02-27,21582.43149899151,16131.749067087554,26845.947461828502,21582.43149899151,21582.43149899151,50.18228649776877,50.18228649776877,50.18228649776877,-351.7386361415705,-351.7386361415705,-351.7386361415705,401.92092263933927,401.92092263933927,401.92092263933927,0.0,0.0,0.0,21632.61378548928
2024-02-28,21582.83890385067,16838.36378010382,27791.74196203774,21582.83890385067,21582.83890385067,646.6361068533736,646.6361068533736,646.6361068533736,240.69501629196964,240.69501629196964,240.69501629196964,405.94109056140394,405.94109056140394,405.94109056140394,0.0,0.0,0.0,22229.47501070404
2024-02-29,21583.246308709822,16657.64745936115,27475.4175008545,21583.246308709822,21583.246308709822,419.64253978838406,419.64253978838406,419.64253978838406,15.713991666944953,15.713991666944953,15.713991666944953,403.9285481214391,403.9285481214391,403.9285481214391,0.0,0.0,0.0,22002.888848498205
2024-03-01,21583.653713568976,15664.009556414332,26945.295838511465,21583.653713568976,21583.653713568976,-351.6989984286953,-351.6989984286953,-351.6989984286953,-747.3336135367326,-747.3336135367326,-747.3336135367326,395.63461510803745,395.63461510803745,395.63461510803745,0.0,0.0,0.0,21231.95471514028
2024-03-02,21584.061118428133,16988.486154040747,28156.517490743092,21584.061118428133,21584.061118428133,732.5694042491223,732.5694042491223,732.5694042491223,351.65304209338507,351.65304209338507,351.65304209338507,380.91636215573726,380.91636215573726,380.91636215573726,0.0,0.0,0.0,22316.630522677257
2024-03-03,21584.46852328729,17074.552248643693,27858.81368816234,21584.46852328729,21584.46852328729,594.5607351271425,594.5607351271425,594.5607351271425,234.8127177161722,234.8127177161722,234.8127177161722,359.7480174109703,359.7480174109703,359.7480174109703,0.0,0.0,0.0,22179.029258414434
2024-03-04,21584.875928146444,16582.951669850383,27962.80119346082,21584.875928146444,21584.875928146444,588.4274418734955,588.4274418734955,588.4274418734955,256.1974819062674,256.1974819062674,256.1974819062674,332.2299599672281,332.2299599672281,332.2299599672281,0.0,0.0,0.0,22173.30337001994
2024-03-05,21585.283333005602,16112.441821376964,27071.16462364645,21585.283333005602,21585.283333005602,-53.14373417273481,-53.14373417273481,-53.14373417273481,-351.73863613903427,-351.73863613903427,-351.73863613903427,298.5949019662994,298.5949019662994,298.5949019662994,0.0,0.0,0.0,21532.139598832866
2024-03-06,21585.69073786476,17119.590558432807,27739.182516176075,21585.69073786476,21585.69073786476,499.90594643332486,499.90594643332486,499.90594643332486,240.69501628941393,240.69501628941393,240.69501628941393,259.21093014391084,259.21093014391084,259.21093014391084,0.0,0.0,0.0,22085.596684298085
2024-03-07,21586.09814272391,16495.56611103818,27214.790132399776,21586.09814272391,21586.09814272391,230.2951501744015,230.2951501744015,230.2951501744015,15.713991669629271,15.713991669629271,15.713991669629271,214.5811585047722,214.5811585047722,214.5811585047722,0.0,0.0,0.0,21816.393292898312
2024-03-08,21586.505547583067,15865.10631560715,26888.777915003084,21586.505547583067,21586.505547583067,-581.9937789831271,-581.9937789831271,-581.9937789831271,-747.333613537041,-747.333613537041,-747.333613537041,165.33983455391387,165.33983455391387,165.33983455391387,0.0,0.0,0.0,21004.51176859994
2024-03-09,21586.912952442224,16490.82827838629,27777.014085079005,21586.912952442224,21586.912952442224,463.89788165746256,463.89788165746256,463.89788165746256,351.6530420934776,351.6530420934776,351.6530420934776,112.24483956398491,112.24483956398491,112.24483956398491,0.0,0.0,0.0,22050.810834099688
2024-03-10,21587.32035730138,16308.689165157819,27568.707090441934,21587.32035730138,21587.32035730138,290.9793436887832,290.9793436887832,290.9793436887832,234.81271771587197,234.81271771587197,234.81271771587197,56.16662597291122,56.16662597291122,56.16662597291122,0.0,0.0,0.0,21878.299700990166
2024-03-11,21587.727762160535,16190.14591977589,27761.93372288032,21587.727762160535,21587.727762160535,254.27122111333674,254.27122111333674,254.27122111333674,256.1974819055274,256.1974819055274,256.1974819055274,-1.9262607921906516,-1.9262607921906516,-1.9262607921906516,0.0,0.0,0.0,21841.998983273872
2024-03-12,21588.135167019693,15381.765067056918,27000.42070092032,21588.135167019693,21588.135167019693,-412.72346214899187,-412.72346214899187,-412.72346214899187,-351.73863614026834,-351.73863614026834,-351.73863614026834,-60.984826008723545,-60.984826008723545,-60.984826008723545,0.0,0.0,0.0,21175.4117048707
2024-03-13,21588.54257187885,16479.556099373374,27713.159941524118,21588.54257187885,21588.54257187885,120.79492973055763,120.79492973055763,120.79492973055763,240.69501629125682,240.69501629125682,240.69501629125682,-119.90008656069918,-119.90008656069918,-119.90008656069918,0.0,0.0,0.0,21709.337501609407
2024-03-14,21588.949976738,15930.46411415174,26947.98817762348,21588.949976738,21588.949976738,-161.8119182820324,-161.8119182820324,-161.8119182820324,15.713991669611634,15.713991669611634,15.713991669611634,-177.525909951644,-177.525909951644,-177.525909951644,0.0,0.0,0.0,21427.138058455967
2024-03-15,21589.357381597158,15580.172995970355,26538.32978761703,21589.357381597158,21589.357381597158,-980.0373253445981,-980.0373253445981,-980.0373253445981,-747.3336135358045,-747.3336135358045,-747.3336135358045,-232.7037118087937,-232.7037118087937,-232.7037118087937,0.0,0.0,0.0,20609.32005625256
2024-03-16,21589.764786456315,15940.367555405368,26837.759035004256,21589.764786456315,21589.764786456315,67.36461754533757,67.36461754533757,67.36461754533757,351.65304209498146,351.65304209498146,351.65304209498146,-284.2884245496439,-284.2884245496439,-284.2884245496439,0.0,0.0,0.0,21657.12940400165
2024-03-17,21590.17219131547,16196.627268904882,27248.37319928303,21590.17219131547,21590.17219131547,-96.36237946042895,-96.36237946042895,-96.36237946042895,234.81271771611816,234.81271771611816,234.81271771611816,-331.1750971765471,-331.1750971765471,-331.1750971765471,0.0,0.0,0.0,21493.80981185504
2024-03-18,21590.579596174626,16233.360772304199,27051.710790195437,21590.579596174626,21590.579596174626,-116.12796837629338,-116.12796837629338,-116.12796837629338,256.1974819073613,256.1974819073613,256.1974819073613,-372.3254502836547,-372.3254502836547,-372.3254502836547,0.0,0.0,0.0,21474.45162779833
2024-03-19,21590.987001033784,15667.218580130668,26600.716688912817,21590.987001033784,21590.987001033784,-758.5323287870087,-758.5323287870087,-758.5323287870087,-351.7386361396173,-351.7386361396173,-351.7386361396173,-406.7936926473915,-406.7936926473915,-406.7936926473915,0.0,0.0,0.0,20832.454672246775
2024-03-20,21591.39440589294,15731.752119509063,26938.480445036614,21591.39440589294,21591.39440589294,-193.05589076066985,-193.05589076066985,-193.05589076066985,240.6950162930997,240.6950162930997,240.6950162930997,-433.75090705376954,-433.75090705376954,-433.75090705376954,0.0,0.0,0.0,21398.338515132273
2024-03-21,21591.80181075209,15280.884181660422,26861.887992438675,21591.80181075209,21591.80181075209,-436.7933419638938,-436.7933419638938,-436.7933419638938,15.713991667516275,15.713991667516275,15.713991667516275,-452.50733363141006,-452.50733363141006,-452.50733363141006,0.0,0.0,0.0,21155.008468788197
2024-03-22,21592.20921561125,14904.923329722222,25933.78742163973,21592.20921561125,21592.20921561125,-1209.86553217023,-1209.86553217023,-1209.86553217023,-747.3336135361126,-747.3336135361126,-747.3336135361126,-462.53191863411746,-462.53191863411746,-462.53191863411746,0.0,0.0,0.0,20382.343683441017
2024-03-23,21592.616620470406,16262.564725261289,27157.19021431031,21592.616620470406,21592.616620470406,-111.8155125058199,-111.8155125058199,-111.8155125058199,351.6530420915628,351.6530420915628,351.6530420915628,-463.4685545973827,-463.4685545973827,-463.4685545973827,0.0,0.0,0.0,21480.801107964588
2024-03-24,21593.02402532956,15614.348180108831,26480.12369735585,21593.02402532956,21593.02402532956,-220.33579500923574,-220.33579500923574,-220.33579500923574,234.81271771581802,234.81271771581802,234.81271771581802,-455.14851272505376,-455.14851272505376,-455.14851272505376,0.0,0.0,0.0,21372.688230320324
2024-03-25,21593.431430188717,16104.7042572682,27081.444426556085,21593.431430188717,21593.431430188717,-181.40117655426286,-181.40117655426286,-181.40117655426286,256.19748190662125,256.19748190662125,256.19748190662125,-437.5986584608841,-437.5986584608841,-437.5986584608841,0.0,0.0,0.0,21412.030253634453
2024-03-26,21593.838835047874,15187.389440264385,26446.856087688226,21593.838835047874,21593.838835047874,-762.7837803009177,-762.7837803009177,-762.7837803009177,-351.73863614085144,-351.73863614085144,-351.73863614085144,-411.0451441600662,-411.0451441600662,-411.0451441600662,0.0,0.0,0.0,20831.055054746957
2024-03-27,21594.24623990703,15774.783661672553,27238.14493919954,21594.24623990703,21594.24623990703,-135.21736966351838,-135.21736966351838,-135.21736966351838,240.6950162927433,240.6950162927433,240.6950162927433,-375.9123859562617,-375.9123859562617,-375.9123859562617,0.0,0.0,0.0,21459.02887024351
2024-03-28,21594.653644766186,15124.53115737696,26492.396076385492,21594.653644766186,21594.653644766186,-317.10326064815746,-317.10326064815746,-317.10326064815746,15.71399166957641,15.71399166957641,15.71399166957641,-332.8172523177339,-332.8172523177339,-332.8172523177339,0.0,0.0,0.0,21277.55038411803
2024-03-29,21595.06104962534,14959.957775844512,25873.118910399866,21595.06104962534,21595.06104962534,-1029.8921297184695,-1029.8921297184695,-1029.8921297184695,-747.33361353666,-747.33361353666,-747.33361353666,-282.5585161818094,-282.5585161818094,-282.5585161818094,0.0,0.0,0.0,20565.16891990687
2024-03-30,21595.468454484497,15736.119387733974,26846.174680119795,21595.468454484497,21595.468454484497,125.55129452297828,125.55129452297828,125.55129452297828,351.65304209306663,351.65304209306663,351.65304209306663,-226.10174757008835,-226.10174757008835,-226.10174757008835,0.0,0.0,0.0,21721.019749007475
2024-03-31,21595.87585934365,15840.821298143424,27497.441715360663,21595.87585934365,21595.87585934365,70.25277193588822,70.25277193588822,70.25277193588822,234.8127177155179,234.8127177155179,234.8127177155179,-164.55994577962963,-164.55994577962963,-164.55994577962963,0.0,0.0,0.0,21666.12863127954
2024-04-01,21596.283264202808,16355.5084642727,27787.607569717296,21596.283264202808,21596.283264202808,157.0271556729415,157.0271556729415,157.0271556729415,256.197481907079,256.197481907079,256.197481907079,-99.17032623413749,-99.17032623413749,-99.17032623413749,0.0,0.0,0.0,21753.31041987575
2024-04-02,21596.690669061965,15597.101269069837,26877.43366808442,21596.690669061965,21596.690669061965,-383.0064197208805,-383.0064197208805,-383.0064197208805,-351.73863613953733,-351.73863613953733,-351.73863613953733,-31.26778358134319,-31.26778358134319,-31.26778358134319,0.0,0.0,0.0,21213.684249341084
2024-04-03,21597.09807392112,16097.004836312737,27139.238707547727,21597.09807392112,21597.09807392112,278.43936965076745,278.43936965076745,278.43936965076745,240.6950162937918,240.6950162937918,240.6950162937918,37.744353356975594,37.744353356975594,37.744353356975594,0.0,0.0,0.0,21875.537443571888
2024-04-04,21597.505478780276,16176.546274554248,27312.327724796032,21597.505478780276,21597.505478780276,122.13957205431618,122.13957205431618,122.13957205431618,15.713991667481034,15.713991667481034,15.713991667481034,106.42558038683514,106.42558038683514,106.42558038683514,0.0,0.0,0.0,21719.64505083459
2024-04-05,21597.912883639434,15507.339339417615,26478.77785763658,21597.912883639434,21597.912883639434,-574.0028786977099,-574.0028786977099,-574.0028786977099,-747.3336135369683,-747.3336135369683,-747.3336135369683,173.33073483925844,173.33073483925844,173.33073483925844,0.0,0.0,0.0,21023.910004941725
2024-04-06,21598.320288498584,16743.65839278188,28134.481521219455,21598.320288498584,21598.320288498584,588.6960151293356,588.6960151293356,588.6960151293356,351.6530420931591,351.6530420931591,351.6530420931591,237.04297303617645,237.04297303617645,237.04297303617645,0.0,0.0,0.0,22187.01630362792
2024-04-07,21598.72769335774,16643.283529597746,28067.810526106718,21598.72769335774,21598.72769335774,531.0191073736052,531.0191073736052,531.0191073736052,234.81271771549086,234.81271771549086,234.81271771549086,296.2063896581143,296.2063896581143,296.2063896581143,0.0,0.0,0.0,22129.746800731347
2024-04-08,21599.1350982169,16448.559279857483,27605.37401808062,21599.1350982169,21599.1350982169,605.7549426188498,605.7549426188498,605.7549426188498,256.1974819051412,256.1974819051412,256.1974819051412,349.5574607137085,349.5574607137085,349.5574607137085,0.0,0.0,0.0,22204.890040835748
2024-04-09,21599.542503076053,16305.791023589112,27309.867296687135,21599.542503076053,21599.542503076053,44.21587773494525,44.21587773494525,44.21587773494525,-351.73863613888625,-351.73863613888625,-351.73863613888625,395.9545138738315,395.9545138738315,395.9545138738315,0.0,0.0,0.0,21643.758380811
2024-04-10,21599.94990793521,16667.54784184363,27724.817139426472,21599.94990793521,21599.94990793521,675.0994895892662,675.0994895892662,675.0994895892662,240.6950162912361,240.6950162912361,240.6950162912361,434.40447329803004,434.40447329803004,434.40447329803004,0.0,0.0,0.0,22275.049397524475
2024-04-11,21600.357312794367,16704.58593764592,27492.98171513804,21600.357312794367,21600.357312794367,479.8001814018267,479.8001814018267,479.8001814018267,15.71399166538566,15.71399166538566,15.71399166538566,464.08618973644104,464.08618973644104,464.08618973644104,0.0,0.0,0.0,22080.157494196195
2024-04-12,21600.764717653525,15928.835501243682,26880.214839965447,21600.764717653525,21600.764717653525,-262.9638644221973,-262.9638644221973,-262.9638644221973,-747.3336135372765,-747.3336135372765,-747.3336135372765,484.3697491150791,484.3697491150791,484.3697491150791,0.0,0.0,0.0,21337.80085323133
2024-04-13,21601.172122512675,17302.526782768655,28408.525174063994,21601.172122512675,21601.172122512675,846.4842939794341,846.4842939794341,846.4842939794341,351.6530420939573,351.6530420939573,351.6530420939573,494.8312518854769,494.8312518854769,494.8312518854769,0.0,0.0,0.0,22447.656416492107
2024-04-14,21601.579527371832,16792.81992681046,27770.907365729665,21601.579527371832,21601.579527371832,730.0753863416355,730.0753863416355,730.0753863416355,234.81271771568186,234.81271771568186,234.81271771568186,495.2626686259537,495.2626686259537,495.2626686259537,0.0,0.0,0.0,22331.654913713468
2024-04-15,21601.98693223099,16769.73633862696,27768.741249834417,21601.98693223099,21601.98693223099,741.8739836556915,741.8739836556915,741.8739836556915,256.19748190559903,256.19748190559903,256.19748190559903,485.67650175009237,485.67650175009237,485.67650175009237,0.0,0.0,0.0,22343.860915886682
2024-04-16,21602.394337090143,16432.14929865744,27461.16707381767,21602.394337090143,21602.394337090143,114.5664792990173,114.5664792990173,114.5664792990173,-351.7386361382352,-351.7386361382352,-351.7386361382352,466.30511543725254,466.30511543725254,466.30511543725254,0.0,0.0,0.0,21716.96081638916
2024-04-17,21602.8017419493,16827.374698509037,27682.8990154058,21602.8017419493,21602.8017419493,678.2897488400923,678.2897488400923,678.2897488400923,240.69501629307905,240.69501629307905,240.69501629307905,437.5947325470132,437.5947325470132,437.5947325470132,0.0,0.0,0.0,22281.091490789393
2024-04-18,21603.209146808458,16413.69401826716,27440.028681322005,21603.209146808458,21603.209146808458,415.90822632946396,415.90822632946396,415.90822632946396,15.713991665368056,15.713991665368056,15.713991665368056,400.194234664096,400.194234664096,400.194234664096,0.0,0.0,0.0,22019.11737313792
2024-04-19,21603.616551667616,15626.273326259747,26963.646518377092,21603.616551667616,21603.616551667616,-392.3945776768981,-392.3945776768981,-392.3945776768981,-747.3336135378239,-747.3336135378239,-747.3336135378239,354.9390358609258,354.9390358609258,354.9390358609258,0.0,0.0,0.0,21211.221973990716
2024-04-20,21604.023954968394,16717.90386837927,27618.173901566322,21604.023954968394,21604.023954968394,654.4834707320912,654.4834707320912,654.4834707320912,351.6530420947555,351.6530420947555,351.6530420947555,302.8304286373357,302.8304286373357,302.8304286373357,0.0,0.0,0.0,22258.507425700485
2024-04-21,21604.43135826918,16518.549567203107,27409.529819282903,21604.43135826918,21604.43135826918,479.8236360745488,479.8236360745488,479.8236360745488,234.81271771592802,234.81271771592802,234.81271771592802,245.01091835862073,245.01091835862073,245.01091835862073,0.0,0.0,0.0,22084.25499434373
2024-04-22,21604.83876156996,16421.37929419217,27726.150024450515,21604.83876156996,21604.83876156996,438.93364905027073,438.93364905027073,438.93364905027073,256.1974819060567,256.1974819060567,256.1974819060567,182.73616714421402,182.73616714421402,182.73616714421402,0.0,0.0,0.0,22043.772410620233
2024-04-23,21605.246164870747,15665.06532397918,27160.808973302268,21605.246164870747,21605.246164870747,-234.3943793976673,-234.3943793976673,-234.3943793976673,-351.73863613946935,-351.73863613946935,-351.73863613946935,117.34425674180204,117.34425674180204,117.34425674180204,0.0,0.0,0.0,21370.851785473078
2024-04-24,21605.65356817153,16108.152043684304,27236.858291319546,21605.65356817153,21605.65356817153,290.9180662949671,290.9180662949671,290.9180662949671,240.69501629272258,240.69501629272258,240.69501629272258,50.22305000224456,50.22305000224456,50.22305000224456,0.0,0.0,0.0,21896.571634466494
2024-04-25,21606.060971472314,16121.063224742384,27443.0972073099,21606.060971472314,21606.060971472314,-1.5095280745189872,-1.5095280745189872,-1.5095280745189872,15.713991665974604,15.713991665974604,15.713991665974604,-17.22351974049359,-17.22351974049359,-17.22351974049359,0.0,0.0,0.0,21604.551443397795
2024-04-26,21606.4683747731,15339.647187512528,26427.982816412587,21606.4683747731,21606.4683747731,-830.9429877305256,-830.9429877305256,-830.9429877305256,-747.3336135365873,-747.3336135365873,-747.3336135365873,-83.60937419393817,-83.60937419393817,-83.60937419393817,0.0,0.0,0.0,20775.525387042573
2024-04-27,21606.87577807388,15853.072720543672,27104.84859209891,21606.87577807388,21606.87577807388,204.05347408077293,204.05347408077293,204.05347408077293,351.65304209555364,351.65304209555364,351.65304209555364,-147.59956801478074,-147.59956801478074,-147.59956801478074,0.0,0.0,0.0,21810.929252154656
2024-04-28,21607.283181374667,15901.18388742899,26959.267698135718,21607.283181374667,21607.283181374667,26.870643712221103,26.870643712221103,26.870643712221103,234.81271771562797,234.81271771562797,234.81271771562797,-207.9420740034069,-207.9420740034069,-207.9420740034069,0.0,0.0,0.0,21634.153825086887
2024-04-29,21607.69058467545,16359.623039684755,27069.68054104232,21607.69058467545,21607.69058467545,-7.299788309106477,-7.299788309106477,-7.299788309106477,256.1974819066929,256.1974819066929,256.1974819066929,-263.49727021579935,-263.49727021579935,-263.49727021579935,0.0,0.0,0.0,21600.390796366344
2024-04-30,21608.097987976234,15705.129681321632,26732.201442925285,21608.097987976234,21608.097987976234,-665.0030207453108,-665.0030207453108,-665.0030207453108,-351.7386361400404,-351.7386361400404,-351.7386361400404,-313.26438460527044,-313.26438460527044,-313.26438460527044,0.0,0.0,0.0,20943.094967230925
2024-05-01,21608.505391277016,15707.443027423471,26897.380149340504,21608.505391277016,21608.505391277016,-115.70921712703716,-115.70921712703716,-115.70921712703716,240.69501629236618,240.69501629236618,240.69501629236618,-356.40423341940334,-356.40423341940334,-356.40423341940334,0.0,0.0,0.0,21492.79617414998
2024-05-02,21608.912794577802,15500.64867040275,27008.413492821433,21608.912794577802,21608.912794577802,-376.5436959985262,-376.5436959985262,-376.5436959985262,15.713991668034739,15.713991668034739,15.713991668034739,-392.2576876665609,-392.2576876665609,-392.2576876665609,0.0,0.0,0.0,21232.369098579275
2024-05-03,21609.32019787858,15018.766387883936,26542.267248152133,21609.32019787858,21609.32019787858,-1167.693028428249,-1167.693028428249,-1167.693028428249,-747.3336135384402,-747.3336135384402,-747.3336135384402,-420.3594148898087,-420.3594148898087,-420.3594148898087,0.0,0.0,0.0,20441.62716945033
2024-05-04,21609.727601179366,16001.619023508345,27011.345759595817,21609.727601179366,21609.727601179366,-88.79352612004551,-88.79352612004551,-88.79352612004551,351.65304209564613,351.65304209564613,351.65304209564613,-440.4465682156917,-440.4465682156917,-440.4465682156917,0.0,0.0,0.0,21520.93407505932
2024-05-05,21610.135004480147,15648.993340374345,27360.35309256842,21610.135004480147,21610.135004480147,-217.64951010388268,-217.64951010388268,-217.64951010388268,234.81271771560088,234.81271771560088,234.81271771560088,-452.4622278194836,-452.4622278194836,-452.4622278194836,0.0,0.0,0.0,21392.485494376266
2024-05-06,21610.542407780933,15730.583748582118,26822.965897791917,21610.542407780933,21610.542407780933,-200.35605608869642,-200.35605608869642,-200.35605608869642,256.19748190715063,256.19748190715063,256.19748190715063,-456.553537995847,-456.553537995847,-456.553537995847,0.0,0.0,0.0,21410.186351692235
2024-05-07,21610.94981108172,15506.214705348597,26384.640168343372,21610.94981108172,21610.94981108172,-804.8032583583278,-804.8032583583278,-804.8032583583278,-351.7386361412746,-351.7386361412746,-351.7386361412746,-453.06462221705317,-453.06462221705317,-453.06462221705317,0.0,0.0,0.0,20806.146552723392
2024-05-08,21611.3572143825,15955.88635362155,27148.517468891376,21611.3572143825,21611.3572143825,-201.82947888718533,-201.82947888718533,-201.82947888718533,240.69501629200977,240.69501629200977,240.69501629200977,-442.5244951791951,-442.5244951791951,-442.5244951791951,0.0,0.0,0.0,21409.527735495314
2024-05-09,21611.764617683286,15276.001350189861,26176.770738327494,21611.764617683286,21611.764617683286,-409.9163295436424,-409.9163295436424,-409.9163295436424,15.71399166593938,15.71399166593938,15.71399166593938,-425.6303212095817,-425.6303212095817,-425.6303212095817,0.0,0.0,0.0,21201.848288139645
2024-05-10,21612.172020984068,14834.947619030903,25896.840698461412,21612.172020984068,21612.172020984068,-1150.560102582342,-1150.560102582342,-1150.560102582342,-747.3336135372036,-747.3336135372036,-747.3336135372036,-403.2264890451384,-403.2264890451384,-403.2264890451384,0.0,0.0,0.0,20461.611918401726
2024-05-11,21612.579424284853,15818.560362539389,27478.828861817947,21612.579424284853,21612.579424284853,-24.627038600956922,-24.627038600956922,-24.627038600956922,351.6530420929331,351.6530420929331,351.6530420929331,-376.28008069389006,-376.28008069389006,-376.28008069389006,0.0,0.0,0.0,21587.952385683897
2024-05-12,21612.986827585635,16238.602844721521,27163.004823800933,21612.986827585635,21612.986827585635,-111.04068626560986,-111.04068626560986,-111.04068626560986,234.81271771557388,234.81271771557388,234.81271771557388,-345.85340398118376,-345.85340398118376,-345.85340398118376,0.0,0.0,0.0,21501.946141320026
2024-05-13,21613.39423088642,16202.91790642587,27288.57539388926,21613.39423088642,21613.39423088642,-56.87685015371714,-56.87685015371714,-56.87685015371714,256.19748190521284,256.19748190521284,256.19748190521284,-313.07433205892994,-313.07433205892994,-313.07433205892994,0.0,0.0,0.0,21556.517380732705
2024-05-14,21613.8016341872,15301.17487511564,26750.955789142983,21613.8016341872,21613.8016341872,-630.8438828324607,-630.8438828324607,-630.8438828324607,-351.73863613873834,-351.73863613873834,-351.73863613873834,-279.10524669372245,-279.10524669372245,-279.10524669372245,0.0,0.0,0.0,20982.957751354737
2024-05-15,21614.209037487984,15870.390868539953,26896.39330076328,21614.209037487984,21614.209037487984,-4.416397888738798,-4.416397888738798,-4.416397888738798,240.69501629385263,240.69501629385263,240.69501629385263,-245.1114141825914,-245.1114141825914,-245.1114141825914,0.0,0.0,0.0,21609.792639599247
2024-05-16,21614.616440788766,15709.524314428556,27220.928317872265,21614.616440788766,21614.616440788766,-196.51564083138445,-196.51564083138445,-196.51564083138445,15.713991670701422,15.713991670701422,15.713991670701422,-212.22963250208585,-212.22963250208585,-212.22963250208585,0.0,0.0,0.0,21418.10079995738
2024-05-17,21615.023844089552,14797.414193621466,26170.182232920622,21615.023844089552,21615.023844089552,-928.8715891455348,-928.8715891455348,-928.8715891455348,-747.3336135359673,-747.3336135359673,-747.3336135359673,-181.53797560956747,-181.53797560956747,-181.53797560956747,0.0,0.0,0.0,20686.152254944016
2024-05-18,21615.431247390337,16320.484445971615,26780.115379002134,21615.431247390337,21615.431247390337,197.62561596681965,197.62561596681965,197.62561596681965,351.65304209302565,351.65304209302565,351.65304209302565,-154.02742612620602,-154.02742612620602,-154.02742612620602,0.0,0.0,0.0,21813.056863357157
2024-05-19,21615.83865069112,16109.98792235743,27151.139940169654,21615.83865069112,21615.83865069112,104.23658572707753,104.23658572707753,104.23658572707753,234.81271771554685,234.81271771554685,234.81271771554685,-130.5761319884693,-130.5761319884693,-130.5761319884693,0.0,0.0,0.0,21720.075236418197
2024-05-20,21616.246053991905,16261.014643301049,27028.371084008173,21616.246053991905,21616.246053991905,144.2705342540634,144.2705342540634,144.2705342540634,256.1974819056706,256.1974819056706,256.1974819056706,-111.92694765160721,-111.92694765160721,-111.92694765160721,0.0,0.0,0.0,21760.51658824597
2024-05-21,21616.653457292687,15913.339654079067,26088.160604936704,21616.653457292687,21616.653457292687,-450.40746435191016,-450.40746435191016,-450.40746435191016,-351.7386361399725,-351.7386361399725,-351.7386361399725,-98.6688282119377,-98.6688282119377,-98.6688282119377,0.0,0.0,0.0,21166.245992940778
2024-05-22,21617.060860593472,16333.755307013107,27416.018270751316,21617.060860593472,21617.060860593472,149.4724783442301,149.4724783442301,149.4724783442301,240.69501629270184,240.69501629270184,240.69501629270184,-91.22253794847174,-91.22253794847174,-91.22253794847174,0.0,0.0,0.0,21766.5333389377
2024-05-23,21617.468263894254,16082.698294902082,27205.800660133747,21617.468263894254,21617.468263894254,-74.1170245885842,-74.1170245885842,-74.1170245885842,15.713991668606063,15.713991668606063,15.713991668606063,-89.83101625719026,-89.83101625719026,-89.83101625719026,0.0,0.0,0.0,21543.35123930567
2024-05-24,21617.87566719504,15487.019468813052,26175.6257469398,21617.87566719504,21617.87566719504,-841.8882305663801,-841.8882305663801,-841.8882305663801,-747.3336135378202,-747.3336135378202,-747.3336135378202,-94.55461702856,-94.55461702856,-94.55461702856,0.0,0.0,0.0,20775.98743662866
2024-05-25,21618.283070495818,16499.724752110313,26996.32339827155,21618.283070495818,21618.283070495818,246.3817364092962,246.3817364092962,246.3817364092962,351.6530420945295,351.6530420945295,351.6530420945295,-105.27130568523329,-105.27130568523329,-105.27130568523329,0.0,0.0,0.0,21864.664806905115
2024-05-26,21618.690473796603,16206.867003784671,27225.605534642447,21618.690473796603,21618.690473796603,113.13095275821375,113.13095275821375,113.13095275821375,234.81271771601098,234.81271771601098,234.81271771601098,-121.68176495779723,-121.68176495779723,-121.68176495779723,0.0,0.0,0.0,21731.821426554816
2024-05-27,21619.097877097385,16161.918156449421,27497.91255889564,21619.097877097385,21619.097877097385,112.87825227093484,112.87825227093484,112.87825227093484,256.1974819075044,256.1974819075044,256.1974819075044,-143.3192296365696,-143.3192296365696,-143.3192296365696,0.0,0.0,0.0,21731.97612936832
2024-05-28,21619.50528039817,15240.306559980634,26600.253846348875,21619.50528039817,21619.50528039817,-521.3023816699524,-521.3023816699524,-521.3023816699524,-351.73863614120665,-351.73863614120665,-351.73863614120665,-169.56374552874578,-169.56374552874578,-169.56374552874578,0.0,0.0,0.0,21098.202898728217
2024-05-29,21619.912683698956,15644.90763225522,26887.10404013212,21619.912683698956,21619.912683698956,41.03458427579386,41.03458427579386,41.03458427579386,240.69501629454467,240.69501629454467,240.69501629454467,-199.6604320187508,-199.6604320187508,-199.6604320187508,0.0,0.0,0.0,21660.94726797475
2024-05-30,21620.320086999738,15697.50947229416,27128.342836849723,21620.320086999738,21620.320086999738,-217.02723238025237,-217.02723238025237,-217.02723238025237,15.713991668588442,15.713991668588442,15.713991668588442,-232.74122404884085,-232.74122404884085,-232.74122404884085,0.0,0.0,0.0,21403.292854619485
2024-05-31,21620.727490300524,14913.275229029126,26313.58678901919,21620.727490300524,21620.727490300524,-1015.1830942532912,-1015.1830942532912,-1015.1830942532912,-747.3336135365836,-747.3336135365836,-747.3336135365836,-267.84948071670755,-267.84948071670755,-267.84948071670755,0.0,0.0,0.0,20605.544396047233
2024-06-01,21621.134893601306,16244.716642637759,27413.17487777917,21621.134893601306,21621.134893601306,47.68626577037304,47.68626577037304,47.68626577037304,351.653042094622,351.653042094622,351.653042094622,-303.96677632424894,-303.96677632424894,-303.96677632424894,0.0,0.0,0.0,21668.821159371677
2024-06-02,21621.54229690209,15498.520496669536,26987.603825728253,21621.54229690209,21621.54229690209,-105.22841968696186,-105.22841968696186,-105.22841968696186,234.81271771598404,234.81271771598404,234.81271771598404,-340.0411374029459,-340.0411374029459,-340.0411374029459,0.0,0.0,0.0,21516.31387721513
2024-06-03,21621.949700202873,16389.754534281972,26789.910911899013,21621.949700202873,21621.949700202873,-118.81847533225591,-118.81847533225591,-118.81847533225591,256.19748190796224,256.19748190796224,256.19748190796224,-375.0159572402182,-375.0159572402182,-375.0159572402182,0.0,0.0,0.0,21503.131224870616
2024-06-04,21622.35710350366,15621.902120849523,26452.552213922943,21622.35710350366,21622.35710350366,-759.5974445915181,-759.5974445915181,-759.5974445915181,-351.7386361386704,-351.7386361386704,-351.7386361386704,-407.8588084528476,-407.8588084528476,-407.8588084528476,0.0,0.0,0.0,20862.75965891214
2024-06-05,21622.764506804437,16005.825026115443,27452.939357287552,21622.764506804437,21622.764506804437,-196.8943680068158,-196.8943680068158,-196.8943680068158,240.69501629198902,240.69501629198902,240.69501629198902,-437.5893842988048,-437.5893842988048,-437.5893842988048,0.0,0.0,0.0,21425.87013879762
2024-06-06,21623.171910105222,15613.691721974832,26618.38576313986,21623.171910105222,21623.171910105222,-447.59183855660405,-447.59183855660405,-447.59183855660405,15.713991668570822,15.713991668570822,15.713991668570822,-463.3058302251748,-463.3058302251748,-463.3058302251748,0.0,0.0,0.0,21175.58007154862
2024-06-07,21623.579313406004,14920.59528450274,26252.85357065639,21623.579313406004,21623.579313406004,-1231.542391137232,-1231.542391137232,-1231.542391137232,-747.3336135371312,-747.3336135371312,-747.3336135371312,-484.2087776001008,-484.2087776001008,-484.2087776001008,0.0,0.0,0.0,20392.036922268773
2024-06-08,21623.98671670679,15726.689775262108,26733.73296576884,21623.98671670679,21623.98671670679,-147.96941800124327,-147.96941800124327,-147.96941800124327,351.65304209471446,351.65304209471446,351.65304209471446,-499.62246009595776,-499.62246009595776,-499.62246009595776,0.0,0.0,0.0,21476.017298705545
2024-06-09,21624.39412000757,15702.518951230068,27324.41185585592,21624.39412000757,21624.39412000757,-274.19966003917733,-274.19966003917733,-274.19966003917733,234.81271771568385,234.81271771568385,234.81271771568385,-509.0123777548612,-509.0123777548612,-509.0123777548612,0.0,0.0,0.0,21350.194459968396
2024-06-10,21624.801523308357,15974.617383253397,26996.453833983083,21624.801523308357,21624.801523308357,-255.80158999430824,-255.80158999430824,-255.80158999430824,256.1974819072222,256.1974819072222,256.1974819072222,-511.99907190153044,-511.99907190153044,-511.99907190153044,0.0,0.0,0.0,21368.999933314048
2024-06-11,21625.208926609143,15219.411524587404,26432.892326573154,21625.208926609143,21625.208926609143,-860.106319105802,-860.106319105802,-860.106319105802,-351.73863613990454,-351.73863613990454,-351.73863613990454,-508.3676829658974,-508.3676829658974,-508.3676829658974,0.0,0.0,0.0,20765.10260750334
2024-06-12,21625.616329909924,16211.861234060303,26925.863719528315,21625.616329909924,21625.616329909924,-257.37806356701833,-257.37806356701833,-257.37806356701833,240.69501629083825,240.69501629083825,240.69501629083825,-498.07307985785656,-498.07307985785656,-498.07307985785656,0.0,0.0,0.0,21368.238266342905
2024-06-13,21626.02373321071,15601.886270637142,26877.421445252472,21626.02373321071,21626.02373321071,-465.52647885670893,-465.52647885670893,-465.52647885670893,15.7139916685532,15.7139916685532,15.7139916685532,-481.24047052526214,-481.24047052526214,-481.24047052526214,0.0,0.0,0.0,21160.497254354003
2024-06-14,21626.43113651149,15228.13786086135,26134.9905248622,21626.43113651149,21626.43113651149,-1205.495138930431,-1205.495138930431,-1205.495138930431,-747.3336135358945,-747.3336135358945,-747.3336135358945,-458.1615253945366,-458.1615253945366,-458.1615253945366,0.0,0.0,0.0,20420.935997581062
2024-06-15,21626.838539812277,15832.502311631242,27516.1499210807,21626.838539812277,21626.838539812277,-77.63312306661483,-77.63312306661483,-77.63312306661483,351.65304209621837,351.65304209621837,351.65304209621837,-429.2861651628332,-429.2861651628332,-429.2861651628332,0.0,0.0,0.0,21549.205416745663
2024-06-16,21627.245943113056,15512.243174392112,27016.8723320346,21627.245943113056,21627.245943113056,-160.39756095425057,-160.39756095425057,-160.39756095425057,234.81271771592998,234.81271771592998,234.81271771592998,-395.2102786701805,-395.2102786701805,-395.2102786701805,0.0,0.0,0.0,21466.848382158805
2024-06-17,21627.65334641384,15843.932221671137,27467.526293312698,21627.65334641384,21627.65334641384,-100.4622603275208,-100.4622603275208,-100.4622603275208,256.1974819064822,256.1974819064822,256.1974819064822,-356.659742234003,-356.659742234003,-356.659742234003,0.0,0.0,0.0,21527.19108608632
2024-06-18,21628.060749714623,15691.060945118164,26073.1829430061,21628.060749714623,21628.060749714623,-666.2098422564476,-666.2098422564476,-666.2098422564476,-351.73863614047565,-351.73863614047565,-351.73863614047565,-314.47120611597194,-314.47120611597194,-314.47120611597194,0.0,0.0,0.0,20961.850907458174
2024-06-19,21628.46815301541,15758.240219755233,27174.287803995758,21628.46815301541,21628.46815301541,-28.875177962049968,-28.875177962049968,-28.875177962049968,240.69501629048187,240.69501629048187,240.69501629048187,-269.5701942525318,-269.5701942525318,-269.5701942525318,0.0,0.0,0.0,21599.592975053358
2024-06-20,21628.87555631619,15749.326430681072,27067.78796190641,21628.87555631619,21628.87555631619,-207.23313632262716,-207.23313632262716,-207.23313632262716,15.713991666457826,15.713991666457826,15.713991666457826,-222.94712798908498,-222.94712798908498,-222.94712798908498,0.0,0.0,0.0,21421.642419993565
2024-06-21,21629.282959616976,15135.401718713078,26236.86697963253,21629.282959616976,21629.282959616976,-922.9655452860615,-922.9655452860615,-922.9655452860615,-747.3336135362028,-747.3336135362028,-747.3336135362028,-175.63193174985867,-175.63193174985867,-175.63193174985867,0.0,0.0,0.0,20706.317414330915
2024-06-22,21629.69036291776,16260.533087663254,27354.832928518663,21629.69036291776,21629.69036291776,222.98513482694443,222.98513482694443,222.98513482694443,351.65304209631086,351.65304209631086,351.65304209631086,-128.66790726936642,-128.66790726936642,-128.66790726936642,0.0,0.0,0.0,21852.675497744705
2024-06-23,21630.097766218543,16203.492874028552,27697.577590171444,21630.097766218543,21630.097766218543,151.72714503051932,151.72714503051932,151.72714503051932,234.81271771612106,234.81271771612106,234.81271771612106,-83.08557268560175,-83.08557268560175,-83.08557268560175,0.0,0.0,0.0,21781.824911249063
2024-06-24,21630.505169781045,16145.954126661736,27094.71708079431,21630.505169781045,21630.505169781045,216.3203284802553,216.3203284802553,216.3203284802553,256.1974819057422,256.1974819057422,256.1974819057422,-39.877153425486895,-39.877153425486895,-39.877153425486895,0.0,0.0,0.0,21846.8254982613
2024-06-25,21630.91257334355,15548.979408292771,26959.09940177449,21630.91257334355,21630.91257334355,-351.71102007672135,-351.71102007672135,-351.71102007672135,-351.7386361417098,-351.7386361417098,-351.7386361417098,0.02761606498845351,0.02761606498845351,0.02761606498845351,0.0,0.0,0.0,21279.20155326683
2024-06-26,21631.31997690605,16204.675186960167,27593.129277106604,21631.31997690605,21631.31997690605,276.4787823443592,276.4787823443592,276.4787823443592,240.6950162923247,240.6950162923247,240.6950162923247,35.78376605203449,35.78376605203449,35.78376605203449,0.0,0.0,0.0,21907.798759250407
2024-06-27,21631.72738046855,16355.048556435842,27250.289372766765,21631.72738046855,21631.72738046855,82.3648800245321,82.3648800245321,82.3648800245321,15.713991668517961,15.713991668517961,15.713991668517961,66.65088835601415,66.65088835601415,66.65088835601415,0.0,0.0,0.0,21714.092260493082
2024-06-28,21632.134784031055,15394.221611062148,26699.97774251204,21632.134784031055,21632.134784031055,-655.3236342105326,-655.3236342105326,-655.3236342105326,-747.333613536511,-747.333613536511,-747.333613536511,92.00997932597839,92.00997932597839,92.00997932597839,0.0,0.0,0.0,20976.81114982052
2024-06-29,21632.542187593554,16452.241101625794,27662.93834179773,21632.542187593554,21632.542187593554,463.0299812104097,463.0299812104097,463.0299812104097,351.6530420943035,351.6530420943035,351.6530420943035,111.37693911610616,111.37693911610616,111.37693911610616,0.0,0.0,0.0,22095.572168803963
2024-06-30,21632.949591156055,16820.945576332582,27185.26629271797,21632.949591156055,21632.949591156055,359.22515144000226,359.22515144000226,359.22515144000226,234.81271771609394,234.81271771609394,234.81271771609394,124.41243372390832,124.41243372390832,124.41243372390832,0.0,0.0,0.0,21992.174742596057
2024-07-01,21633.35699471856,16301.279336418344,27374.047233857298,21633.35699471856,21633.35699471856,387.12541080834035,387.12541080834035,387.12541080834035,256.1974819062,256.1974819062,256.1974819062,130.92792890214037,130.92792890214037,130.92792890214037,0.0,0.0,0.0,22020.482405526902
2024-07-02,21633.76439828106,16020.238517080641,27106.479937806478,21633.76439828106,21633.76439828106,-220.8508250310271,-220.8508250310271,-220.8508250310271,-351.7386361410587,-351.7386361410587,-351.7386361410587,130.88781111003158,130.88781111003158,130.88781111003158,0.0,0.0,0.0,21412.913573250033
2024-07-03,21634.17180184356,16666.34465079668,27662.43078899708,21634.17180184356,21634.17180184356,365.1026334291466,365.1026334291466,365.1026334291466,240.6950162941676,240.6950162941676,240.6950162941676,124.40761713497893,124.40761713497893,124.40761713497893,0.0,0.0,0.0,21999.274435272706
2024-07-04,21634.579205406066,16095.007825748116,27080.224024933752,21634.579205406066,21634.579205406066,127.46248958997431,127.46248958997431,127.46248958997431,15.713991669124525,15.713991669124525,15.713991669124525,111.74849792084979,111.74849792084979,111.74849792084979,0.0,0.0,0.0,21762.04169499604
2024-07-05,21634.986608968564,15567.721777136383,26712.711294721204,21634.986608968564,21634.986608968564,-654.0254728909757,-654.0254728909757,-654.0254728909757,-747.3336135368193,-747.3336135368193,-747.3336135368193,93.30814064584348,93.30814064584348,93.30814064584348,0.0,0.0,0.0,20980.96113607759
2024-07-06,21635.394012531066,16261.499843568865,27370.83628056579,21635.394012531066,21635.394012531066,421.2615056447613,421.2615056447613,421.2615056447613,351.653042094396,351.653042094396,351.653042094396,69.60846355036529,69.60846355036529,69.60846355036529,0.0,0.0,0.0,22056.655518175827
2024-07-07,21635.801416093564,16374.24547568984,27442.856979114997,21635.801416093564,21635.801416093564,276.0931957551002,276.0931957551002,276.0931957551002,234.81271771579392,234.81271771579392,234.81271771579392,41.28047803930628,41.28047803930628,41.28047803930628,0.0,0.0,0.0,21911.894611848664
2024-07-08,21636.20881965607,16408.51955378322,27404.06704232543,21636.20881965607,21636.20881965607,265.24426204396536,265.24426204396536,265.24426204396536,256.19748190426225,256.19748190426225,256.19748190426225,9.046780139703122,9.046780139703122,9.046780139703122,0.0,0.0,0.0,21901.453081700034
2024-07-09,21636.61622321857,15581.875291392606,26803.909424994235,21636.61622321857,21636.61622321857,-378.0364493292015,-378.0364493292015,-378.0364493292015,-351.7386361397446,-351.7386361397446,-351.7386361397446,-26.297813189456956,-26.297813189456956,-26.297813189456956,0.0,0.0,0.0,21258.57977388937
2024-07-10,21637.02362678107,15769.44155512716,27214.700110544294,21637.02362678107,21637.02362678107,176.7880869520593,176.7880869520593,176.7880869520593,240.69501629161192,240.69501629161192,240.69501629161192,-63.906929339552605,-63.906929339552605,-63.906929339552605,0.0,0.0,0.0,21813.81171373313
2024-07-11,21637.431030343574,15705.091048311779,26977.726427523372,21637.431030343574,21637.431030343574,-87.19003978180682,-87.19003978180682,-87.19003978180682,15.713991669106905,15.713991669106905,15.713991669106905,-102.90403145091372,-102.90403145091372,-102.90403145091372,0.0,0.0,0.0,21550.240990561768
2024-07-12,21637.838433906076,15292.53782401847,26285.590351091487,21637.838433906076,21637.838433906076,-889.7375684966336,-889.7375684966336,-889.7375684966336,-747.3336135355826,-747.3336135355826,-747.3336135355826,-142.40395496105097,-142.40395496105097,-142.40395496105097,0.0,0.0,0.0,20748.100865409444
2024-07-13,21638.245837468574,16105.44238348825,27533.514015217053,21638.245837468574,21638.245837468574,170.11902297971355,170.11902297971355,170.11902297971355,351.65304209519417,351.65304209519417,351.65304209519417,-181.53401911548065,-181.53401911548065,-181.53401911548065,0.0,0.0,0.0,21808.364860448288
2024-07-14,21638.65324103108,15819.569139824416,26774.199118347085,21638.65324103108,21638.65324103108,15.358548071544286,15.358548071544286,15.358548071544286,234.81271771549382,234.81271771549382,234.81271771549382,-219.45416964394954,-219.45416964394954,-219.45416964394954,0.0,0.0,0.0,21654.011789102624
2024-07-15,21639.06064459358,16085.18697315852,27655.746332535546,21639.06064459358,21639.06064459358,0.8218321486500271,0.8218321486500271,0.8218321486500271,256.19748190729376,256.19748190729376,256.19748190729376,-255.37564975864373,-255.37564975864373,-255.37564975864373,0.0,0.0,0.0,21639.88247674223
2024-07-16,21639.46804815608,15768.273906658576,26749.213201570314,21639.46804815608,21639.46804815608,-640.3163868003429,-640.3163868003429,-640.3163868003429,-351.7386361390935,-351.7386361390935,-351.7386361390935,-288.5777506612494,-288.5777506612494,-288.5777506612494,0.0,0.0,0.0,20999.151661355736
2024-07-17,21639.875451718584,15792.10751674425,27084.23247457107,21639.875451718584,21639.875451718584,-77.72724174973493,-77.72724174973493,-77.72724174973493,240.6950162934548,240.6950162934548,240.6950162934548,-318.4222580431897,-318.4222580431897,-318.4222580431897,0.0,0.0,0.0,21562.14820996885
2024-07-18,21640.282855281086,15424.985892586103,26617.64031713675,21640.282855281086,21640.282855281086,-328.65129384160053,-328.65129384160053,-328.65129384160053,15.713991667011529,15.713991667011529,15.713991667011529,-344.36528550861203,-344.36528550861203,-344.36528550861203,0.0,0.0,0.0,21311.631561439484
2024-07-19,21640.690258843584,14828.505216791475,26207.156738470054,21640.690258843584,21640.690258843584,-1113.2998806626276,-1113.2998806626276,-1113.2998806626276,-747.3336135374356,-747.3336135374356,-747.3336135374356,-365.9662671251919,-365.9662671251919,-365.9662671251919,0.0,0.0,0.0,20527.390378180957
2024-07-20,21641.09766240609,15850.816089570613,27221.61771379805,21641.09766240609,21641.09766240609,-31.24092481780034,-31.24092481780034,-31.24092481780034,351.6530420924812,351.6530420924812,351.6530420924812,-382.89396691028156,-382.89396691028156,-382.89396691028156,0.0,0.0,0.0,21609.85673758829
2024-07-21,21641.50506596859,15925.859214696273,27205.703044791182,21641.50506596859,21641.50506596859,-160.11673271953762,-160.11673271953762,-160.11673271953762,234.81271771573986,234.81271771573986,234.81271771573986,-394.9294504352775,-394.9294504352775,-394.9294504352775,0.0,0.0,0.0,21481.388333249055
2024-07-22,21641.91246953109,15353.40514040329,27324.618361194603,21641.91246953109,21641.91246953109,-145.76856840586936,-145.76856840586936,-145.76856840586936,256.19748190655383,256.19748190655383,256.19748190655383,-401.9660503124232,-401.9660503124232,-401.9660503124232,0.0,0.0,0.0,21496.14390112522
2024-07-23,21642.319873093595,15550.289533197358,26336.388182106333,21642.319873093595,21642.319873093595,-755.7450767721072,-755.7450767721072,-755.7450767721072,-351.7386361403276,-351.7386361403276,-351.7386361403276,-404.0064406317796,-404.0064406317796,-404.0064406317796,0.0,0.0,0.0,20886.57479632149
2024-07-24,21642.727276656096,15995.110914265479,26873.75396194838,21642.727276656096,21642.727276656096,-160.46199678179502,-160.46199678179502,-160.46199678179502,240.69501629309835,240.69501629309835,240.69501629309835,-401.15701307489337,-401.15701307489337,-401.15701307489337,0.0,0.0,0.0,21482.2652798743
2024-07-25,21643.134680218594,16079.812761911633,26592.683259056623,21643.134680218594,21643.134680218594,-377.9058256886001,-377.9058256886001,-377.9058256886001,15.71399166491617,15.71399166491617,15.71399166491617,-393.6198173535163,-393.6198173535163,-393.6198173535163,0.0,0.0,0.0,21265.228854529996
2024-07-26,21643.5420837811,14977.580511675485,26296.895623892942,21643.5420837811,21643.5420837811,-1129.016002438968,-1129.016002438968,-1129.016002438968,-747.3336135364383,-747.3336135364383,-747.3336135364383,-381.68238890252957,-381.68238890252957,-381.68238890252957,0.0,0.0,0.0,20514.526081342134
2024-07-27,21643.9494873436,15996.090785152512,27385.809472823028,21643.9494873436,21643.9494873436,-14.052793807307017,-14.052793807307017,-14.052793807307017,351.65304209327934,351.65304209327934,351.65304209327934,-365.7058359005864,-365.7058359005864,-365.7058359005864,0.0,0.0,0.0,21629.896693536295
2024-07-28,21644.3568909061,15785.960242079167,26887.44704675682,21644.3568909061,21644.3568909061,-111.29887677563521,-111.29887677563521,-111.29887677563521,234.81271771543973,234.81271771543973,234.81271771543973,-346.1115944910749,-346.1115944910749,-346.1115944910749,0.0,0.0,0.0,21533.058014130464
2024-07-29,21644.764294468605,16286.242023695695,27389.203357131686,21644.764294468605,21644.764294468605,-67.16980286747639,-67.16980286747639,-67.16980286747639,256.1974819070116,256.1974819070116,256.1974819070116,-323.367284774488,-323.367284774488,-323.367284774488,0.0,0.0,0.0,21577.59449160113
2024-07-30,21645.171698031107,15263.61946010737,26638.203848075103,21645.171698031107,21645.171698031107,-649.7107464868553,-649.7107464868553,-649.7107464868553,-351.7386361396766,-351.7386361396766,-351.7386361396766,-297.9721103471786,-297.9721103471786,-297.9721103471786,0.0,0.0,0.0,20995.46095154425
2024-07-31,21645.579101593605,16096.403954449148,27214.44159770351,21645.579101593605,21645.579101593605,-29.747224623574038,-29.747224623574038,-29.747224623574038,240.69501629194764,240.69501629194764,240.69501629194764,-270.44224091552167,-270.44224091552167,-270.44224091552167,0.0,0.0,0.0,21615.83187697003
2024-08-01,21645.986505156106,15997.474298907302,26856.499846148574,21645.986505156106,21645.986505156106,-225.58260959055633,-225.58260959055633,-225.58260959055633,15.713991666976305,15.713991666976305,15.713991666976305,-241.29660125753267,-241.29660125753267,-241.29660125753267,0.0,0.0,0.0,21420.40389556555
2024-08-02,21646.39390871861,14952.59611780585,26442.894850041987,21646.39390871861,21646.39390871861,-958.3770748920045,-958.3770748920045,-958.3770748920045,-747.3336135382912,-747.3336135382912,-747.3336135382912,-211.04346135371344,-211.04346135371344,-211.04346135371344,0.0,0.0,0.0,20688.01683382661
2024-08-03,21646.80131228111,16340.131113342079,27264.09323757284,21646.80131228111,21646.80131228111,171.48485904801515,171.48485904801515,171.48485904801515,351.6530420933718,351.6530420933718,351.6530420933718,-180.16818304535667,-180.16818304535667,-180.16818304535667,0.0,0.0,0.0,21818.286171329124
2024-08-04,21647.20871584361,16336.839847854195,27219.25032225886,21647.20871584361,21647.20871584361,85.69028813286853,85.69028813286853,85.69028813286853,234.8127177154127,234.8127177154127,234.8127177154127,-149.12242958254416,-149.12242958254416,-149.12242958254416,0.0,0.0,0.0,21732.89900397648
2024-08-05,21647.616119406113,16132.62926519636,27044.269754915687,21647.616119406113,21647.616119406113,137.88239427811135,137.88239427811135,137.88239427811135,256.19748190746935,256.19748190746935,256.19748190746935,-118.31508762935799,-118.31508762935799,-118.31508762935799,0.0,0.0,0.0,21785.498513684226
2024-08-06,21648.023522968615,15856.08696859835,27092.23731393236,21648.023522968615,21648.023522968615,-439.8437248005905,-439.8437248005905,-439.8437248005905,-351.7386361409107,-351.7386361409107,-351.7386361409107,-88.10508865967975,-88.10508865967975,-88.10508865967975,0.0,0.0,0.0,21208.179798168025
2024-08-07,21648.430926531117,15899.391274810667,27346.114944714598,21648.430926531117,21648.430926531117,181.8987660201548,181.8987660201548,181.8987660201548,240.6950162915912,240.6950162915912,240.6950162915912,-58.796250271436406,-58.796250271436406,-58.796250271436406,0.0,0.0,0.0,21830.329692551273
2024-08-08,21648.83833009362,15916.100289048816,27533.723566676905,21648.83833009362,21648.83833009362,-14.920198260172745,-14.920198260172745,-14.920198260172745,15.713991664880947,15.713991664880947,15.713991664880947,-30.63418992505369,-30.63418992505369,-30.63418992505369,0.0,0.0,0.0,21633.918131833445
2024-08-09,21649.24573365612,15294.551344571712,26553.660653795436,21649.24573365612,21649.24573365612,-751.1389096784318,-751.1389096784318,-751.1389096784318,-747.3336135370547,-747.3336135370547,-747.3336135370547,-3.8052961413770703,-3.8052961413770703,-3.8052961413770703,0.0,0.0,0.0,20898.106823977687
2024-08-10,21649.653137218622,16656.70547747461,27790.933185676364,21649.653137218622,21649.653137218622,373.2153647374224,373.2153647374224,373.2153647374224,351.6530420941701,351.6530420941701,351.6530420941701,21.562322643252354,21.562322643252354,21.562322643252354,0.0,0.0,0.0,22022.868501956043
2024-08-11,21650.060540781124,16153.109332716174,27935.064930279394,21650.060540781124,21650.060540781124,280.20876929983814,280.20876929983814,280.20876929983814,234.81271771587691,234.81271771587691,234.81271771587691,45.396051583961274,45.396051583961274,45.396051583961274,0.0,0.0,0.0,21930.269310080963
2024-08-12,21650.467944343625,16493.23620686322,27761.462504120023,21650.467944343625,21650.467944343625,323.87182105794477,323.87182105794477,323.87182105794477,256.1974819069077,256.1974819069077,256.1974819069077,67.6743391510371,67.6743391510371,67.6743391510371,0.0,0.0,0.0,21974.33976540157
2024-08-13,21650.875347906127,15648.415547842722,27333.85836000107,21650.875347906127,21650.875347906127,-263.3177733396058,-263.3177733396058,-263.3177733396058,-351.73863613837455,-351.73863613837455,-351.73863613837455,88.4208627987687,88.4208627987687,88.4208627987687,0.0,0.0,0.0,21387.557574566523
2024-08-14,21651.28275146863,16453.80305496801,27865.574909700863,21651.28275146863,21651.28275146863,348.3925832779987,348.3925832779987,348.3925832779987,240.69501629343404,240.69501629343404,240.69501629343404,107.69756698456472,107.69756698456472,107.69756698456472,0.0,0.0,0.0,21999.67533474663
2024-08-15,21651.69015503113,16281.06773571848,26922.714498891342,21651.69015503113,21651.69015503113,141.31086812259755,141.31086812259755,141.31086812259755,15.71399166486331,15.71399166486331,15.71399166486331,125.59687645773425,125.59687645773425,125.59687645773425,0.0,0.0,0.0,21793.001023153727
2024-08-16,21652.097558593632,15174.632547582165,26833.621268839597,21652.097558593632,21652.097558593632,-605.1002100608608,-605.1002100608608,-605.1002100608608,-747.3336135376021,-747.3336135376021,-747.3336135376021,142.23340347674144,142.23340347674144,142.23340347674144,0.0,0.0,0.0,21046.997348532772
2024-08-17,21652.504962156134,16440.61844907074,27871.586712751578,21652.504962156134,21652.504962156134,509.3885144379589,509.3885144379589,509.3885144379589,351.6530420942625,351.6530420942625,351.6530420942625,157.7354723436964,157.7354723436964,157.7354723436964,0.0,0.0,0.0,22161.893476594094
2024-08-18,21652.912365718636,16375.777197121244,27211.789701546317,21652.912365718636,21652.912365718636,407.0494961681338,407.0494961681338,407.0494961681338,234.81271771584989,234.81271771584989,234.81271771584989,172.23677845228391,172.23677845228391,172.23677845228391,0.0,0.0,0.0,22059.961861886768
2024-08-19,21653.319769281137,16355.081592305509,27647.545838808466,21653.319769281137,21653.319769281137,442.06596430458677,442.06596430458677,442.06596430458677,256.19748190616764,256.19748190616764,256.19748190616764,185.8684823984191,185.8684823984191,185.8684823984191,0.0,0.0,0.0,22095.385733585725
2024-08-20,21653.72717284364,16051.817219121542,26790.649328811327,21653.72717284364,21653.72717284364,-152.98662276727407,-152.98662276727407,-152.98662276727407,-351.7386361396086,-351.7386361396086,-351.7386361396086,198.7520133723346,198.7520133723346,198.7520133723346,0.0,0.0,0.0,21500.740550076363
2024-08-21,21654.13457640614,16851.63320098271,28004.844636556816,21654.13457640614,21654.13457640614,451.6878374269921,451.6878374269921,451.6878374269921,240.69501629307766,240.69501629307766,240.69501629307766,210.9928211339144,210.9928211339144,210.9928211339144,0.0,0.0,0.0,22105.82241383313
2024-08-22,21654.541979968642,16295.325307467998,27712.464930358536,21654.541979968642,21654.541979968642,238.38926537212234,238.38926537212234,238.38926537212234,15.713991667547612,15.713991667547612,15.713991667547612,222.67527370457472,222.67527370457472,222.67527370457472,0.0,0.0,0.0,21892.931245340766
2024-08-23,21654.94938353114,15365.720328231993,26698.368573941803,21654.94938353114,21654.94938353114,-513.4747634929497,-513.4747634929497,-513.4747634929497,-747.3336135379104,-747.3336135379104,-747.3336135379104,233.8588500449607,233.8588500449607,233.8588500449607,0.0,0.0,0.0,21141.474620038192
2024-08-24,21655.356787093646,16079.52456632597,27934.179898124698,21655.356787093646,21655.356787093646,596.2287672545281,596.2287672545281,596.2287672545281,351.65304209576647,351.65304209576647,351.65304209576647,244.57572515876154,244.57572515876154,244.57572515876154,0.0,0.0,0.0,22251.585554348174
2024-08-25,21655.764190656148,16127.148928004157,27832.370702702618,21655.764190656148,21655.764190656148,489.64250879429835,489.64250879429835,489.64250879429835,234.81271771554975,234.81271771554975,234.81271771554975,254.82979107874866,254.82979107874866,254.82979107874866,0.0,0.0,0.0,22145.406699450446
2024-08-26,21656.171594218646,17187.614369262777,27724.376427279218,21656.171594218646,21656.171594218646,520.7945848326237,520.7945848326237,520.7945848326237,256.19748190662546,256.19748190662546,256.19748190662546,264.59710292599834,264.59710292599834,264.59710292599834,0.0,0.0,0.0,22176.96617905127
2024-08-27,21656.57899778115,15783.344783683187,26940.659011023723,21656.57899778115,21656.57899778115,-77.9109496087895,-77.9109496087895,-77.9109496087895,-351.7386361401797,-351.7386361401797,-351.7386361401797,273.82768653139027,273.82768653139027,273.82768653139027,0.0,0.0,0.0,21578.66804817236
2024-08-28,21656.986401343653,16512.274327328334,27948.586260563723,21656.986401343653,21656.986401343653,523.1436110381582,523.1436110381582,523.1436110381582,240.69501629492052,240.69501629492052,240.69501629492052,282.44859474323766,282.44859474323766,282.44859474323766,0.0,0.0,0.0,22180.13001238181
2024-08-29,21657.39380490615,16442.425540116295,27608.819260806235,21657.39380490615,21657.39380490615,306.08204681711106,306.08204681711106,306.08204681711106,15.713991667530008,15.713991667530008,15.713991667530008,290.3680551495811,290.3680551495811,290.3680551495811,0.0,0.0,0.0,21963.475851723262
2024-08-30,21657.801208468656,15490.259917411366,26313.047557369442,21657.801208468656,21657.801208468656,-449.8530995653253,-449.8530995653253,-449.8530995653253,-747.3336135382185,-747.3336135382185,-747.3336135382185,297.4805139728932,297.4805139728932,297.4805139728932,0.0,0.0,0.0,21207.948108903332
2024-08-31,21658.208612031158,16873.07838908266,28283.04294133968,21658.208612031158,21658.208612031158,655.3253926568555,655.3253926568555,655.3253926568555,351.65304209585895,351.65304209585895,351.65304209585895,303.67235056099656,303.67235056099656,303.67235056099656,0.0,0.0,0.0,22313.534004688012
2024-09-01,21658.616015593656,16649.072093642535,27762.314644796545,21658.616015593656,21658.616015593656,543.640732870486,543.640732870486,543.640732870486,234.8127177155228,234.8127177155228,234.8127177155228,308.82801515496305,308.82801515496305,308.82801515496305,0.0,0.0,0.0,22202.25674846414
2024-09-02,21659.02341915616,16788.490491966906,28031.421589270234,21659.02341915616,21659.02341915616,569.0338120121771,569.0338120121771,569.0338120121771,256.19748190708316,256.19748190708316,256.19748190708316,312.836330105094,312.836330105094,312.836330105094,0.0,0.0,0.0,22228.05723116834
2024-09-03,21659.430822718663,15790.548723309836,27293.436139091653,21659.430822718663,21659.430822718663,-36.141944364934304,-36.141944364934304,-36.141944364934304,-351.73863613952864,-351.73863613952864,-351.73863613952864,315.5966917745944,315.5966917745944,315.5966917745944,0.0,0.0,0.0,21623.288878353727
2024-09-04,21659.83822628116,16732.65104026785,27870.052616462694,21659.83822628116,21659.83822628116,557.7199332945233,557.7199332945233,557.7199332945233,240.6950162923648,240.6950162923648,240.6950162923648,317.02491700215853,317.02491700215853,317.02491700215853,0.0,0.0,0.0,22217.558159575685
2024-09-05,21660.245629843666,17054.348310099223,27477.93449009933,21660.245629843666,21660.245629843666,332.7724855684907,332.7724855684907,332.7724855684907,15.713991667512389,15.713991667512389,15.713991667512389,317.0584939009783,317.0584939009783,317.0584939009783,0.0,0.0,0.0,21993.018115412156
2024-09-06,21660.653033406168,15262.222562771947,26979.17099716621,21660.653033406168,21660.653033406168,-431.672592251443,-431.672592251443,-431.672592251443,-747.333613536982,-747.333613536982,-747.333613536982,315.661021285539,315.661021285539,315.661021285539,0.0,0.0,0.0,21228.980441154727
2024-09-07,21661.060436968666,16115.44510437494,27446.820569995376,21661.060436968666,21661.060436968666,664.4786953543583,664.4786953543583,664.4786953543583,351.65304209314587,351.65304209314587,351.65304209314587,312.82565326121244,312.82565326121244,312.82565326121244,0.0,0.0,0.0,22325.539132323025
2024-09-08,21661.46784053117,16590.36169996393,27930.27877093719,21661.46784053117,21661.46784053117,543.390121987582,543.390121987582,543.390121987582,234.812717715987,234.812717715987,234.812717715987,308.57740427159507,308.57740427159507,308.57740427159507,0.0,0.0,0.0,22204.857962518752
2024-09-09,21661.87524409367,16782.64515981336,27996.78483508252,21661.87524409367,21661.87524409367,559.1716957151349,559.1716957151349,559.1716957151349,256.1974819063432,256.1974819063432,256.1974819063432,302.9742138087917,302.9742138087917,302.9742138087917,0.0,0.0,0.0,22221.046939808806
2024-09-10,21662.28264765617,16038.314025189187,27017.93835328641,21662.28264765617,21662.28264765617,-55.63191866622882,-55.63191866622882,-55.63191866622882,-351.7386361388776,-351.7386361388776,-351.7386361388776,296.1067174726488,296.1067174726488,296.1067174726488,0.0,0.0,0.0,21606.650728989942
2024-09-11,21662.690051218677,16618.948190680443,27945.798726030866,21662.690051218677,21662.690051218677,528.7917367407749,528.7917367407749,528.7917367407749,240.69501629420768,240.69501629420768,240.69501629420768,288.0967204465672,288.0967204465672,288.0967204465672,0.0,0.0,0.0,22191.481787959452
2024-09-12,21663.097454781175,16429.08637560067,27509.920865357668,21663.097454781175,21663.097454781175,294.80841065639527,294.80841065639527,294.80841065639527,15.713991670196691,15.713991670196691,15.713991670196691,279.0944189861986,279.0944189861986,279.0944189861986,0.0,0.0,0.0,21957.90586543757
2024-09-13,21663.504858343676,15567.722316307874,26817.18512957582,21663.504858343676,21663.504858343676,-478.05915007546247,-478.05915007546247,-478.05915007546247,-747.3336135357455,-747.3336135357455,-747.3336135357455,269.274463460283,269.274463460283,269.274463460283,0.0,0.0,0.0,21185.445708268213
2024-09-14,21663.91226190618,16747.8108048117,27983.493567930564,21663.91226190618,21663.91226190618,610.4840432281104,610.4840432281104,610.4840432281104,351.6530420939441,351.6530420939441,351.6530420939441,258.8310011341664,258.8310011341664,258.8310011341664,0.0,0.0,0.0,22274.39630513429
2024-09-15,21664.31966546868,16863.004315969523,27713.8506315066,21664.31966546868,21664.31966546868,482.7845944006209,482.7845944006209,482.7845944006209,234.81271771623295,234.81271771623295,234.81271771623295,247.971876684388,247.971876684388,247.971876684388,0.0,0.0,0.0,22147.104259869302
2024-09-16,21664.72706903118,16975.80659819859,27380.08297201005,21664.72706903118,21664.72706903118,493.1096838426099,493.1096838426099,493.1096838426099,256.1974819056032,256.1974819056032,256.1974819056032,236.91220193700667,236.91220193700667,236.91220193700667,0.0,0.0,0.0,22157.83675287379
2024-09-17,21665.134472593687,15786.768893323482,26913.191232306493,21665.134472593687,21665.134472593687,-125.87110378704732,-125.87110378704732,-125.87110378704732,-351.73863614011174,-351.73863614011174,-351.73863614011174,225.86753235306446,225.86753235306446,225.86753235306446,0.0,0.0,0.0,21539.263368806638
2024-09-18,21665.541876156185,16877.467289539953,27774.88007365787,21665.541876156185,21665.541876156185,455.74192166045,455.74192166045,455.74192166045,240.69501629305688,240.69501629305688,240.69501629305688,215.04690536739307,215.04690536739307,215.04690536739307,0.0,0.0,0.0,22121.283797816635
2024-09-19,21665.949279718687,16028.418198697034,27414.35530196592,21665.949279718687,21665.949279718687,220.3599958301542,220.3599958301542,220.3599958301542,15.713991668101315,15.713991668101315,15.713991668101315,204.6460041620529,204.6460041620529,204.6460041620529,0.0,0.0,0.0,21886.30927554884
2024-09-20,21666.356683281192,15454.392969291925,26344.717288139655,21666.356683281192,21666.356683281192,-552.4929040742254,-552.4929040742254,-552.4929040742254,-747.3336135360537,-747.3336135360537,-747.3336135360537,194.8407094618283,194.8407094618283,194.8407094618283,0.0,0.0,0.0,21113.863779206968
2024-09-21,21666.76408684369,16564.572695114213,27896.22513332362,21666.76408684369,21666.76408684369,537.4343335194267,537.4343335194267,537.4343335194267,351.65304209474226,351.65304209474226,351.65304209474226,185.78129142468435,185.78129142468435,185.78129142468435,0.0,0.0,0.0,22204.19842036312
2024-09-22,21667.171490406192,16632.383046356314,27505.98328318819,21667.171490406192,21667.171490406192,412.40019167179537,412.40019167179537,412.40019167179537,234.8127177159329,234.8127177159329,234.8127177159329,177.58747395586246,177.58747395586246,177.58747395586246,0.0,0.0,0.0,22079.57168207799
2024-09-23,21667.578893968697,16505.293972895648,27574.29939221981,21667.578893968697,21667.578893968697,426.54205730118844,426.54205730118844,426.54205730118844,256.19748190743707,256.19748190743707,256.19748190743707,170.34457539375137,170.34457539375137,170.34457539375137,0.0,0.0,0.0,22094.120951269884
2024-09-24,21667.986297531195,15806.149104948601,27023.3344254273,21667.986297531195,21667.986297531195,-187.63774274975444,-187.63774274975444,-187.63774274975444,-351.738636141346,-351.738636141346,-351.738636141346,164.10089339159148,164.10089339159148,164.10089339159148,0.0,0.0,0.0,21480.34855478144
2024-09-25,21668.393701093697,16491.862622591674,27873.14975557261,21668.393701093697,21668.393701093697,399.5614754080979,399.5614754080979,399.5614754080979,240.69501629270047,240.69501629270047,240.69501629270047,158.86645911539748,158.86645911539748,158.86645911539748,0.0,0.0,0.0,22067.955176501793
2024-09-26,21668.801104656202,15702.739292243754,27105.294845787186,21668.801104656202,21668.801104656202,170.3272296739014,170.3272296739014,170.3272296739014,15.71399167016145,15.71399167016145,15.71399167016145,154.61323800373992,154.61323800373992,154.61323800373992,0.0,0.0,0.0,21839.128334330104
2024-09-27,21669.2085082187,15410.53025582682,26553.889818034047,21669.2085082187,21669.2085082187,-596.0568106787262,-596.0568106787262,-596.0568106787262,-747.3336135363619,-747.3336135363619,-747.3336135363619,151.27680285763572,151.27680285763572,151.27680285763572,0.0,0.0,0.0,21073.151697539975
2024-09-28,21669.615911781202,17017.344843109742,27702.79470460379,21669.615911781202,21669.615911781202,500.4124937910336,500.4124937910336,500.4124937910336,351.6530420948348,351.6530420948348,351.6530420948348,148.75945169619882,148.75945169619882,148.75945169619882,0.0,0.0,0.0,22170.028405572237
2024-09-29,21670.023315343708,16148.246323012694,27512.32885100573,21670.023315343708,21670.023315343708,381.74740712963796,381.74740712963796,381.74740712963796,234.81271771590582,234.81271771590582,234.81271771590582,146.93468941373206,146.93468941373206,146.93468941373206,0.0,0.0,0.0,22051.770722473346
2024-09-30,21670.430718906206,16930.466247095395,28016.699938523292,21670.430718906206,21670.430718906206,401.8504225662076,401.8504225662076,401.8504225662076,256.1974819078948,256.1974819078948,256.1974819078948,145.6529406583128,145.6529406583128,145.6529406583128,0.0,0.0,0.0,22072.281141472413
2024-10-01,21670.838122468707,15889.836034621625,27514.298762503262,21670.838122468707,21670.838122468707,-206.99032284174154,-206.99032284174154,-206.99032284174154,-351.73863614069495,-351.73863614069495,-351.73863614069495,144.74831329895338,144.74831329895338,144.74831329895338,0.0,0.0,0.0,21463.847799626965
2024-10-02,21671.24552603121,16891.213011852524,27730.389982655226,21671.24552603121,21671.24552603121,384.74120536928365,384.74120536928365,384.74120536928365,240.69501629234406,240.69501629234406,240.69501629234406,144.04618907693956,144.04618907693956,144.04618907693956,0.0,0.0,0.0,22055.98673140049
2024-10-03,21671.65292959371,16442.1739845062,27534.293263562908,21671.65292959371,21671.65292959371,159.08537374841245,159.08537374841245,159.08537374841245,15.713991668066091,15.713991668066091,15.713991668066091,143.37138208034636,143.37138208034636,143.37138208034636,0.0,0.0,0.0,21830.738303342125
2024-10-04,21672.060333156212,15815.382418184825,26481.343048817715,21672.060333156212,21672.060333156212,-604.7770356333556,-604.7770356333556,-604.7770356333556,-747.3336135369093,-747.3336135369093,-747.3336135369093,142.55657790355377,142.55657790355377,142.55657790355377,0.0,0.0,0.0,21067.283297522856
2024-10-05,21672.467736718714,16609.121644088445,27142.686195979917,21672.467736718714,21672.467736718714,493.10378992738526,493.10378992738526,493.10378992738526,351.6530420949273,351.6530420949273,351.6530420949273,141.450747832458,141.450747832458,141.450747832458,0.0,0.0,0.0,22165.5715266461
2024-10-06,21672.875140281216,16390.580179521334,27064.201080891977,21672.875140281216,21672.875140281216,374.73994167209736,374.73994167209736,374.73994167209736,234.81271771560574,234.81271771560574,234.81271771560574,139.92722395649156,139.92722395649156,139.92722395649156,0.0,0.0,0.0,22047.615081953314
2024-10-07,21673.282543843718,16380.930287837391,27703.98012264523,21673.282543843718,21673.282543843718,394.08860513011734,394.08860513011734,394.08860513011734,256.19748190595703,256.19748190595703,256.19748190595703,137.8911232241603,137.8911232241603,137.8911232241603,0.0,0.0,0.0,22067.371148973834
2024-10-08,21673.689947406216,15746.402424562155,27000.64319622385,21673.689947406216,21673.689947406216,-216.45281484381223,-216.45281484381223,-216.45281484381223,-351.73863614004375,-351.73863614004375,-351.73863614004375,135.28582129623155,135.28582129623155,135.28582129623155,0.0,0.0,0.0,21457.237132562404
2024-10-09,21674.09735096872,16573.418079378585,27316.245465727752,21674.09735096872,21674.09735096872,372.79321668706825,372.79321668706825,372.79321668706825,240.69501629119335,240.69501629119335,240.69501629119335,132.09820039587484,132.09820039587484,132.09820039587484,0.0,0.0,0.0,22046.890567655788
2024-10-10,21674.504754531223,15728.853531172457,28065.07370655314,21674.504754531223,21674.504754531223,144.07642034912578,144.07642034912578,144.07642034912578,15.713991668048454,15.713991668048454,15.713991668048454,128.36242868107732,128.36242868107732,128.36242868107732,0.0,0.0,0.0,21818.58117488035
2024-10-11,21674.912158093724,15080.973878837214,26383.821416717237,21674.912158093724,21674.912158093724,-623.1715424530777,-623.1715424530777,-623.1715424530777,-747.3336135356728,-747.3336135356728,-747.3336135356728,124.1620710825951,124.1620710825951,124.1620710825951,0.0,0.0,0.0,21051.740615640647
2024-10-12,21675.319561656226,16507.11010783825,27161.343137295386,21675.319561656226,21675.319561656226,471.2834239767685,471.2834239767685,471.2834239767685,351.6530420929199,351.6530420929199,351.6530420929199,119.63038188384857,119.63038188384857,119.63038188384857,0.0,0.0,0.0,22146.602985632995
2024-10-13,21675.726965218728,16383.529345316412,27440.099301403032,21675.726965218728,21675.726965218728,349.76140380990046,349.76140380990046,349.76140380990046,234.81271771557863,234.81271771557863,234.81271771557863,114.9486860943218,114.9486860943218,114.9486860943218,0.0,0.0,0.0,22025.48836902863
2024-10-14,21676.134368781226,16543.177171991592,27364.925816421284,21676.134368781226,21676.134368781226,366.5403001031755,366.5403001031755,366.5403001031755,256.1974819064148,256.1974819064148,256.1974819064148,110.34281819676076,110.34281819676076,110.34281819676076,0.0,0.0,0.0,22042.674668884403
2024-10-15,21676.54177234373,15625.296327227948,27052.643849626722,21676.54177234373,21676.54177234373,-245.66098489873858,-245.66098489873858,-245.66098489873858,-351.738636140615,-351.738636140615,-351.738636140615,106.07765124187638,106.07765124187638,106.07765124187638,0.0,0.0,0.0,21430.880787444992
2024-10-16,21676.949175906233,16427.70688039568,27674.50317482791,21676.949175906233,21676.949175906233,343.1448308022189,343.1448308022189,343.1448308022189,240.69501629083697,240.69501629083697,240.69501629083697,102.44981451138197,102.44981451138197,102.44981451138197,0.0,0.0,0.0,22020.094006708452
2024-10-17,21677.35657946873,16519.505055712816,27406.605469718237,21677.35657946873,21677.35657946873,115.49275367234449,115.49275367234449,115.49275367234449,15.713991665953095,15.713991665953095,15.713991665953095,99.7787620063914,99.7787620063914,99.7787620063914,0.0,0.0,0.0,21792.849333141075
2024-10-18,21677.763983031236,15621.357369276528,26463.294876960434,21677.763983031236,21677.763983031236,-648.9371987898733,-648.9371987898733,-648.9371987898733,-747.3336135375258,-747.3336135375258,-747.3336135375258,98.39641474765247,98.39641474765247,98.39641474765247,0.0,0.0,0.0,21028.826784241362
2024-10-19,21678.171386593738,16317.17025070222,27300.027262508145,21678.171386593738,21678.171386593738,450.2886973951368,450.2886973951368,450.2886973951368,351.6530420944238,351.6530420944238,351.6530420944238,98.635655300713,98.635655300713,98.635655300713,0.0,0.0,0.0,22128.460083988874
2024-10-20,21678.578790156236,16152.847677850636,27398.413830185913,21678.578790156236,21678.578790156236,335.630718875487,335.630718875487,335.630718875487,234.81271771604287,234.81271771604287,234.81271771604287,100.81800115944415,100.81800115944415,100.81800115944415,0.0,0.0,0.0,22014.209509031723
2024-10-21,21678.986193718738,16430.722277966448,27795.907784748593,21678.986193718738,21678.986193718738,361.43830485389736,361.43830485389736,361.43830485389736,256.1974819056748,256.1974819056748,256.1974819056748,105.24082294822261,105.24082294822261,105.24082294822261,0.0,0.0,0.0,22040.424498572636
2024-10-22,21679.393597281243,15554.298948472559,26907.062905382892,21679.393597281243,21679.393597281243,-239.57413376891643,-239.57413376891643,-239.57413376891643,-351.73863613996383,-351.73863613996383,-351.73863613996383,112.16450237104742,112.16450237104742,112.16450237104742,0.0,0.0,0.0,21439.819463512325
2024-10-23,21679.80100084374,16384.419777431893,27912.89152540808,21679.80100084374,21679.80100084374,362.4949585779077,362.4949585779077,362.4949585779077,240.69501629267978,240.69501629267978,240.69501629267978,121.79994228522793,121.79994228522793,121.79994228522793,0.0,0.0,0.0,22042.295959421648
2024-10-24,21680.208404406243,16245.768328123277,27208.167785023146,21680.208404406243,21680.208404406243,150.0108380452441,150.0108380452441,150.0108380452441,15.713991665935476,15.713991665935476,15.713991665935476,134.29684637930865,134.29684637930865,134.29684637930865,0.0,0.0,0.0,21830.219242451487
2024-10-25,21680.61580796875,15405.493680669386,26669.485061893585,21680.61580796875,21680.61580796875,-597.6004353187686,-597.6004353187686,-597.6004353187686,-747.3336135362891,-747.3336135362891,-747.3336135362891,149.7331782175206,149.7331782175206,149.7331782175206,0.0,0.0,0.0,21083.01537264998
2024-10-26,21681.023211531246,16666.97311350662,27426.94035235153,21681.023211531246,21681.023211531246,519.7592308994689,519.7592308994689,519.7592308994689,351.6530420945163,351.6530420945163,351.6530420945163,168.10618880495264,168.10618880495264,168.10618880495264,0.0,0.0,0.0,22200.782442430715
2024-10-27,21681.43061509375,16243.913487824566,28229.6899405021,21681.43061509375,21681.43061509375,424.13808634143555,424.13808634143555,424.13808634143555,234.8127177160159,234.8127177160159,234.8127177160159,189.32536862541977,189.32536862541977,189.32536862541977,0.0,0.0,0.0,22105.568701435182
2024-10-28,21681.838018656254,16763.559319834927,27936.947283867987,21681.838018656254,21681.838018656254,469.40511692964134,469.40511692964134,469.40511692964134,256.1974819061325,256.1974819061325,256.1974819061325,213.20763502350886,213.20763502350886,213.20763502350886,0.0,0.0,0.0,22151.243135585893
2024-10-29,21682.24542221875,16288.234191662392,27194.9146777714,21682.24542221875,21682.24542221875,-112.2636262263218,-112.2636262263218,-112.2636262263218,-351.7386361393128,-351.7386361393128,-351.7386361393128,239.475009912991,239.475009912991,239.475009912991,0.0,0.0,0.0,21569.98179599243
2024-10-30,21682.652825781253,16568.17679846372,27710.656064002313,21682.652825781253,21682.652825781253,508.44999381035495,508.44999381035495,508.44999381035495,240.69501629012413,240.69501629012413,240.69501629012413,267.7549775202308,267.7549775202308,267.7549775202308,0.0,0.0,0.0,22191.102819591608
2024-10-31,21683.06022934376,16328.448400538004,27337.293853557116,21683.06022934376,21683.06022934376,313.29763061586266,313.29763061586266,313.29763061586266,15.713991668619794,15.713991668619794,15.713991668619794,297.58363894724283,297.58363894724283,297.58363894724283,0.0,0.0,0.0,21996.357859959622
2024-11-01,21683.467632906257,15278.160307818953,26499.913685455012,21683.467632906257,21683.467632906257,-418.9219117573757,-418.9219117573757,-418.9219117573757,-747.3336135365975,-747.3336135365975,-747.3336135365975,328.4117017792217,328.4117017792217,328.4117017792217,0.0,0.0,0.0,21264.545721148883
2024-11-02,21683.87503646876,16846.05129949573,27923.789007272215,21683.87503646876,21683.87503646876,711.2663030389175,711.2663030389175,711.2663030389175,351.6530420946088,351.6530420946088,351.6530420946088,359.6132609443086,359.6132609443086,359.6132609443086,0.0,0.0,0.0,22395.141339507674
2024-11-03,21684.282440031264,16447.02984298616,28395.032775630705,21684.282440031264,21684.282440031264,625.3099616610323,625.3099616610323,625.3099616610323,234.8127177157157,234.8127177157157,234.8127177157157,390.49724394531654,390.49724394531654,390.49724394531654,0.0,0.0,0.0,22309.592401692295
2024-11-04,21684.689843593762,16963.05290908017,28195.988149447236,21684.689843593762,21684.689843593762,676.5187937298738,676.5187937298738,676.5187937298738,256.1974819053925,256.1974819053925,256.1974819053925,420.3213118244813,420.3213118244813,420.3213118244813,0.0,0.0,0.0,22361.208637323634
2024-11-05,21685.097247156264,15980.82187060935,27294.226239849595,21685.097247156264,21685.097247156264,96.56929310534288,96.56929310534288,96.56929310534288,-351.7386361417691,-351.7386361417691,-351.7386361417691,448.307929247112,448.307929247112,448.307929247112,0.0,0.0,0.0,21781.666540261605
2024-11-06,21685.50465071877,16973.39825941955,27418.573562296573,21685.50465071877,21685.50465071877,714.3572615500887,714.3572615500887,714.3572615500887,240.695016291967,240.695016291967,240.695016291967,473.66224525812174,473.66224525812174,473.66224525812174,0.0,0.0,0.0,22399.861912268858
2024-11-07,21685.912054281267,16210.128065798022,27763.976178520617,21685.912054281267,21685.912054281267,511.3053544774008,511.3053544774008,511.3053544774008,15.713991668602175,15.713991668602175,15.713991668602175,495.5913628087986,495.5913628087986,495.5913628087986,0.0,0.0,0.0,22197.217408758668
2024-11-08,21686.31945784377,15550.09105855974,27053.186222798002,21686.31945784377,21686.31945784377,-234.00909143338885,-234.00909143338885,-234.00909143338885,-747.3336135371449,-747.3336135371449,-747.3336135371449,513.324522103756,513.324522103756,513.324522103756,0.0,0.0,0.0,21452.31036641038
2024-11-09,21686.726861406274,16988.265770044283,28063.99891703358,21686.726861406274,21686.726861406274,877.7867240165378,877.7867240165378,877.7867240165378,351.653042095407,351.653042095407,351.653042095407,526.1336819211309,526.1336819211309,526.1336819211309,0.0,0.0,0.0,22564.513585422814
2024-11-10,21687.134264968772,17000.076163807713,27644.227899761412,21687.134264968772,21687.134264968772,768.1666734850307,768.1666734850307,768.1666734850307,234.81271771596184,234.81271771596184,234.81271771596184,533.3539557690689,533.3539557690689,533.3539557690689,0.0,0.0,0.0,22455.3009384538
2024-11-11,21687.541668531274,16883.161775882414,28108.180255642626,21687.541668531274,21687.541668531274,790.6008290080786,790.6008290080786,790.6008290080786,256.19748190722646,256.19748190722646,256.19748190722646,534.403347100852,534.403347100852,534.403347100852,0.0,0.0,0.0,22478.142497539353
2024-11-12,21687.949072093772,16179.602778614295,27353.98247612776,21687.949072093772,21687.949072093772,177.0625943562191,177.0625943562191,177.0625943562191,-351.7386361392329,-351.7386361392329,-351.7386361392329,528.8012304954519,528.8012304954519,528.8012304954519,0.0,0.0,0.0,21865.01166644999
2024-11-13,21688.356475656277,17102.47594025405,27880.791241818086,21688.356475656277,21688.356475656277,756.8800602244343,756.8800602244343,756.8800602244343,240.69501629380983,240.69501629380983,240.69501629380983,516.1850439306244,516.1850439306244,516.1850439306244,0.0,0.0,0.0,22445.23653588071
2024-11-14,21688.76387921878,16459.475787216837,27891.717361178497,21688.76387921878,21688.76387921878,512.0386824979382,512.0386824979382,512.0386824979382,15.713991666506798,15.713991666506798,15.713991666506798,496.32469083143144,496.32469083143144,496.32469083143144,0.0,0.0,0.0,22200.80256171672
2024-11-15,21689.171282781277,15305.86688359831,26796.74927027836,21689.171282781277,21689.171282781277,-278.1994147437724,-278.1994147437724,-278.1994147437724,-747.3336135374531,-747.3336135374531,-747.3336135374531,469.13419879368064,469.13419879368064,469.13419879368064,0.0,0.0,0.0,21410.971868037504
2024-11-16,21689.578686343782,16950.00512767067,27993.415837678906,21689.578686343782,21689.578686343782,786.3332857675116,786.3332857675116,786.3332857675116,351.6530420919883,351.6530420919883,351.6530420919883,434.6802436755234,434.6802436755234,434.6802436755234,0.0,0.0,0.0,22475.911972111295
2024-11-17,21689.986089906284,16707.767732980887,27898.1061136284,21689.986089906284,21689.986089906284,627.9999393506035,627.9999393506035,627.9999393506035,234.8127177156617,234.8127177156617,234.8127177156617,393.1872216349418,393.1872216349418,393.1872216349418,0.0,0.0,0.0,22317.98602925689
2024-11-18,21690.393493468782,16857.655137041565,28080.713680740482,21690.393493468782,21690.393493468782,601.2361176982655,601.2361176982655,601.2361176982655,256.1974819064864,256.1974819064864,256.1974819064864,345.03863579177903,345.03863579177903,345.03863579177903,0.0,0.0,0.0,22291.62961116705
2024-11-19,21690.800897031288,15959.38369342408,27055.85850551324,21690.800897031288,21690.800897031288,-60.96397978679913,-60.96397978679913,-60.96397978679913,-351.7386361404669,-351.7386361404669,-351.7386361404669,290.7746563536678,290.7746563536678,290.7746563536678,0.0,0.0,0.0,21629.836917244487
2024-11-20,21691.20830059379,16977.44066132358,27708.4561363198,21691.20830059379,21691.20830059379,471.7808271072722,471.7808271072722,471.7808271072722,240.69501629345342,240.69501629345342,240.69501629345342,231.08581081381874,231.08581081381874,231.08581081381874,0.0,0.0,0.0,22162.98912770106
2024-11-21,21691.615704156287,16331.942903758878,27347.281345197625,21691.615704156287,21691.615704156287,182.51685327354474,182.51685327354474,182.51685327354474,15.713991668566933,15.713991668566933,15.713991668566933,166.80286160497778,166.80286160497778,166.80286160497778,0.0,0.0,0.0,21874.13255742983
2024-11-22,21692.023107718793,15947.183171588922,26346.268744298366,21692.023107718793,21692.023107718793,-648.4505839287789,-648.4505839287789,-648.4505839287789,-747.3336135377613,-747.3336135377613,-747.3336135377613,98.8830296089823,98.8830296089823,98.8830296089823,0.0,0.0,0.0,21043.572523790015
2024-11-23,21692.430511281294,16402.076806458048,27382.417285564028,21692.430511281294,21692.430511281294,380.04586251038387,380.04586251038387,380.04586251038387,351.6530420934921,351.6530420934921,351.6530420934921,28.392820416891723,28.392820416891723,28.392820416891723,0.0,0.0,0.0,22072.47637379168
2024-11-24,21692.837914843793,16156.783872449547,27267.410903205157,21692.837914843793,21692.837914843793,191.30052117363547,191.30052117363547,191.30052117363547,234.81271771536157,234.81271771536157,234.81271771536157,-43.5121965417261,-43.5121965417261,-43.5121965417261,0.0,0.0,0.0,21884.138436017427
2024-11-25,21693.245318406298,16299.426800105863,27705.96559568589,21693.245318406298,21693.245318406298,140.58726133235146,140.58726133235146,140.58726133235146,256.19748190574643,256.19748190574643,256.19748190574643,-115.61022057339494,-115.61022057339494,-115.61022057339494,0.0,0.0,0.0,21833.83257973865
2024-11-26,21693.6527219688,15487.733482292495,26775.914438097465,21693.6527219688,21693.6527219688,-538.376789722633,-538.376789722633,-538.376789722633,-351.738636139816,-351.738636139816,-351.738636139816,-186.638153582817,-186.638153582817,-186.638153582817,0.0,0.0,0.0,21155.275932246168
2024-11-27,21694.060125531298,16299.379760156862,27066.311351180633,21694.060125531298,21694.060125531298,-14.623046046454824,-14.623046046454824,-14.623046046454824,240.695016294502,240.695016294502,240.695016294502,-255.3180623409568,-255.3180623409568,-255.3180623409568,0.0,0.0,0.0,21679.437079484844
2024-11-28,21694.467529093803,16136.521802645319,27528.246788377055,21694.467529093803,21694.467529093803,-304.6705565013176,-304.6705565013176,-304.6705565013176,15.713991666471575,15.713991666471575,15.713991666471575,-320.38454816778915,-320.38454816778915,-320.38454816778915,0.0,0.0,0.0,21389.796972592485
2024-11-29,21694.874932656305,15039.411656818373,26087.614619836353,21694.874932656305,21694.874932656305,-1127.9459842831357,-1127.9459842831357,-1127.9459842831357,-747.3336135380695,-747.3336135380695,-747.3336135380695,-380.61237074506613,-380.61237074506613,-380.61237074506613,0.0,0.0,0.0,20566.92894837317
2024-11-30,21695.282336218803,15915.489351792297,27420.273421349997,21695.282336218803,21695.282336218803,-83.190615255241,-83.190615255241,-83.190615255241,351.65304209358465,351.65304209358465,351.65304209358465,-434.8436573488256,-434.8436573488256,-434.8436573488256,0.0,0.0,0.0,21612.091720963563
2024-12-01,21695.689739781308,15774.338509155694,27163.555447800067,21695.689739781308,21695.689739781308,-247.20131308972387,-247.20131308972387,-247.20131308972387,234.81271771533457,234.81271771533457,234.81271771533457,-482.01403080505844,-482.01403080505844,-482.01403080505844,0.0,0.0,0.0,21448.488426691583
2024-12-02,21696.09714334381,15575.320576005155,26861.498064338284,21696.09714334381,21696.09714334381,-264.9795271198298,-264.9795271198298,-264.9795271198298,256.19748190758025,256.19748190758025,256.19748190758025,-521.1770090274101,-521.1770090274101,-521.1770090274101,0.0,0.0,0.0,21431.11761622398
2024-12-03,21696.504546906308,15116.373475623133,26668.729548824904,21696.504546906308,21696.504546906308,-903.2647018594419,-903.2647018594419,-903.2647018594419,-351.7386361391648,-351.7386361391648,-351.7386361391648,-551.5260657202771,-551.5260657202771,-551.5260657202771,0.0,0.0,0.0,20793.239845046865
2024-12-04,21696.911950468813,15797.669651008991,27395.901416417735,21696.911950468813,21696.911950468813,-331.7187785538829,-331.7187785538829,-331.7187785538829,240.69501629194627,240.69501629194627,240.69501629194627,-572.4137948458292,-572.4137948458292,-572.4137948458292,0.0,0.0,0.0,21365.19317191493
2024-12-05,21697.319354031315,15637.315127597118,26297.59844755645,21697.319354031315,21697.319354031315,-567.6536978045904,-567.6536978045904,-567.6536978045904,15.713991671233616,15.713991671233616,15.713991671233616,-583.3676894758239,-583.3676894758239,-583.3676894758239,0.0,0.0,0.0,21129.665656226724
2024-12-06,21697.726757593813,14830.330639078273,26288.929108372733,21697.726757593813,21697.726757593813,-1331.435740442043,-1331.435740442043,-1331.435740442043,-747.333613536833,-747.333613536833,-747.333613536833,-584.10212690521,-584.10212690521,-584.10212690521,0.0,0.0,0.0,20366.29101715177
2024-12-07,21698.13416115632,16021.17184788873,27452.828512450036,21698.13416115632,21698.13416115632,-222.87320223199956,-222.87320223199956,-222.87320223199956,351.6530420943828,351.6530420943828,351.6530420943828,-574.5262443263823,-574.5262443263823,-574.5262443263823,0.0,0.0,0.0,21475.26095892432
2024-12-08,21698.54156471882,15615.428012523555,26806.403660754047,21698.54156471882,21698.54156471882,-319.9347727713839,-319.9347727713839,-319.9347727713839,234.81271771552565,234.81271771552565,234.81271771552565,-554.7474904869096,-554.7474904869096,-554.7474904869096,0.0,0.0,0.0,21378.606791947437
2024-12-09,21698.94896828132,16066.136645930463,27068.626070409555,21698.94896828132,21698.94896828132,-268.8732640219285,-268.8732640219285,-268.8732640219285,256.197481908038,256.197481908038,256.197481908038,-525.0707459299665,-525.0707459299665,-525.0707459299665,0.0,0.0,0.0,21430.07570425939
2024-12-10,21699.356371843824,15384.498892664456,26675.53383373202,21699.356371843824,21699.356371843824,-837.7316509169062,-837.7316509169062,-837.7316509169062,-351.73863613851375,-351.73863613851375,-351.73863613851375,-485.99301477839265,-485.99301477839265,-485.99301477839265,0.0,0.0,0.0,20861.624720926917
2024-12-11,21699.76377540632,15551.913891630726,27063.937663766086,21699.76377540632,21699.76377540632,-197.4987853283691,-197.4987853283691,-197.4987853283691,240.69501629378917,240.69501629378917,240.69501629378917,-438.1938016221583,-438.1938016221583,-438.1938016221583,0.0,0.0,0.0,21502.264990077954
2024-12-12,21700.171178968823,15511.374243886688,26775.014770215155,21700.171178968823,21700.171178968823,-366.80740327629206,-366.80740327629206,-366.80740327629206,15.713991669138242,15.713991669138242,15.713991669138242,-382.5213949454303,-382.5213949454303,-382.5213949454303,0.0,0.0,0.0,21333.36377569253
2024-12-13,21700.57858253133,14847.431764205814,26402.19749675621,21700.57858253133,21700.57858253133,-1067.3089943126304,-1067.3089943126304,-1067.3089943126304,-747.3336135373804,-747.3336135373804,-747.3336135373804,-319.97538077525,-319.97538077525,-319.97538077525,0.0,0.0,0.0,20633.2695882187
2024-12-14,21700.98598609383,16667.879109518155,27429.609064210716,21700.98598609383,21700.98598609383,99.96723797458364,99.96723797458364,99.96723797458364,351.653042095181,351.653042095181,351.653042095181,-251.68580412059734,-251.68580412059734,-251.68580412059734,0.0,0.0,0.0,21800.953224068413
2024-12-15,21701.39338965633,15929.496140736346,27066.978121874312,21701.39338965633,21701.39338965633,55.92323896535455,55.92323896535455,55.92323896535455,234.81271771577173,234.81271771577173,234.81271771577173,-178.88947875041723,-178.88947875041723,-178.88947875041723,0.0,0.0,0.0,21757.316628621684
2024-12-16,21701.800793218834,15969.383876979218,27636.91973214264,21701.800793218834,21701.800793218834,153.293466166761,153.293466166761,153.293466166761,256.19748190610017,256.19748190610017,256.19748190610017,-102.90401573933921,-102.90401573933921,-102.90401573933921,0.0,0.0,0.0,21855.094259385594
2024-12-17,21702.208196781332,15696.396815785783,26805.63488832567,21702.208196781332,21702.208196781332,-376.8388322402278,-376.8388322402278,-376.8388322402278,-351.738636139748,-351.738636139748,-351.738636139748,-25.100196100479938,-25.100196100479938,-25.100196100479938,0.0,0.0,0.0,21325.369364541104
2024-12-18,21702.615600343834,16430.04413061485,27366.22253124951,21702.615600343834,21702.615600343834,293.8216649950337,293.8216649950337,293.8216649950337,240.69501629343273,240.69501629343273,240.69501629343273,53.126648701600985,53.126648701600985,53.126648701600985,0.0,0.0,0.0,21996.437265338867
2024-12-19,21703.02300390634,16283.891130135498,27789.09125465643,21703.02300390634,21703.02300390634,146.09955519402413,146.09955519402413,146.09955519402413,15.713991667042881,15.713991667042881,15.713991667042881,130.38556352698126,130.38556352698126,130.38556352698126,0.0,0.0,0.0,21849.122559100364
2024-12-20,21703.430407468837,15460.65375994686,26447.581402552674,21703.430407468837,21703.430407468837,-542.0150978513051,-542.0150978513051,-542.0150978513051,-747.3336135361437,-747.3336135361437,-747.3336135361437,205.3185156848387,205.3185156848387,205.3185156848387,0.0,0.0,0.0,21161.415309617532
2024-12-21,21703.83781103134,17115.851632863032,28077.44825788703,21703.83781103134,21703.83781103134,628.2809294165806,628.2809294165806,628.2809294165806,351.6530420959792,351.6530420959792,351.6530420959792,276.62788732060153,276.62788732060153,276.62788732060153,0.0,0.0,0.0,22332.11874044792
2024-12-22,21704.24521459384,16906.430069937018,28080.892543025213,21704.24521459384,21704.24521459384,577.9149910354786,577.9149910354786,577.9149910354786,234.81271771574478,234.81271771574478,234.81271771574478,343.1022733197338,343.1022733197338,343.1022733197338,0.0,0.0,0.0,22282.16020562932
2024-12-23,21704.652618156342,16631.240583336083,27727.56126122251,21704.652618156342,21704.652618156342,659.8374747473435,659.8374747473435,659.8374747473435,256.19748190655804,256.19748190655804,256.19748190655804,403.6399928407855,403.6399928407855,403.6399928407855,0.0,0.0,0.0,22364.490092903685
2024-12-24,21705.060021718844,16179.140101039433,27433.760390746746,21705.060021718844,21705.060021718844,105.53115042131321,105.53115042131321,105.53115042131321,-351.73863614031904,-351.73863614031904,-351.73863614031904,457.26978656163226,457.26978656163226,457.26978656163226,0.0,0.0,0.0,21810.591172140157
2024-12-25,21705.467425281346,16634.35493172547,27966.98921696718,21705.467425281346,21705.467425281346,743.8632652829906,743.8632652829906,743.8632652829906,240.69501629307632,240.69501629307632,240.69501629307632,503.1682489899143,503.1682489899143,503.1682489899143,0.0,0.0,0.0,22449.330690564337
2024-12-26,21705.874828843847,16556.382982943247,28391.3904658039,21705.874828843847,21705.874828843847,556.3876252094863,556.3876252094863,556.3876252094863,15.713991669103017,15.713991669103017,15.713991669103017,540.6736335403832,540.6736335403832,540.6736335403832,0.0,0.0,0.0,22262.262454053332
2024-12-27,21706.28223240635,16067.54281789224,26891.77079715905,21706.28223240635,21706.28223240635,-178.03784847382389,-178.03784847382389,-178.03784847382389,-747.3336135379967,-747.3336135379967,-747.3336135379967,569.2957650641729,569.2957650641729,569.2957650641729,0.0,0.0,0.0,21528.244383932524
2024-12-28,21706.68963596885,16894.226684995458,28400.338960060322,21706.68963596885,21706.68963596885,940.3749394835841,940.3749394835841,940.3749394835841,351.65304209607166,351.65304209607166,351.65304209607166,588.7218973875124,588.7218973875124,588.7218973875124,0.0,0.0,0.0,22647.064575452434
2024-12-29,21707.097039531352,17262.37637564607,28008.168034019945,21707.097039531352,21707.097039531352,833.6311770590413,833.6311770590413,833.6311770590413,234.8127177162088,234.8127177162088,234.8127177162088,598.8184593428324,598.8184593428324,598.8184593428324,0.0,0.0,0.0,22540.728216590393
2024-12-30,21707.504443093854,17249.638443531305,28264.687202148714,21707.504443093854,21707.504443093854,855.8262207099717,855.8262207099717,855.8262207099717,256.1974819070158,256.1974819070158,256.1974819070158,599.628738802956,599.628738802956,599.628738802956,0.0,0.0,0.0,22563.330663803827
2024-12-31,21707.911846656356,16412.759450808786,27593.15855274534,21707.911846656356,21707.911846656356,239.62802132070232,239.62802132070232,239.62802132070232,-351.73863614155323,-351.73863614155323,-351.73863614155323,591.3666574622556,591.3666574622556,591.3666574622556,0.0,0.0,0.0,21947.53986797706
2025-01-01,21708.319250218858,17328.34785571963,28153.966669531357,21708.319250218858,21708.319250218858,815.1019030139092,815.1019030139092,815.1019030139092,240.6950162927199,240.6950162927199,240.6950162927199,574.4068867211893,574.4068867211893,574.4068867211893,0.0,0.0,0.0,22523.421153232768
2025-01-02,21708.72665378136,16326.981097240698,28035.585958733267,21708.72665378136,21708.72665378136,564.9856360581202,564.9856360581202,564.9856360581202,15.713991667007658,15.713991667007658,15.713991667007658,549.2716443911125,549.2716443911125,549.2716443911125,0.0,0.0,0.0,22273.71228983948
2025-01-03,21709.13405734386,15767.21991798986,26828.089410077035,21709.13405734386,21709.13405734386,-230.71902287807248,-230.71902287807248,-230.71902287807248,-747.3336135367603,-747.3336135367603,-747.3336135367603,516.6145906586878,516.6145906586878,516.6145906586878,0.0,0.0,0.0,21478.41503446579
2025-01-04,21709.541460906363,16950.890076001724,28308.06314314423,21709.541460906363,21709.541460906363,828.8553498652622,828.8553498652622,828.8553498652622,351.65304209335864,351.65304209335864,351.65304209335864,477.2023077719034,477.2023077719034,477.2023077719034,0.0,0.0,0.0,22538.396810771625
2025-01-05,21709.948864468864,16725.023632692693,27910.209695956808,21709.948864468864,21709.948864468864,666.7066172543023,666.7066172543023,666.7066172543023,234.81271771590878,234.81271771590878,234.81271771590878,431.8938995383936,431.8938995383936,431.8938995383936,0.0,0.0,0.0,22376.655481723166
2025-01-06,21710.356268031366,16817.154397643975,27908.44706020517,21710.356268031366,21710.356268031366,637.8167646205605,637.8167646205605,637.8167646205605,256.197481905078,256.197481905078,256.197481905078,381.6192827154826,381.6192827154826,381.6192827154826,0.0,0.0,0.0,22348.17303265193
2025-01-07,21710.763671593868,16008.63856308096,27239.67195979937,21710.763671593868,21710.763671593868,-24.381874245227895,-24.381874245227895,-24.381874245227895,-351.7386361390169,-351.7386361390169,-351.7386361390169,327.35676189378904,327.35676189378904,327.35676189378904,0.0,0.0,0.0,21686.38179734864
2025-01-08,21711.17107515637,16769.68794342172,27899.00047412248,21711.17107515637,21711.17107515637,510.80549851621566,510.80549851621566,510.80549851621566,240.69501629156912,240.69501629156912,240.69501629156912,270.1104822246465,270.1104822246465,270.1104822246465,0.0,0.0,0.0,22221.976573672586
2025-01-09,21711.57847871887,16416.918158261866,27548.829197835836,21711.57847871887,21711.57847871887,226.60233213639737,226.60233213639737,226.60233213639737,15.71399166969196,15.71399166969196,15.71399166969196,210.88834046670542,210.88834046670542,210.88834046670542,0.0,0.0,0.0,21938.18081085527
2025-01-10,21711.985882281373,15460.07302120399,26530.03602810399,21711.985882281373,21711.985882281373,-596.6527085674712,-596.6527085674712,-596.6527085674712,-747.3336135355237,-747.3336135355237,-747.3336135355237,150.68090496805246,150.68090496805246,150.68090496805246,0.0,0.0,0.0,21115.3331737139
2025-01-11,21712.393285843875,16517.68728852698,27353.859481719028,21712.393285843875,21712.393285843875,442.09489254118307,442.09489254118307,442.09489254118307,351.6530420934512,351.6530420934512,351.6530420934512,90.44185044773191,90.44185044773191,90.44185044773191,0.0,0.0,0.0,22154.488178385058
2025-01-12,21712.800689406376,16717.09786908648,27597.09899164724,21712.800689406376,21712.800689406376,265.8830730339089,265.8830730339089,265.8830730339089,234.8127177158818,234.8127177158818,234.8127177158818,31.070355318027108,31.070355318027108,31.070355318027108,0.0,0.0,0.0,21978.683762440287
2025-01-13,21713.208092968875,16230.724194926594,27434.57169941768,21713.208092968875,21713.208092968875,229.59332158001774,229.59332158001774,229.59332158001774,256.1974819055357,256.1974819055357,256.1974819055357,-26.604160325518002,-26.604160325518002,-26.604160325518002,0.0,0.0,0.0,21942.801414548892
2025-01-14,21713.61549653138,15385.438253272105,26311.822441224143,21713.61549653138,21713.61549653138,-433.5732929478421,-433.5732929478421,-433.5732929478421,-351.7386361402511,-351.7386361402511,-351.7386361402511,-81.83465680759102,-81.83465680759102,-81.83465680759102,0.0,0.0,0.0,21280.042203583536
2025-01-15,21714.022900093878,16049.225489602763,27151.46298454685,21714.022900093878,21714.022900093878,106.72877274490915,106.72877274490915,106.72877274490915,240.69501629121268,240.69501629121268,240.69501629121268,-133.96624354630353,-133.96624354630353,-133.96624354630353,0.0,0.0,0.0,21820.751672838785
2025-01-16,21714.43030365638,15980.815861956427,27046.698882645273,21714.43030365638,21714.43030365638,-166.72897900705686,-166.72897900705686,-166.72897900705686,15.713991667596586,15.713991667596586,15.713991667596586,-182.44297067465342,-182.44297067465342,-182.44297067465342,0.0,0.0,0.0,21547.701324649322
2025-01-17,21714.837707218885,15104.146015573808,25844.658776022625,21714.837707218885,21714.837707218885,-974.1452248833124,-974.1452248833124,-974.1452248833124,-747.3336135373767,-747.3336135373767,-747.3336135373767,-226.81161134593575,-226.81161134593575,-226.81161134593575,0.0,0.0,0.0,20740.692482335573
2025-01-18,21715.245110781383,16093.288407946517,27007.237182050543,21715.245110781383,21715.245110781383,84.93054955640052,84.93054955640052,84.93054955640052,351.6530420956607,351.6530420956607,351.6530420956607,-266.7224925392602,-266.7224925392602,-266.7224925392602,0.0,0.0,0.0,21800.175660337783
2025-01-19,21715.652514343885,16223.755868372502,26812.84815748855,21715.652514343885,21715.652514343885,-67.11480057098905,-67.11480057098905,-67.11480057098905,234.81271771585472,234.81271771585472,234.81271771585472,-301.92751828684374,-301.92751828684374,-301.92751828684374,0.0,0.0,0.0,21648.537713772897
2025-01-20,21716.05991790639,15956.385901389734,27176.566470141934,21716.05991790639,21716.05991790639,-76.07812694301099,-76.07812694301099,-76.07812694301099,256.1974819073696,256.1974819073696,256.1974819073696,-332.27560885038054,-332.27560885038054,-332.27560885038054,0.0,0.0,0.0,21639.98179096338
2025-01-21,21716.46732146889,15060.143178603272,26115.9195699639,21716.46732146889,21716.46732146889,-709.4444863172872,-709.4444863172872,-709.4444863172872,-351.7386361414852,-351.7386361414852,-351.7386361414852,-357.7058501758021,-357.7058501758021,-357.7058501758021,0.0,0.0,0.0,21007.0228351516
2025-01-22,21716.87472503139,16138.338652421666,27582.30872909831,21716.87472503139,21716.87472503139,-137.54369160753518,-137.54369160753518,-137.54369160753518,240.69501629305557,240.69501629305557,240.69501629305557,-378.2387079005908,-378.2387079005908,-378.2387079005908,0.0,0.0,0.0,21579.331033423856
2025-01-23,21717.282128593895,15879.138559020541,27028.14548231463,21717.282128593895,21717.282128593895,-378.25171596491447,-378.25171596491447,-378.25171596491447,15.713991667578965,15.713991667578965,15.713991667578965,-393.9657076324934,-393.9657076324934,-393.9657076324934,0.0,0.0,0.0,21339.03041262898
2025-01-24,21717.689532156393,14711.38903839145,26094.82339019289,21717.689532156393,21717.689532156393,-1152.3716303906117,-1152.3716303906117,-1152.3716303906117,-747.3336135361401,-747.3336135361401,-747.3336135361401,-405.0380168544716,-405.0380168544716,-405.0380168544716,0.0,0.0,0.0,20565.317901765782
2025-01-25,21718.096935718895,15983.3237471723,27159.804187127964,21718.096935718895,21718.096935718895,-60.0013407115519,-60.0013407115519,-60.0013407115519,351.653042092242,351.653042092242,351.653042092242,-411.65438280379396,-411.65438280379396,-411.65438280379396,0.0,0.0,0.0,21658.095595007344
2025-01-26,21718.5043392814,16028.445913521842,26974.65177565143,21718.5043392814,21718.5043392814,-179.2361669096831,-179.2361669096831,-179.2361669096831,234.81271771582772,234.81271771582772,234.81271771582772,-414.0488846255108,-414.0488846255108,-414.0488846255108,0.0,0.0,0.0,21539.268172371718
2025-01-27,21718.9117428439,15716.476947730067,27251.98777214104,21718.9117428439,21718.9117428439,-156.28146518415556,-156.28146518415556,-156.28146518415556,256.19748190782735,256.19748190782735,256.19748190782735,-412.4789470919829,-412.4789470919829,-412.4789470919829,0.0,0.0,0.0,21562.630277659744
2025-01-28,21719.3191464064,15278.930057147207,26203.500596603804,21719.3191464064,21719.3191464064,-758.9526738808623,-758.9526738808623,-758.9526738808623,-351.738636138949,-351.738636138949,-351.738636138949,-407.21403774191344,-407.21403774191344,-407.21403774191344,0.0,0.0,0.0,20960.366472525537
2025-01-29,21719.726549968906,16016.775043424113,27107.7365990092,21719.726549968906,21719.726549968906,-157.83041411857272,-157.83041411857272,-157.83041411857272,240.6950162904999,240.6950162904999,240.6950162904999,-398.5254304090726,-398.5254304090726,-398.5254304090726,0.0,0.0,0.0,21561.896135850333
2025-01-30,21720.133953531404,16034.579659306699,27242.46751282249,21720.133953531404,21720.133953531404,-370.96337550608456,-370.96337550608456,-370.96337550608456,15.713991667561345,15.713991667561345,15.713991667561345,-386.6773671736459,-386.6773671736459,-386.6773671736459,0.0,0.0,0.0,21349.170578025318
2025-01-31,21720.541357093905,14754.354359362416,26039.503252671762,21720.541357093905,21720.541357093905,-1119.2535030785632,-1119.2535030785632,-1119.2535030785632,-747.3336135366876,-747.3336135366876,-747.3336135366876,-371.9198895418755,-371.9198895418755,-371.9198895418755,0.0,0.0,0.0,20601.287854015343
2025-02-01,21720.94876065641,15863.362769344745,26918.647009442004,21720.94876065641,21720.94876065641,-2.8304981213571754,-2.8304981213571754,-2.8304981213571754,351.65304209304026,351.65304209304026,351.65304209304026,-354.48354021439735,-354.48354021439735,-354.48354021439735,0.0,0.0,0.0,21718.118262535052
2025-02-02,21721.35616421891,15760.820626768287,27348.727424888137,21721.35616421891,21721.35616421891,-99.76334375060496,-99.76334375060496,-99.76334375060496,234.8127177155276,234.8127177155276,234.8127177155276,-334.57606146613256,-334.57606146613256,-334.57606146613256,0.0,0.0,0.0,21621.592820468304
2025-02-03,21721.76356778141,16086.155806750576,27281.500321818363,21721.76356778141,21721.76356778141,-56.183655525212586,-56.183655525212586,-56.183655525212586,256.1974819070874,256.1974819070874,256.1974819070874,-312.38113743229997,-312.38113743229997,-312.38113743229997,0.0,0.0,0.0,21665.5799122562
2025-02-04,21722.170971343916,15638.452208690082,26762.467383065894,21722.170971343916,21722.170971343916,-639.7977842114249,-639.7977842114249,-639.7977842114249,-351.73863614140527,-351.73863614140527,-351.73863614140527,-288.05914807001955,-288.05914807001955,-288.05914807001955,0.0,0.0,0.0,21082.373187132493
2025-02-05,21722.578374906414,16617.543050425687,27205.075638035054,21722.578374906414,21722.578374906414,-21.054808580655347,-21.054808580655347,-21.054808580655347,240.69501629154837,240.69501629154837,240.69501629154837,-261.74982487220376,-261.74982487220376,-261.74982487220376,0.0,0.0,0.0,21701.52356632576
2025-02-06,21722.985778468916,16063.534312831216,27094.20625086131,21722.985778468916,21722.985778468916,-217.8626334271951,-217.8626334271951,-217.8626334271951,15.713991667543741,15.713991667543741,15.713991667543741,-233.57662509473883,-233.57662509473883,-233.57662509473883,0.0,0.0,0.0,21505.12314504172
2025-02-07,21723.39318203142,15331.83865995451,26276.54953284142,21723.39318203142,21723.39318203142,-950.9861882805824,-950.9861882805824,-950.9861882805824,-747.333613535451,-747.333613535451,-747.333613535451,-203.6525747451314,-203.6525747451314,-203.6525747451314,0.0,0.0,0.0,20772.40699375084
2025-02-08,21723.80058559392,16145.18731606035,27596.55485877548,21723.80058559392,21723.80058559392,179.56576903610463,179.56576903610463,179.56576903610463,351.6530420931326,351.6530420931326,351.6530420931326,-172.08727305702806,-172.08727305702806,-172.08727305702806,0.0,0.0,0.0,21903.366354630023
2025-02-09,21724.20798915642,16583.955404998094,28110.78608658624,21724.20798915642,21724.20798915642,95.81801314347916,95.81801314347916,95.81801314347916,234.8127177157737,234.8127177157737,234.8127177157737,-138.9947045722945,-138.9947045722945,-138.9947045722945,0.0,0.0,0.0,21820.0260022999
2025-02-10,21724.615392718926,16154.681524505619,27445.623385720202,21724.615392718926,21724.615392718926,151.69601108914023,151.69601108914023,151.69601108914023,256.1974819063473,256.1974819063473,256.1974819063473,-104.50147081720712,-104.50147081720712,-104.50147081720712,0.0,0.0,0.0,21876.311403808068
2025-02-11,21725.022796281424,16021.868106182113,26448.982684957424,21725.022796281424,21725.022796281424,-420.4936692252622,-420.4936692252622,-420.4936692252622,-351.7386361388689,-351.7386361388689,-351.7386361388689,-68.75503308639318,-68.75503308639318,-68.75503308639318,0.0,0.0,0.0,21304.52912705616
2025-02-12,21725.430199843926,15985.483198481812,27639.245746036988,21725.430199843926,21725.430199843926,208.76346452860153,208.76346452860153,208.76346452860153,240.695016291192,240.695016291192,240.695016291192,-31.931551762590445,-31.931551762590445,-31.931551762590445,0.0,0.0,0.0,21934.193664372528
2025-02-13,21725.83760340643,16108.770004731521,27086.341140909906,21725.83760340643,21725.83760340643,21.471075458269663,21.471075458269663,21.471075458269663,15.713991665448365,15.713991665448365,15.713991665448365,5.757083792821297,5.757083792821297,5.757083792821297,0.0,0.0,0.0,21747.3086788647
2025-02-14,21726.24500696893,15391.762240826474,26635.492866321594,21726.24500696893,21726.24500696893,-703.2761958855098,-703.2761958855098,-703.2761958855098,-747.3336135357592,-747.3336135357592,-747.3336135357592,44.057417650249434,44.057417650249434,44.057417650249434,0.0,0.0,0.0,21022.96881108342
2025-02-15,21726.65241053143,16542.591636457215,27703.672281328767,21726.65241053143,21726.65241053143,434.3231700311073,434.3231700311073,434.3231700311073,351.6530420932252,351.6530420932252,351.6530420932252,82.67012793788209,82.67012793788209,82.67012793788209,0.0,0.0,0.0,22160.97558056254
2025-02-16,21727.059814093936,16095.430138887165,27683.035134642665,21727.059814093936,21727.059814093936,356.0602795997059,356.0602795997059,356.0602795997059,234.81271771596477,234.81271771596477,234.81271771596477,121.2475618837411,121.2475618837411,121.2475618837411,0.0,0.0,0.0,22083.120093693644
2025-02-17,21727.467217656435,17075.210512080426,27828.12158810645,21727.467217656435,21727.467217656435,415.5908224049214,415.5908224049214,415.5908224049214,256.1974819056074,256.1974819056074,256.1974819056074,159.3933404993141,159.3933404993141,159.3933404993141,0.0,0.0,0.0,22143.058040061354
2025-02-18,21727.874621218936,15757.48816857084,26935.13946233047,21727.874621218936,21727.874621218936,-155.07443835722967,-155.07443835722967,-155.07443835722967,-351.73863614010315,-351.73863614010315,-351.73863614010315,196.6641977828735,196.6641977828735,196.6641977828735,0.0,0.0,0.0,21572.800182861705
2025-02-19,21728.282024781434,16408.974822095675,27838.31843686971,21728.282024781434,21728.282024781434,473.26915807201993,473.26915807201993,473.26915807201993,240.69501629303488,240.69501629303488,240.69501629303488,232.57414177898502,232.57414177898502,232.57414177898502,0.0,0.0,0.0,22201.551182853455
2025-02-20,21728.68942834394,16304.485375970571,27341.698559167246,21728.68942834394,21728.68942834394,282.3149342107721,282.3149342107721,282.3149342107721,15.713991667508484,15.713991667508484,15.713991667508484,266.6009425432636,266.6009425432636,266.6009425432636,0.0,0.0,0.0,22011.00436255471
2025-02-21,21729.09683190644,15906.420384942576,26660.962687307758,21729.09683190644,21729.09683190644,-449.1387458923403,-449.1387458923403,-449.1387458923403,-747.3336135378515,-747.3336135378515,-747.3336135378515,298.19486764551124,298.19486764551124,298.19486764551124,0.0,0.0,0.0,21279.9580860141
2025-02-22,21729.50423546894,17216.557217384805,27665.83732316722,21729.50423546894,21729.50423546894,678.4425441007646,678.4425441007646,678.4425441007646,351.6530420947291,351.6530420947291,351.6530420947291,326.7895020060355,326.7895020060355,326.7895020060355,0.0,0.0,0.0,22407.946779569706
2025-02-23,21729.911639031445,16798.485254383482,27948.148775094473,21729.911639031445,21729.911639031445,586.6271260431524,586.6271260431524,586.6271260431524,234.8127177159377,234.8127177159377,234.8127177159377,351.8144083272148,351.8144083272148,351.8144083272148,0.0,0.0,0.0,22316.538765074598
2025-02-24,21730.319042593947,16703.326182365865,28063.03399616864,21730.319042593947,21730.319042593947,628.9067917197924,628.9067917197924,628.9067917197924,256.1974819060651,256.1974819060651,256.1974819060651,372.7093098137274,372.7093098137274,372.7093098137274,0.0,0.0,0.0,22359.22583431374
2025-02-25,21730.726446156445,16144.3449132031,27349.900828957874,21730.726446156445,21730.726446156445,37.20077462719823,37.20077462719823,37.20077462719823,-351.73863613945207,-351.73863613945207,-351.73863613945207,388.9394107666503,388.9394107666503,388.9394107666503,0.0,0.0,0.0,21767.927220783644
2025-02-26,21731.13384971895,16836.58137883609,27812.997798034405,21731.13384971895,21731.13384971895,640.7064315549844,640.7064315549844,640.7064315549844,240.69501629487772,240.69501629487772,240.69501629487772,400.01141526010673,400.01141526010673,400.01141526010673,0.0,0.0,0.0,22371.840281273933
2025-02-27,21731.54125328145,16473.17468913232,27583.260415383025,21731.54125328145,21731.54125328145,421.2037531096661,421.2037531096661,421.2037531096661,15.713991668115048,15.713991668115048,15.713991668115048,405.489761441551,405.489761441551,405.489761441551,0.0,0.0,0.0,22152.745006391116
2025-02-28,21731.94865684395,16198.700640034362,26848.89693400268,21731.94865684395,21731.94865684395,-342.32105291475847,-342.32105291475847,-342.32105291475847,-747.3336135381595,-747.3336135381595,-747.3336135381595,405.0125606234011,405.0125606234011,405.0125606234011,0.0,0.0,0.0,21389.62760392919
2025-03-01,21732.356060406455,17097.129651233758,27855.750836446496,21732.356060406455,21732.356060406455,749.9597595549335,749.9597595549335,749.9597595549335,351.6530420948215,351.6530420948215,351.6530420948215,398.3067174601119,398.3067174601119,398.3067174601119,0.0,0.0,0.0,22482.31581996139
2025-03-02,21732.763463968957,17298.472838257512,28044.96174700698,21732.763463968957,21732.763463968957,620.0144285445249,620.0144285445249,620.0144285445249,234.8127177156376,234.8127177156376,234.8127177156376,385.2017108288873,385.2017108288873,385.2017108288873,0.0,0.0,0.0,22352.77789251348
2025-03-03,21733.170867531455,16851.92759009627,28437.99978994129,21733.170867531455,21733.170867531455,621.8390167249303,621.8390167249303,621.8390167249303,256.1974819067012,256.1974819067012,256.1974819067012,365.64153481822916,365.64153481822916,365.64153481822916,0.0,0.0,0.0,22355.009884256386
2025-03-04,21733.57827109396,16092.944257713541,27729.884048720884,21733.57827109396,21733.57827109396,-12.044300946625171,-12.044300946625171,-12.044300946625171,-351.7386361400232,-351.7386361400232,-351.7386361400232,339.694335193398,339.694335193398,339.694335193398,0.0,0.0,0.0,21721.533970147335
2025-03-05,21733.985674656462,16433.17419661553,27856.075956193567,21733.985674656462,21733.985674656462,548.2543443993344,548.2543443993344,548.2543443993344,240.69501629232207,240.69501629232207,240.69501629232207,307.55932810701233,307.55932810701233,307.55932810701233,0.0,0.0,0.0,22282.240019055796
2025-03-06,21734.39307821896,16686.497281392712,27368.45130773233,21734.39307821896,21734.39307821896,285.28464507731815,285.28464507731815,285.28464507731815,15.713991668097444,15.713991668097444,15.713991668097444,269.5706534092207,269.5706534092207,269.5706534092207,0.0,0.0,0.0,22019.677723296278
2025-03-07,21734.800481781465,15745.254896481163,26672.447812393064,21734.800481781465,21734.800481781465,-521.1357205331785,-521.1357205331785,-521.1357205331785,-747.333613536923,-747.333613536923,-747.333613536923,226.19789300374458,226.19789300374458,226.19789300374458,0.0,0.0,0.0,21213.66476124829
2025-03-08,21735.207885343967,16641.01514449421,27692.8643463765,21735.207885343967,21735.207885343967,529.6961152943093,529.6961152943093,529.6961152943093,351.65304209561975,351.65304209561975,351.65304209561975,178.0430731986895,178.0430731986895,178.0430731986895,0.0,0.0,0.0,22264.904000638275
2025-03-09,21735.615288906465,16513.886167243283,28046.60700777849,21735.615288906465,21735.615288906465,360.6467842007088,360.6467842007088,360.6467842007088,234.81271771533753,234.81271771533753,234.81271771533753,125.83406648537127,125.83406648537127,125.83406648537127,0.0,0.0,0.0,22096.262073107173
2025-03-10,21736.02269246897,16516.591438385298,27750.894474696357,21736.02269246897,21736.02269246897,326.61189181997315,326.61189181997315,326.61189181997315,256.197481907159,256.197481907159,256.197481907159,70.41440991281415,70.41440991281415,70.41440991281415,0.0,0.0,0.0,22062.634584288942
2025-03-11,21736.430096031472,16046.647213027438,26696.072192169857,21736.430096031472,21736.430096031472,-339.00897481685416,-339.00897481685416,-339.00897481685416,-351.7386361393721,-351.7386361393721,-351.7386361393721,12.729661322517977,12.729661322517977,12.729661322517977,0.0,0.0,0.0,21397.42112121462
2025-03-12,21736.83749959397,16625.266433115325,27346.853556020327,21736.83749959397,21736.83749959397,194.50553440732347,194.50553440732347,194.50553440732347,240.69501629416493,240.69501629416493,240.69501629416493,-46.18948188684145,-46.18948188684145,-46.18948188684145,0.0,0.0,0.0,21931.343034001293
2025-03-13,21737.244903156472,16489.160220776514,27470.09732510817,21737.244903156472,21737.244903156472,-89.5329854668984,-89.5329854668984,-89.5329854668984,15.713991666002052,15.713991666002052,15.713991666002052,-105.24697713290045,-105.24697713290045,-105.24697713290045,0.0,0.0,0.0,21647.711917689572
2025-03-14,21737.652306718977,15299.848860783826,26432.176294035078,21737.652306718977,21737.652306718977,-910.6373404415399,-910.6373404415399,-910.6373404415399,-747.3336135372314,-747.3336135372314,-747.3336135372314,-163.3037269043086,-163.3037269043086,-163.3037269043086,0.0,0.0,0.0,20827.01496627744
2025-03-15,21738.059710281475,16503.92917334279,27495.703380574574,21738.059710281475,21738.059710281475,132.4511777925536,132.4511777925536,132.4511777925536,351.65304209290673,351.65304209290673,351.65304209290673,-219.2018643003531,-219.2018643003531,-219.2018643003531,0.0,0.0,0.0,21870.51088807403
2025-03-16,21738.467113843977,16012.649477308403,27246.508396772668,21738.467113843977,21738.467113843977,-36.97774441055349,-36.97774441055349,-36.97774441055349,234.81271771558357,234.81271771558357,234.81271771558357,-271.7904621261371,-271.7904621261371,-271.7904621261371,0.0,0.0,0.0,21701.489369433424
2025-03-17,21738.874517406482,16185.97618139803,27139.555507425248,21738.874517406482,21738.874517406482,-63.754555266998096,-63.754555266998096,-63.754555266998096,256.19748190522125,256.19748190522125,256.19748190522125,-319.9520371722194,-319.9520371722194,-319.9520371722194,0.0,0.0,0.0,21675.119962139484
2025-03-18,21739.28192096898,15375.617010830074,26853.419171093352,21739.28192096898,21739.28192096898,-714.3678172162461,-714.3678172162461,-714.3678172162461,-351.7386361406063,-351.7386361406063,-351.7386361406063,-362.62918107563985,-362.62918107563985,-362.62918107563985,0.0,0.0,0.0,21024.914103752733
2025-03-19,21739.689324531482,16195.749676685613,27926.310862771712,21739.689324531482,21739.689324531482,-158.15561050618948,-158.15561050618948,-158.15561050618948,240.6950162938085,240.6950162938085,240.6950162938085,-398.85062679999794,-398.85062679999794,-398.85062679999794,0.0,0.0,0.0,21581.533714025292
2025-03-20,21740.096728093984,15956.656004410093,26579.148174905175,21740.096728093984,21740.096728093984,-412.04206459410153,-412.04206459410153,-412.04206459410153,15.713991670764111,15.713991670764111,15.713991670764111,-427.75605626486566,-427.75605626486566,-427.75605626486566,0.0,0.0,0.0,21328.054663499883
2025-03-21,21740.504131656486,14790.60760515887,26083.666252843297,21740.504131656486,21740.504131656486,-1195.9525839632129,-1195.9525839632129,-1195.9525839632129,-747.3336135359949,-747.3336135359949,-747.3336135359949,-448.6189704272179,-448.6189704272179,-448.6189704272179,0.0,0.0,0.0,20544.551547693274
2025-03-22,21740.911535218987,15766.998986733583,27177.42448916915,21740.911535218987,21740.911535218987,-109.21393599475839,-109.21393599475839,-109.21393599475839,351.6530420937049,351.6530420937049,351.6530420937049,-460.8669780884633,-460.8669780884633,-460.8669780884633,0.0,0.0,0.0,21631.69759922423
2025-03-23,21741.31893878149,16192.375009023992,27016.194799161247,21741.31893878149,21741.31893878149,-229.2861954883804,-229.2861954883804,-229.2861954883804,234.81271771528353,234.81271771528353,234.81271771528353,-464.0989132036639,-464.0989132036639,-464.0989132036639,0.0,0.0,0.0,21512.032743293108
2025-03-24,21741.72634234399,15776.951594575794,27107.833021945837,21741.72634234399,21741.72634234399,-201.90077941126438,-201.90077941126438,-201.90077941126438,256.19748190567907,256.19748190567907,256.19748190567907,-458.0982613169435,-458.0982613169435,-458.0982613169435,0.0,0.0,0.0,21539.825562932725
2025-03-25,21742.133745906493,15337.34782070156,26694.10244584407,21742.133745906493,21742.133745906493,-794.5810983906675,-794.5810983906675,-794.5810983906675,-351.7386361399552,-351.7386361399552,-351.7386361399552,-442.84246225071234,-442.84246225071234,-442.84246225071234,0.0,0.0,0.0,20947.552647515826
2025-03-26,21742.541149468994,15996.905644932489,27307.944585293695,21742.541149468994,21742.541149468994,-177.81273986256798,-177.81273986256798,-177.81273986256798,240.69501629265775,240.69501629265775,240.69501629265775,-418.50775615522576,-418.50775615522576,-418.50775615522576,0.0,0.0,0.0,21564.728409606425
2025-03-27,21742.948553031496,16216.190042603754,27549.7324652189,21742.948553031496,21742.948553031496,-369.75535925078975,-369.75535925078975,-369.75535925078975,15.713991670746507,15.713991670746507,15.713991670746507,-385.46935092153626,-385.46935092153626,-385.46935092153626,0.0,0.0,0.0,21373.193193780706
2025-03-28,21743.355956593998,14951.994760891299,26368.99457604588,21743.355956593998,21743.355956593998,-1091.6304213839069,-1091.6304213839069,-1091.6304213839069,-747.3336135378477,-747.3336135378477,-747.3336135378477,-344.29680784605927,-344.29680784605927,-344.29680784605927,0.0,0.0,0.0,20651.72553521009
2025-03-29,21743.7633601565,16004.880223691485,27025.678161790285,21743.7633601565,21743.7633601565,55.90837594537398,55.90837594537398,55.90837594537398,351.6530420937974,351.6530420937974,351.6530420937974,-295.74466614842345,-295.74466614842345,-295.74466614842345,0.0,0.0,0.0,21799.671736101875
2025-03-30,21744.170763719,16047.240251917276,27361.5207605071,21744.170763719,21744.170763719,-5.925734402628221,-5.925734402628221,-5.925734402628221,234.8127177152565,234.8127177152565,234.8127177152565,-240.73845211788472,-240.73845211788472,-240.73845211788472,0.0,0.0,0.0,21738.245029316375
2025-03-31,21744.578167281503,16199.170698064003,27308.619598819136,21744.578167281503,21744.578167281503,75.84114001593686,75.84114001593686,75.84114001593686,256.1974819075128,256.1974819075128,256.1974819075128,-180.35634189157594,-180.35634189157594,-180.35634189157594,0.0,0.0,0.0,21820.41930729744
2025-04-01,21744.985570844005,15835.535344860113,27229.47758679241,21744.985570844005,21744.985570844005,-467.54550084965126,-467.54550084965126,-467.54550084965126,-351.7386361411894,-351.7386361411894,-351.7386361411894,-115.8068647084619,-115.8068647084619,-115.8068647084619,0.0,0.0,0.0,21277.440069994354
2025-04-02,21745.392974406506,16625.641581173677,26989.98560807221,21745.392974406506,21745.392974406506,192.29187362600376,192.29187362600376,192.29187362600376,240.69501629230135,240.69501629230135,240.69501629230135,-48.40314266629759,-48.40314266629759,-48.40314266629759,0.0,0.0,0.0,21937.68484803251
2025-04-03,21745.800377969008,16371.195250497733,27431.78381386502,21745.800377969008,21745.800377969008,36.17973126794061,36.17973126794061,36.17973126794061,15.713991670728886,15.713991670728886,15.713991670728886,20.465739597211723,20.465739597211723,20.465739597211723,0.0,0.0,0.0,21781.98010923695
2025-04-04,21746.207781531506,15709.45685882538,26266.02466262874,21746.207781531506,21746.207781531506,-657.9680544988133,-657.9680544988133,-657.9680544988133,-747.3336135366112,-747.3336135366112,-747.3336135366112,89.36555903779787,89.36555903779787,89.36555903779787,0.0,0.0,0.0,21088.23972703269
2025-04-05,21746.61518509401,16339.305230861411,28051.0616348176,21746.61518509401,21746.61518509401,508.50227214997193,508.50227214997193,508.50227214997193,351.6530420945956,351.6530420945956,351.6530420945956,156.84923005537638,156.84923005537638,156.84923005537638,0.0,0.0,0.0,22255.117457243985
2025-04-06,21747.022588656513,16407.380821745992,28149.77118915013,21747.022588656513,21747.022588656513,456.30246082194395,456.30246082194395,456.30246082194395,234.8127177157206,234.8127177157206,234.8127177157206,221.4897431062233,221.4897431062233,221.4897431062233,0.0,0.0,0.0,22203.32504947846
2025-04-07,21747.42999221901,16522.8204606336,27474.04223472383,21747.42999221901,21747.42999221901,538.1104326031445,538.1104326031445,538.1104326031445,256.19748190677285,256.19748190677285,256.19748190677285,281.9129506963717,281.9129506963717,281.9129506963717,0.0,0.0,0.0,22285.540424822157
2025-04-08,21747.837395781517,16596.257089213104,27300.350474651015,21747.837395781517,21747.837395781517,-14.909255809998205,-14.909255809998205,-14.909255809998205,-351.7386361386531,-351.7386361386531,-351.7386361386531,336.82938032865485,336.82938032865485,336.82938032865485,0.0,0.0,0.0,21732.92813997152
2025-04-09,21748.24479934402,16283.815872164228,28286.23402759679,21748.24479934402,21748.24479934402,625.759286923221,625.759286923221,625.759286923221,240.69501629414427,240.69501629414427,240.69501629414427,385.06427062907676,385.06427062907676,385.06427062907676,0.0,0.0,0.0,22374.00408626724
2025-04-10,21748.652202906516,16831.244188970355,27420.052382593774,21748.652202906516,21748.652202906516,441.29905665184685,441.29905665184685,441.29905665184685,15.713991668633527,15.713991668633527,15.713991668633527,425.5850649832133,425.5850649832133,425.5850649832133,0.0,0.0,0.0,22189.951259558362
2025-04-11,21749.05960646902,15893.852633831544,26770.841577590196,21749.05960646902,21749.05960646902,-289.8079578065639,-289.8079578065639,-289.8079578065639,-747.3336135371586,-747.3336135371586,-747.3336135371586,457.5256557305948,457.5256557305948,457.5256557305948,0.0,0.0,0.0,21459.25164866246
2025-04-12,21749.467010031523,16659.978642877817,27907.07153397497,21749.467010031523,21749.467010031523,831.8597919533972,831.8597919533972,831.8597919533972,351.6530420946881,351.6530420946881,351.6530420946881,480.2067498587092,480.2067498587092,480.2067498587092,0.0,0.0,0.0,22581.32680198492
2025-04-13,21749.87441359402,17086.309602589812,27874.19213670149,21749.87441359402,21749.87441359402,727.9645400001807,727.9645400001807,727.9645400001807,234.8127177156936,234.8127177156936,234.8127177156936,493.1518222844871,493.1518222844871,493.1518222844871,0.0,0.0,0.0,22477.8389535942
2025-04-14,21750.281817156527,17019.90275963717,28378.67586073326,21750.281817156527,21750.281817156527,752.295714644113,752.295714644113,752.295714644113,256.1974819060328,256.1974819060328,256.1974819060328,496.0982327380802,496.0982327380802,496.0982327380802,0.0,0.0,0.0,22502.577531800638
2025-04-15,21750.68922071903,16443.21293555798,26897.964394818406,21750.68922071903,21750.68922071903,137.26456800035575,137.26456800035575,137.26456800035575,-351.73863613988726,-351.73863613988726,-351.73863613988726,489.003204140243,489.003204140243,489.003204140243,0.0,0.0,0.0,21887.953788719384
2025-04-16,21751.096624281527,16641.03803851244,28279.542988261233,21751.096624281527,21751.096624281527,712.7395072623787,712.7395072623787,712.7395072623787,240.69501629079414,240.69501629079414,240.69501629079414,472.0444909715845,472.0444909715845,472.0444909715845,0.0,0.0,0.0,22463.836131543907
2025-04-17,21751.504027844032,16393.21540148801,27874.272203180244,21751.504027844032,21751.504027844032,461.3296936886672,461.3296936886672,461.3296936886672,15.713991666538153,15.713991666538153,15.713991666538153,445.615702022129,445.615702022129,445.615702022129,0.0,0.0,0.0,22212.833721532697
2025-04-18,21751.911431406534,16137.666206731292,27076.916427094377,21751.911431406534,21751.911431406534,-337.01723408401864,-337.01723408401864,-337.01723408401864,-747.3336135374669,-747.3336135374669,-747.3336135374669,410.3163794534483,410.3163794534483,410.3163794534483,0.0,0.0,0.0,21414.894197322516
2025-04-19,21752.31883496903,17248.302336737048,28170.267265718656,21752.31883496903,21752.31883496903,718.5901137214146,718.5901137214146,718.5901137214146,351.6530420961919,351.6530420961919,351.6530420961919,366.93707162522276,366.93707162522276,366.93707162522276,0.0,0.0,0.0,22470.908948690445
2025-04-20,21752.726238531537,16523.468687302084,27237.583910035817,21752.726238531537,21752.726238531537,551.252484702946,551.252484702946,551.252484702946,234.81271771566657,234.81271771566657,234.81271771566657,316.43976698727954,316.43976698727954,316.43976698727954,0.0,0.0,0.0,22303.978723234482
2025-04-21,21753.13364209404,16557.264092144214,27766.002532810333,21753.13364209404,21753.13364209404,516.1316589179839,516.1316589179839,516.1316589179839,256.1974819064906,256.1974819064906,256.1974819064906,259.9341770114933,259.9341770114933,259.9341770114933,0.0,0.0,0.0,22269.265301012023
2025-04-22,21753.541045656537,15780.966375133485,27198.635461107944,21753.541045656537,21753.541045656537,-153.08817177937487,-153.08817177937487,-153.08817177937487,-351.7386361404583,-351.7386361404583,-351.7386361404583,198.65046436108344,198.65046436108344,198.65046436108344,0.0,0.0,0.0,21600.452873877162
2025-04-23,21753.948449219042,16721.415733994283,27475.587837025167,21753.948449219042,21753.948449219042,374.6041216230872,374.6041216230872,374.6041216230872,240.69501629263706,240.69501629263706,240.69501629263706,133.9091053304502,133.9091053304502,133.9091053304502,0.0,0.0,0.0,22128.55257084213
2025-04-24,21754.35585278154,16112.677673501175,27667.063481357887,21754.35585278154,21754.35585278154,82.80264216670297,82.80264216670297,82.80264216670297,15.713991666520531,15.713991666520531,15.713991666520531,67.08865050018242,67.08865050018242,67.08865050018242,0.0,0.0,0.0,21837.158494948242
2025-04-25,21754.763256344042,15707.729686334495,26595.430782015505,21754.763256344042,21754.763256344042,-747.741411051395,-747.741411051395,-747.741411051395,-747.333613537775,-747.333613537775,-747.333613537775,-0.40779751361997657,-0.40779751361997657,-0.40779751361997657,0.0,0.0,0.0,21007.021845292646
2025-04-26,21755.170659906547,16237.176823731905,27556.34439879045,21755.170659906547,21755.170659906547,284.4665051957843,284.4665051957843,284.4665051957843,351.6530420962845,351.6530420962845,351.6530420962845,-67.18653690050013,-67.18653690050013,-67.18653690050013,0.0,0.0,0.0,22039.637165102333
2025-04-27,21755.578063469045,15999.134071723944,27181.20754238234,21755.578063469045,21755.578063469045,102.91593095413208,102.91593095413208,102.91593095413208,234.81271771613075,234.81271771613075,234.81271771613075,-131.89678676199867,-131.89678676199867,-131.89678676199867,0.0,0.0,0.0,21858.493994423177
2025-04-28,21755.985467031547,16314.334984718453,27765.789062041604,21755.985467031547,21755.985467031547,62.93455899228413,62.93455899228413,62.93455899228413,256.1974819069483,256.1974819069483,256.1974819069483,-193.2629229146642,-193.2629229146642,-193.2629229146642,0.0,0.0,0.0,21818.920026023832
2025-04-29,21756.392870594053,15177.945596731326,26743.3127187118,21756.392870594053,21756.392870594053,-601.8532481795971,-601.8532481795971,-601.8532481795971,-351.7386361398073,-351.7386361398073,-351.7386361398073,-250.1146120397899,-250.1146120397899,-250.1146120397899,0.0,0.0,0.0,21154.539622414457
2025-04-30,21756.80027415655,16211.456688895854,26991.504137836746,21756.80027415655,21756.80027415655,-60.71906634736385,-60.71906634736385,-60.71906634736385,240.69501629008138,240.69501629008138,240.69501629008138,-301.41408263744523,-301.41408263744523,-301.41408263744523,0.0,0.0,0.0,21696.081207809188
2025-05-01,21757.207677719052,16055.495029938937,27205.185004835515,21757.207677719052,21757.207677719052,-330.56585545873116,-330.56585545873116,-330.56585545873116,15.713991666502912,15.713991666502912,15.713991666502912,-346.2798471252341,-346.2798471252341,-346.2798471252341,0.0,0.0,0.0,21426.64182226032
2025-05-02,21757.615081281558,14591.824215708455,26216.433474570098,21757.615081281558,21757.615081281558,-1131.3398969076536,-1131.3398969076536,-1131.3398969076536,-747.3336135365386,-747.3336135365386,-747.3336135365386,-384.00628337111505,-384.00628337111505,-384.00628337111505,0.0,0.0,0.0,20626.275184373902
2025-05-03,21758.022484844056,16358.409372122274,27224.46047529146,21758.022484844056,21758.022484844056,-62.425551342230456,-62.425551342230456,-62.425551342230456,351.6530420942771,351.6530420942771,351.6530420942771,-414.0785934365076,-414.0785934365076,-414.0785934365076,0.0,0.0,0.0,21695.596933501824
2025-05-04,21758.429888406557,16210.540775137146,26993.962691397264,21758.429888406557,21758.429888406557,-201.37006167250485,-201.37006167250485,-201.37006167250485,234.81271771583062,234.81271771583062,234.81271771583062,-436.18277938833546,-436.18277938833546,-436.18277938833546,0.0,0.0,0.0,21557.059826734054
2025-05-05,21758.837291969063,16037.728358996319,27075.95952158369,21758.837291969063,21758.837291969063,-194.01292552060664,-194.01292552060664,-194.01292552060664,256.19748190620834,256.19748190620834,256.19748190620834,-450.210407426815,-450.210407426815,-450.210407426815,0.0,0.0,0.0,21564.824366448454
2025-05-06,21759.24469553156,15009.791496547883,26555.56404641572,21759.24469553156,21759.24469553156,-807.9967048925115,-807.9967048925115,-807.9967048925115,-351.73863613915626,-351.73863613915626,-351.73863613915626,-456.2580687533552,-456.2580687533552,-456.2580687533552,0.0,0.0,0.0,20951.24799063905
2025-05-07,21759.652099094063,16222.228526851455,27160.06546825628,21759.652099094063,21759.652099094063,-213.9265685662261,-213.9265685662261,-213.9265685662261,240.69501629192422,240.69501629192422,240.69501629192422,-454.6215848581503,-454.6215848581503,-454.6215848581503,0.0,0.0,0.0,21545.725530527838
2025-05-08,21760.059502656568,15651.723583814719,26701.85247874655,21760.059502656568,21760.059502656568,-430.0711508492095,-430.0711508492095,-430.0711508492095,15.713991669187232,15.713991669187232,15.713991669187232,-445.7851425183967,-445.7851425183967,-445.7851425183967,0.0,0.0,0.0,21329.98835180736
2025-05-09,21760.466906219066,15374.999388780565,26584.954828723465,21760.466906219066,21760.466906219066,-1177.7392896009924,-1177.7392896009924,-1177.7392896009924,-747.333613535302,-747.333613535302,-747.333613535302,-430.4056760656905,-430.4056760656905,-430.4056760656905,0.0,0.0,0.0,20582.727616618075
2025-05-10,21760.874309781568,16339.189621387944,27347.451878454263,21760.874309781568,21760.874309781568,-57.63989577606473,-57.63989577606473,-57.63989577606473,351.6530420943696,351.6530420943696,351.6530420943696,-409.29293787043434,-409.29293787043434,-409.29293787043434,0.0,0.0,0.0,21703.234414005503
2025-05-11,21761.28171334407,16145.77279990565,27236.128467954957,21761.28171334407,21761.28171334407,-148.5730914848383,-148.5730914848383,-148.5730914848383,234.8127177160767,234.8127177160767,234.8127177160767,-383.385809200915,-383.385809200915,-383.385809200915,0.0,0.0,0.0,21612.70862185923
2025-05-12,21761.68911690657,16288.47414587336,27056.872708659215,21761.68911690657,21761.68911690657,-97.5280178080361,-97.5280178080361,-97.5280178080361,256.1974819054683,256.1974819054683,256.1974819054683,-353.7254997135044,-353.7254997135044,-353.7254997135044,0.0,0.0,0.0,21664.161099098535
2025-05-13,21762.096520469073,15674.089296898119,26235.02805732096,21762.096520469073,21762.096520469073,-673.1649983916165,-673.1649983916165,-673.1649983916165,-351.7386361403903,-351.7386361403903,-351.7386361403903,-321.42636225122607,-321.42636225122607,-321.42636225122607,0.0,0.0,0.0,21088.931522077455
2025-05-14,21762.503924031575,15927.753578597516,27203.041088729125,21762.503924031575,21762.503924031575,-46.95009206657217,-46.95009206657217,-46.95009206657217,240.69501629156775,240.69501629156775,240.69501629156775,-287.64510835813996,-287.64510835813996,-287.64510835813996,0.0,0.0,0.0,21715.553831965004
2025-05-15,21762.911327594076,16203.128921993743,27227.733611234653,21762.911327594076,21762.911327594076,-237.83525574731428,-237.83525574731428,-237.83525574731428,15.713991667091838,15.713991667091838,15.713991667091838,-253.54924741440615,-253.54924741440615,-253.54924741440615,0.0,0.0,0.0,21525.07607184676
2025-05-16,21763.318731156578,15119.36174659626,26163.10478095973,21763.318731156578,21763.318731156578,-967.6192012063724,-967.6192012063724,-967.6192012063724,-747.3336135356101,-747.3336135356101,-747.3336135356101,-220.2855876707622,-220.2855876707622,-220.2855876707622,0.0,0.0,0.0,20795.699529950205
2025-05-17,21763.72613471908,16056.65924493135,27587.385101497028,21763.72613471908,21763.72613471908,162.70341173442534,162.70341173442534,162.70341173442534,351.6530420951678,351.6530420951678,351.6530420951678,-188.94963036074242,-188.94963036074242,-188.94963036074242,0.0,0.0,0.0,21926.429546453506
2025-05-18,21764.13353828158,16120.75844130513,27656.89383389735,21764.13353828158,21764.13353828158,74.25605890809014,74.25605890809014,74.25605890809014,234.8127177157766,234.8127177157766,234.8127177157766,-160.55665880768652,-160.55665880768652,-160.55665880768652,0.0,0.0,0.0,21838.38959718967
2025-05-19,21764.540941844083,16676.79298651966,27575.54383878553,21764.540941844083,21764.540941844083,120.18220799418171,120.18220799418171,120.18220799418171,256.1974819073022,256.1974819073022,256.1974819073022,-136.01527391312047,-136.01527391312047,-136.01527391312047,0.0,0.0,0.0,21884.723149838264
2025-05-20,21764.948345406585,15486.677212094914,26938.08254440496,21764.948345406585,21764.948345406585,-467.842693202068,-467.842693202068,-467.842693202068,-351.7386361390762,-351.7386361390762,-351.7386361390762,-116.1040570629918,-116.1040570629918,-116.1040570629918,0.0,0.0,0.0,21297.10565220452
2025-05-21,21765.355748969087,16591.223118839338,27315.29717582164,21765.355748969087,21765.355748969087,139.24306293559482,139.24306293559482,139.24306293559482,240.69501629341065,240.69501629341065,240.69501629341065,-101.45195335781581,-101.45195335781581,-101.45195335781581,0.0,0.0,0.0,21904.59881190468
2025-05-22,21765.76315253159,15728.786219700884,27247.692580896863,21765.76315253159,21765.76315253159,-76.80887292596113,-76.80887292596113,-76.80887292596113,15.713991669151973,15.713991669151973,15.713991669151973,-92.5228645951131,-92.5228645951131,-92.5228645951131,0.0,0.0,0.0,21688.954279605627
2025-05-23,21766.17055609409,15606.666582050062,26728.52582776546,21766.17055609409,21766.17055609409,-836.9384390690825,-836.9384390690825,-836.9384390690825,-747.3336135359184,-747.3336135359184,-747.3336135359184,-89.60482553316415,-89.60482553316415,-89.60482553316415,0.0,0.0,0.0,20929.232117025007
2025-05-24,21766.57795965659,16188.872952440961,27175.423995755704,21766.57795965659,21766.57795965659,258.84903028215916,258.84903028215916,258.84903028215916,351.65304209245477,351.65304209245477,351.65304209245477,-92.80401181029558,-92.80401181029558,-92.80401181029558,0.0,0.0,0.0,22025.42698993875
2025-05-25,21766.985363219093,16325.214334146944,27516.25846621291,21766.985363219093,21766.985363219093,132.76902074923143,132.76902074923143,132.76902074923143,234.81271771574959,234.81271771574959,234.81271771574959,-102.04369696651817,-102.04369696651817,-102.04369696651817,0.0,0.0,0.0,21899.754383968324
2025-05-26,21767.392766781595,16411.419544672317,27745.514518776217,21767.392766781595,21767.392766781595,139.12933905880382,139.12933905880382,139.12933905880382,256.19748190775994,256.19748190775994,256.19748190775994,-117.06814284895611,-117.06814284895611,-117.06814284895611,0.0,0.0,0.0,21906.5221058404
2025-05-27,21767.800170344097,15810.119851578154,26974.682687854507,21767.800170344097,21767.800170344097,-489.18991208111186,-489.18991208111186,-489.18991208111186,-351.7386361403104,-351.7386361403104,-351.7386361403104,-137.45127594080145,-137.45127594080145,-137.45127594080145,0.0,0.0,0.0,21278.610258262986
2025-05-28,21768.2075739066,16387.411211715418,27604.631514443754,21768.2075739066,21768.2075739066,78.08514093296986,78.08514093296986,78.08514093296986,240.69501629305424,240.69501629305424,240.69501629305424,-162.60987536008437,-162.60987536008437,-162.60987536008437,0.0,0.0,0.0,21846.29271483957
2025-05-29,21768.614977469097,16096.849566046252,27070.396697852168,21768.614977469097,21768.614977469097,-176.10688818588582,-176.10688818588582,-176.10688818588582,15.713991667056614,15.713991667056614,15.713991667056614,-191.8208798529424,-191.8208798529424,-191.8208798529424,0.0,0.0,0.0,21592.508089283212
2025-05-30,21769.022381031602,15037.520562088434,26091.914245867156,21769.022381031602,21769.022381031602,-971.5759277230146,-971.5759277230146,-971.5759277230146,-747.3336135380105,-747.3336135380105,-747.3336135380105,-224.2423141850041,-224.2423141850041,-224.2423141850041,0.0,0.0,0.0,20797.44645330859
2025-05-31,21769.429784594104,16512.477525253682,27349.1328091966,21769.429784594104,21769.429784594104,92.71579934078126,92.71579934078126,92.71579934078126,351.65304209325296,351.65304209325296,351.65304209325296,-258.9372427524717,-258.9372427524717,-258.9372427524717,0.0,0.0,0.0,21862.145583934886
2025-06-01,21769.8371881566,16142.05804727803,27570.426760673377,21769.8371881566,21769.8371881566,-60.087364642795315,-60.087364642795315,-60.087364642795315,234.81271771544945,234.81271771544945,234.81271771544945,-294.9000823582448,-294.9000823582448,-294.9000823582448,0.0,0.0,0.0,21709.74982351381
2025-06-02,21770.244591719103,15839.195405278251,27186.27548350489,21770.244591719103,21770.244591719103,-74.88706698748176,-74.88706698748176,-74.88706698748176,256.1974819058222,256.1974819058222,256.1974819058222,-331.084548893304,-331.084548893304,-331.084548893304,0.0,0.0,0.0,21695.357524731622
2025-06-03,21770.65199528161,14769.607821956446,26430.077924371075,21770.65199528161,21770.65199528161,-718.171111632885,-718.171111632885,-718.171111632885,-351.7386361377741,-351.7386361377741,-351.7386361377741,-366.4324754951109,-366.4324754951109,-366.4324754951109,0.0,0.0,0.0,21052.480883648725
2025-06-04,21771.059398844107,15635.900507045366,26840.97373497832,21771.059398844107,21771.059398844107,-159.20770719570393,-159.20770719570393,-159.20770719570393,240.69501629190347,240.69501629190347,240.69501629190347,-399.9027234876074,-399.9027234876074,-399.9027234876074,0.0,0.0,0.0,21611.851691648404
2025-06-05,21771.46680240661,16078.81356065247,27009.010610453035,21771.46680240661,21771.46680240661,-414.78542062401885,-414.78542062401885,-414.78542062401885,15.713991667038995,15.713991667038995,15.713991667038995,-430.49941229105787,-430.49941229105787,-430.49941229105787,0.0,0.0,0.0,21356.68138178259
2025-06-06,21771.874205969114,14894.948662866145,25818.140117510422,21771.874205969114,21771.874205969114,-1204.6323337463004,-1204.6323337463004,-1204.6323337463004,-747.333613536774,-747.333613536774,-747.333613536774,-457.29872020952627,-457.29872020952627,-457.29872020952627,0.0,0.0,0.0,20567.241872222814
2025-06-07,21772.281609531612,16565.84353341182,27680.868438126046,21772.281609531612,21772.281609531612,-127.82051157284474,-127.82051157284474,-127.82051157284474,351.65304209334545,351.65304209334545,351.65304209334545,-479.4735536661902,-479.4735536661902,-479.4735536661902,0.0,0.0,0.0,21644.461097958767
2025-06-08,21772.689013094114,16075.522868685879,27393.547222228313,21772.689013094114,21772.689013094114,-261.50272891666845,-261.50272891666845,-261.50272891666845,234.81271771542245,234.81271771542245,234.81271771542245,-496.3154466320909,-496.3154466320909,-496.3154466320909,0.0,0.0,0.0,21511.186284177445
2025-06-09,21773.09641665662,16007.639838011233,27116.188030355246,21773.09641665662,21773.09641665662,-251.05565085821362,-251.05565085821362,-251.05565085821362,256.19748190627996,256.19748190627996,256.19748190627996,-507.25313276449356,-507.25313276449356,-507.25313276449356,0.0,0.0,0.0,21522.040765798407
2025-06-10,21773.503820219117,15175.216947012186,26153.022169122618,21773.503820219117,21773.503820219117,-863.6059639007669,-863.6059639007669,-863.6059639007669,-351.7386361390083,-351.7386361390083,-351.7386361390083,-511.86732776175876,-511.86732776175876,-511.86732776175876,0.0,0.0,0.0,20909.897856318352
2025-06-11,21773.91122378162,15893.302233251727,26920.16407984688,21773.91122378162,21773.91122378162,-269.20634963699206,-269.20634963699206,-269.20634963699206,240.6950162915471,240.6950162915471,240.6950162915471,-509.9013659285392,-509.9013659285392,-509.9013659285392,0.0,0.0,0.0,21504.704874144627
2025-06-12,21774.318627344124,15511.415514390766,26680.40544815502,21774.318627344124,21774.318627344124,-485.5534582391691,-485.5534582391691,-485.5534582391691,15.713991664943618,15.713991664943618,15.713991664943618,-501.26744990411277,-501.26744990411277,-501.26744990411277,0.0,0.0,0.0,21288.765169104954
2025-06-13,21774.726030906622,15292.464230431335,26177.197358990583,21774.726030906622,21774.726030906622,-1233.3820062454922,-1233.3820062454922,-1233.3820062454922,-747.3336135370822,-747.3336135370822,-747.3336135370822,-486.04839270841,-486.04839270841,-486.04839270841,0.0,0.0,0.0,20541.34402466113
2025-06-14,21775.133434469124,16110.752597525385,27111.381214227167,21775.133434469124,21775.133434469124,-112.84181127410332,-112.84181127410332,-112.84181127410332,351.6530420948493,351.6530420948493,351.6530420948493,-464.49485336895265,-464.49485336895265,-464.49485336895265,0.0,0.0,0.0,21662.291623195022
2025-06-15,21775.54083803163,16262.485308638592,27123.12553928974,21775.54083803163,21775.54083803163,-202.205470337883,-202.205470337883,-202.205470337883,234.81271771588663,234.81271771588663,234.81271771588663,-437.0181880537697,-437.0181880537697,-437.0181880537697,0.0,0.0,0.0,21573.335367693748
2025-06-16,21775.948241594127,15507.056672300032,27059.45405540289,21775.948241594127,21775.948241594127,-147.98167265158003,-147.98167265158003,-147.98167265158003,256.19748190691604,256.19748190691604,256.19748190691604,-404.17915455849607,-404.17915455849607,-404.17915455849607,0.0,0.0,0.0,21627.96656894255
2025-06-17,21776.35564515663,15236.494374908241,26365.851758621167,21776.35564515663,21776.35564515663,-718.4114522236455,-718.4114522236455,-718.4114522236455,-351.7386361402424,-351.7386361402424,-351.7386361402424,-366.672816083403,-366.672816083403,-366.672816083403,0.0,0.0,0.0,21057.944192932984
2025-06-18,21776.763048719135,16251.223010951391,27395.22364807304,21776.763048719135,21776.763048719135,-84.61507131016614,-84.61507131016614,-84.61507131016614,240.6950162933899,240.6950162933899,240.6950162933899,-325.3100876035561,-325.3100876035561,-325.3100876035561,0.0,0.0,0.0,21692.147977408968
2025-06-19,21777.170452281633,15590.259965530671,27025.630778246486,21777.170452281633,21777.170452281633,-265.28246059806617,-265.28246059806617,-265.28246059806617,15.713991664925999,15.713991664925999,15.713991664925999,-280.9964522629922,-280.9964522629922,-280.9964522629922,0.0,0.0,0.0,21511.887991683565
2025-06-20,21777.577855844134,15552.188333772483,26537.245822180765,21777.577855844134,21777.577855844134,-982.0420574965372,-982.0420574965372,-982.0420574965372,-747.3336135360851,-747.3336135360851,-747.3336135360851,-234.70844396045212,-234.70844396045212,-234.70844396045212,0.0,0.0,0.0,20795.5357983476
2025-06-21,21777.98525940664,16359.821988397714,27131.560179572018,21777.98525940664,21777.98525940664,164.18449813275785,164.18449813275785,164.18449813275785,351.65304209494184,351.65304209494184,351.65304209494184,-187.46854396218396,-187.46854396218396,-187.46854396218396,0.0,0.0,0.0,21942.1697575394
2025-06-22,21778.392662969138,16245.355962192387,27749.133550519073,21778.392662969138,21778.392662969138,94.49354495027579,94.49354495027579,94.49354495027579,234.81271771585958,234.81271771585958,234.81271771585958,-140.31917276558377,-140.31917276558377,-140.31917276558377,0.0,0.0,0.0,21872.886207919415
2025-06-23,21778.80006653164,16072.636674255566,27788.710959494932,21778.80006653164,21778.80006653164,161.90100901837803,161.90100901837803,161.90100901837803,256.1974819073738,256.1974819073738,256.1974819073738,-94.29647288899578,-94.29647288899578,-94.29647288899578,0.0,0.0,0.0,21940.701075550016
2025-06-24,21779.207470094145,15660.41783287429,26981.383299858306,21779.207470094145,21779.207470094145,-402.14320976508935,-402.14320976508935,-402.14320976508935,-351.7386361395914,-351.7386361395914,-351.7386361395914,-50.404573625498,-50.404573625498,-50.404573625498,0.0,0.0,0.0,21377.064260329054
2025-06-25,21779.614873656643,16502.51305948052,27390.899665268276,21779.614873656643,21779.614873656643,231.10401081994942,231.10401081994942,231.10401081994942,240.69501629083425,240.69501629083425,240.69501629083425,-9.591005470884818,-9.591005470884818,-9.591005470884818,0.0,0.0,0.0,22010.71888447659
2025-06-26,21780.022277219145,16398.462083107675,27542.837883840373,21780.022277219145,21780.022277219145,42.990100847290066,42.990100847290066,42.990100847290066,15.713991667610319,15.713991667610319,15.713991667610319,27.27610917967975,27.27610917967975,27.27610917967975,0.0,0.0,0.0,21823.012378066436
2025-06-27,21780.429680781643,15694.234726976729,26900.82582266893,21780.429680781643,21780.429680781643,-687.9050935636966,-687.9050935636966,-687.9050935636966,-747.3336135379379,-747.3336135379379,-747.3336135379379,59.428519974241254,59.428519974241254,59.428519974241254,0.0,0.0,0.0,21092.524587217948
2025-06-28,21780.837084344148,16947.468024886297,27974.411089192316,21780.837084344148,21780.837084344148,437.8685122703598,437.8685122703598,437.8685122703598,351.6530420950343,351.6530420950343,351.6530420950343,86.21547017532554,86.21547017532554,86.21547017532554,0.0,0.0,0.0,22218.70559661451
2025-06-29,21781.24448790665,16739.05435804622,27691.34020965169,21781.24448790665,21781.24448790665,341.93078098686215,341.93078098686215,341.93078098686215,234.81271771555947,234.81271771555947,234.81271771555947,107.11806327130266,107.11806327130266,107.11806327130266,0.0,0.0,0.0,22123.175268893512
2025-06-30,21781.651891469148,16552.320735851798,27947.697057640253,21781.651891469148,21781.651891469148,377.9575382186377,377.9575382186377,377.9575382186377,256.1974819066338,256.1974819066338,256.1974819066338,121.76005631200388,121.76005631200388,121.76005631200388,0.0,0.0,0.0,22159.609429687785
2025-07-01,21782.059295031653,16077.954609086584,27060.41329012115,21782.059295031653,21782.059295031653,-221.82377316486978,-221.82377316486978,-221.82377316486978,-351.73863614204765,-351.73863614204765,-351.73863614204765,129.91486297717793,129.91486297717793,129.91486297717793,0.0,0.0,0.0,21560.235521866784
2025-07-02,21782.466698594155,16599.975467342014,28177.371287585698,21782.466698594155,21782.466698594155,372.2036711706462,372.2036711706462,372.2036711706462,240.69501629267717,240.69501629267717,240.69501629267717,131.50865487796906,131.50865487796906,131.50865487796906,0.0,0.0,0.0,22154.6703697648
2025-07-03,21782.874102156653,16789.177307037073,27411.86255751089,21782.874102156653,21782.874102156653,142.33354789994027,142.33354789994027,142.33354789994027,15.713991669670452,15.713991669670452,15.713991669670452,126.61955623026982,126.61955623026982,126.61955623026982,0.0,0.0,0.0,21925.207650056593
2025-07-04,21783.28150571916,15238.120678639718,26868.737132109087,21783.28150571916,21783.28150571916,-631.8605816801929,-631.8605816801929,-631.8605816801929,-747.3336135367015,-747.3336135367015,-747.3336135367015,115.4730318565085,115.4730318565085,115.4730318565085,0.0,0.0,0.0,21151.420924038965
2025-07-05,21783.68890928166,16764.407624041178,28022.75405886325,21783.68890928166,21783.68890928166,450.0867106855281,450.0867106855281,450.0867106855281,351.6530420958325,351.6530420958325,351.6530420958325,98.43366858969561,98.43366858969561,98.43366858969561,0.0,0.0,0.0,22233.77561996719
2025-07-06,21784.096312844158,16635.88843481121,28043.41320193896,21784.096312844158,21784.096312844158,310.8063605696908,310.8063605696908,310.8063605696908,234.81271771580558,234.81271771580558,234.81271771580558,75.99364285388522,75.99364285388522,75.99364285388522,0.0,0.0,0.0,22094.90267341385
2025-07-07,21784.503716406663,16708.021113029314,27596.796536025686,21784.503716406663,21784.503716406663,304.9557319427219,304.9557319427219,304.9557319427219,256.1974819058938,256.1974819058938,256.1974819058938,48.758250036828066,48.758250036828066,48.758250036828066,0.0,0.0,0.0,22089.459448349386
2025-07-08,21784.911119969165,15718.301029827702,27124.30026979763,21784.911119969165,21784.911119969165,-334.3096940265417,-334.3096940265417,-334.3096940265417,-351.73863613951136,-351.73863613951136,-351.73863613951136,17.42894211296962,17.42894211296962,17.42894211296962,0.0,0.0,0.0,21450.601425942623
2025-07-09,21785.318523531663,16162.52079470478,27647.084834772824,21785.318523531663,21785.318523531663,223.47939335312643,223.47939335312643,223.47939335312643,240.69501629452,240.69501629452,240.69501629452,-17.215622941393598,-17.215622941393598,-17.215622941393598,0.0,0.0,0.0,22008.79791688479
2025-07-10,21785.72592709417,16144.981085690304,27341.60388854987,21785.72592709417,21785.72592709417,-38.62598273790551,-38.62598273790551,-38.62598273790551,15.713991667575078,15.713991667575078,15.713991667575078,-54.339974405480575,-54.339974405480575,-54.339974405480575,0.0,0.0,0.0,21747.09994435626
2025-07-11,21786.13333065667,15901.068444611135,26290.50084236671,21786.13333065667,21786.13333065667,-840.4067067543845,-840.4067067543845,-840.4067067543845,-747.3336135370095,-747.3336135370095,-747.3336135370095,-93.07309321737503,-93.07309321737503,-93.07309321737503,0.0,0.0,0.0,20945.726623902287
2025-07-12,21786.54073421917,16293.656376978865,27857.364335747636,21786.54073421917,21786.54073421917,219.12307570917613,219.12307570917613,219.12307570917613,351.65304209241384,351.65304209241384,351.65304209241384,-132.52996638323768,-132.52996638323768,-132.52996638323768,0.0,0.0,0.0,22005.663809928345
2025-07-13,21786.948137781674,16892.983468274782,27396.196123832106,21786.948137781674,21786.948137781674,62.97986069754585,62.97986069754585,62.97986069754585,234.81271771599665,234.81271771599665,234.81271771599665,-171.8328570184508,-171.8328570184508,-171.8328570184508,0.0,0.0,0.0,21849.92799847922
2025-07-14,21787.355541344175,16202.84084805212,27164.253044560282,21787.355541344175,21787.355541344175,46.06574369550268,46.06574369550268,46.06574369550268,256.1974819051538,256.1974819051538,256.1974819051538,-210.1317382096511,-210.1317382096511,-210.1317382096511,0.0,0.0,0.0,21833.42128503968
2025-07-15,21787.762944906674,15836.983155041493,27064.89399696543,21787.762944906674,21787.762944906674,-598.3620124674619,-598.3620124674619,-598.3620124674619,-351.73863614074554,-351.73863614074554,-351.73863614074554,-246.6233763267163,-246.6233763267163,-246.6233763267163,0.0,0.0,0.0,21189.40093243921
2025-07-16,21788.17034846918,16312.694308721368,27385.032131999953,21788.17034846918,21788.17034846918,-39.873584037998924,-39.873584037998924,-39.873584037998924,240.69501629416357,240.69501629416357,240.69501629416357,-280.5686003321625,-280.5686003321625,-280.5686003321625,0.0,0.0,0.0,21748.29676443118
2025-07-17,21788.57775203168,15981.649940710266,26972.785333290147,21788.57775203168,21788.57775203168,-295.5933646301665,-295.5933646301665,-295.5933646301665,15.71399167025938,15.71399167025938,15.71399167025938,-311.3073563004259,-311.3073563004259,-311.3073563004259,0.0,0.0,0.0,21492.984387401513
2025-07-18,21788.98515559418,15215.996036196355,26429.11841842413,21788.98515559418,21788.98515559418,-1085.6048322726083,-1085.6048322726083,-1085.6048322726083,-747.3336135373178,-747.3336135373178,-747.3336135373178,-338.2712187352905,-338.2712187352905,-338.2712187352905,0.0,0.0,0.0,20703.38032332157
2025-07-19,21789.392559156684,16041.135917454607,27372.126625962435,21789.392559156684,21789.392559156684,-9.340067969762783,-9.340067969762783,-9.340067969762783,351.65304209391763,351.65304209391763,351.65304209391763,-360.99311006368043,-360.99311006368043,-360.99311006368043,0.0,0.0,0.0,21780.05249118692
2025-07-20,21789.799962719186,16371.298046370386,27539.178258141863,21789.799962719186,21789.799962719186,-144.30134672836724,-144.30134672836724,-144.30134672836724,234.8127177162427,234.8127177162427,234.8127177162427,-379.11406444460994,-379.11406444460994,-379.11406444460994,0.0,0.0,0.0,21645.49861599082
2025-07-21,21790.207366281684,16131.40201328309,27433.210420511972,21790.207366281684,21790.207366281684,-136.18947730636748,-136.18947730636748,-136.18947730636748,256.1974819056115,256.1974819056115,256.1974819056115,-392.386959211979,-392.386959211979,-392.386959211979,0.0,0.0,0.0,21654.017888975315
2025-07-22,21790.61476984419,15026.05162524329,26701.293887914726,21790.61476984419,21790.61476984419,-752.4158604184244,-752.4158604184244,-752.4158604184244,-351.7386361400945,-351.7386361400945,-351.7386361400945,-400.6772242783298,-400.6772242783298,-400.6772242783298,0.0,0.0,0.0,21038.198909425766
2025-07-23,21791.02217340669,15847.7352535427,27575.959699800464,21791.02217340669,21791.02217340669,-163.26560788737868,-163.26560788737868,-163.26560788737868,240.69501629521216,240.69501629521216,240.69501629521216,-403.96062418259083,-403.96062418259083,-403.96062418259083,0.0,0.0,0.0,21627.756565519314
2025-07-24,21791.42957696919,15821.752679441608,27018.064073059486,21791.42957696919,21791.42957696919,-386.60429507263405,-386.60429507263405,-386.60429507263405,15.713991668164022,15.713991668164022,15.713991668164022,-402.31828674079804,-402.31828674079804,-402.31828674079804,0.0,0.0,0.0,21404.825281896556
2025-07-25,21791.836980531694,15025.604911607565,25982.76743086182,21791.836980531694,21791.836980531694,-1143.2628378418026,-1143.2628378418026,-1143.2628378418026,-747.3336135376259,-747.3336135376259,-747.3336135376259,-395.92922430417667,-395.92922430417667,-395.92922430417667,0.0,0.0,0.0,20648.574142689893
2025-07-26,21792.244384094196,16164.515165778077,27002.686995566175,21792.244384094196,21792.244384094196,-33.407614379803135,-33.407614379803135,-33.407614379803135,351.6530420940101,351.6530420940101,351.6530420940101,-385.0606564738133,-385.0606564738133,-385.0606564738133,0.0,0.0,0.0,21758.83676971439
2025-07-27,21792.651787656694,16195.778446012537,27140.76865070506,21792.651787656694,21792.651787656694,-135.2437774586525,-135.2437774586525,-135.2437774586525,234.81271771594257,234.81271771594257,234.81271771594257,-370.05649517459506,-370.05649517459506,-370.05649517459506,0.0,0.0,0.0,21657.40801019804
2025-07-28,21793.0591912192,16368.7205347319,27283.048014453518,21793.0591912192,21793.0591912192,-95.12691106194652,-95.12691106194652,-95.12691106194652,256.1974819074454,256.1974819074454,256.1974819074454,-351.3243929693919,-351.3243929693919,-351.3243929693919,0.0,0.0,0.0,21697.932280157253
2025-07-29,21793.4665947817,15629.76869896585,26791.736708597946,21793.4665947817,21793.4665947817,-681.0604186551623,-681.0604186551623,-681.0604186551623,-351.73863613944343,-351.73863613944343,-351.73863613944343,-329.32178251571884,-329.32178251571884,-329.32178251571884,0.0,0.0,0.0,21112.40617612654
2025-07-30,21793.8739983442,15790.364293941255,26933.7399559932,21793.8739983442,21793.8739983442,-63.84633236773103,-63.84633236773103,-63.84633236773103,240.69501629045715,240.69501629045715,240.69501629045715,-304.54134865818816,-304.54134865818816,-304.54134865818816,0.0,0.0,0.0,21730.027665976468
2025-07-31,21794.2814019067,15727.219298438222,27138.169200136228,21794.2814019067,21794.2814019067,-261.7823830704979,-261.7823830704979,-261.7823830704979,15.71399167022414,15.71399167022414,15.71399167022414,-277.49637474072205,-277.49637474072205,-277.49637474072205,0.0,0.0,0.0,21532.499018836203
2025-08-01,21794.688805469203,15504.994769061075,26613.788037260867,21794.688805469203,21794.688805469203,-996.0400051934924,-996.0400051934924,-996.0400051934924,-747.3336135363893,-747.3336135363893,-747.3336135363893,-248.70639165710318,-248.70639165710318,-248.70639165710318,0.0,0.0,0.0,20798.64880027571
2025-08-02,21795.096209031704,16036.903354298716,27891.772845342388,21795.096209031704,21795.096209031704,132.9695094372098,132.9695094372098,132.9695094372098,351.6530420948083,351.6530420948083,351.6530420948083,-218.68353265759848,-218.68353265759848,-218.68353265759848,0.0,0.0,0.0,21928.065718468915
2025-08-03,21795.503612594206,16169.167557281065,27421.897189325064,21795.503612594206,21795.503612594206,46.89275762224408,46.89275762224408,46.89275762224408,234.81271771564246,234.81271771564246,234.81271771564246,-187.91996009339834,-187.91996009339834,-187.91996009339834,0.0,0.0,0.0,21842.39637021645
2025-08-04,21795.911016156708,16394.776425210646,27468.92741855742,21795.911016156708,21795.911016156708,99.32079839766972,99.32079839766972,99.32079839766972,256.19748190790324,256.19748190790324,256.19748190790324,-156.8766835102335,-156.8766835102335,-156.8766835102335,0.0,0.0,0.0,21895.231814554376
2025-08-05,21796.31841971921,15900.135358211915,26872.417019823784,21796.31841971921,21796.31841971921,-477.7126696262148,-477.7126696262148,-477.7126696262148,-351.73863613879234,-351.73863613879234,-351.73863613879234,-125.97403348742245,-125.97403348742245,-125.97403348742245,0.0,0.0,0.0,21318.605750092996
2025-08-06,21796.72582328171,16471.502374077092,27556.549595807275,21796.72582328171,21796.72582328171,145.11102204403193,145.11102204403193,145.11102204403193,240.69501629230004,240.69501629230004,240.69501629230004,-95.58399424826811,-95.58399424826811,-95.58399424826811,0.0,0.0,0.0,21941.836845325743
2025-08-07,21797.133226844213,16211.551064046296,27220.294583222312,21797.133226844213,21797.133226844213,-50.310540740075986,-50.310540740075986,-50.310540740075986,15.71399166812878,15.71399166812878,15.71399166812878,-66.02453240820475,-66.02453240820475,-66.02453240820475,0.0,0.0,0.0,21746.822686104137
2025-08-08,21797.540630406715,15357.23440241088,26081.97045619506,21797.540630406715,21797.540630406715,-784.8896049400018,-784.8896049400018,-784.8896049400018,-747.3336135369369,-747.3336135369369,-747.3336135369369,-37.555991403064965,-37.555991403064965,-37.555991403064965,0.0,0.0,0.0,21012.651025466712
2025-08-09,21797.948033969216,16826.690605114793,27898.988489717,21797.948033969216,21797.948033969216,341.27348875926884,341.27348875926884,341.27348875926884,351.6530420956065,351.6530420956065,351.6530420956065,-10.37955333633763,-10.37955333633763,-10.37955333633763,0.0,0.0,0.0,22139.221522728487
2025-08-10,21798.355437531718,16097.227019125383,27272.634654755904,21798.355437531718,21798.355437531718,250.17501342620338,250.17501342620338,250.17501342620338,234.8127177158885,234.8127177158885,234.8127177158885,15.362295710314903,15.362295710314903,15.362295710314903,0.0,0.0,0.0,22048.530450957922
2025-08-11,21798.76284109422,16569.613195859005,27789.13386120892,21798.76284109422,21798.76284109422,295.7809043029566,295.7809043029566,295.7809043029566,256.1974819059654,256.1974819059654,256.1974819059654,39.58342239699123,39.58342239699123,39.58342239699123,0.0,0.0,0.0,22094.543745397175
2025-08-12,21799.17024465672,15809.706570502281,27234.01939448004,21799.17024465672,21799.17024465672,-289.48863017612234,-289.48863017612234,-289.48863017612234,-351.73863614002653,-351.73863614002653,-351.73863614002653,62.25000596390423,62.25000596390423,62.25000596390423,0.0,0.0,0.0,21509.6816144806
2025-08-13,21799.577648219223,16350.034347680175,27622.48411419596,21799.577648219223,21799.577648219223,324.07004655735983,324.07004655735983,324.07004655735983,240.69501629114924,240.69501629114924,240.69501629114924,83.37503026621057,83.37503026621057,83.37503026621057,0.0,0.0,0.0,22123.647694776584
2025-08-14,21799.985051781725,16385.610274537485,27152.12484602907,21799.985051781725,21799.985051781725,118.72556782859078,118.72556782859078,118.72556782859078,15.713991666033404,15.713991666033404,15.713991666033404,103.01157616255738,103.01157616255738,103.01157616255738,0.0,0.0,0.0,21918.710619610316
2025-08-15,21800.392455344227,15610.48273332619,26875.984580408043,21800.392455344227,21800.392455344227,-626.0884019973304,-626.0884019973304,-626.0884019973304,-747.3336135357005,-747.3336135357005,-747.3336135357005,121.24521153837016,121.24521153837016,121.24521153837016,0.0,0.0,0.0,21174.304053346896
2025-08-16,21800.79985890673,16639.238299593748,27738.25977491958,21800.79985890673,21800.79985890673,489.8388368128941,489.8388368128941,489.8388368128941,351.65304209289354,351.65304209289354,351.65304209289354,138.18579472000062,138.18579472000062,138.18579472000062,0.0,0.0,0.0,22290.638695719623
2025-08-17,21801.20726246923,16591.892512956336,27415.341487573132,21801.20726246923,21801.20726246923,388.7717322325965,388.7717322325965,388.7717322325965,234.8127177155884,234.8127177155884,234.8127177155884,153.95901451700803,153.95901451700803,153.95901451700803,0.0,0.0,0.0,22189.978994701825
2025-08-18,21801.61466603173,16620.957091286517,27961.755586796822,21801.61466603173,21801.61466603173,424.89546855001527,424.89546855001527,424.89546855001527,256.1974819064232,256.1974819064232,256.1974819064232,168.69798664359206,168.69798664359206,168.69798664359206,0.0,0.0,0.0,22226.510134581746
2025-08-19,21802.022069594233,15893.887668378346,27082.21219667846,21802.022069594233,21802.022069594233,-169.20342397146666,-169.20342397146666,-169.20342397146666,-351.73863614059763,-351.73863614059763,-351.73863614059763,182.53521216913094,182.53521216913094,182.53521216913094,0.0,0.0,0.0,21632.818645622767
2025-08-20,21802.429473156735,16782.571240007754,27917.502599051837,21802.429473156735,21802.429473156735,436.29019595063767,436.29019595063767,436.29019595063767,240.69501629299214,240.69501629299214,240.69501629299214,195.59517965764553,195.59517965764553,195.59517965764553,0.0,0.0,0.0,22238.719669107373
2025-08-21,21802.836876719237,16513.720324649177,27719.84063467209,21802.836876719237,21802.836876719237,223.70185142677948,223.70185142677948,223.70185142677948,15.71399166809354,15.71399166809354,15.71399166809354,207.98785975868594,207.98785975868594,207.98785975868594,0.0,0.0,0.0,22026.538728146017
2025-08-22,21803.244280281735,15916.215663019848,26748.713871115408,21803.244280281735,21803.244280281735,-527.5303130128285,-527.5303130128285,-527.5303130128285,-747.3336135375534,-747.3336135375534,-747.3336135375534,219.80330052472485,219.80330052472485,219.80330052472485,0.0,0.0,0.0,21275.713967268908
2025-08-23,21803.65168384424,16727.415549829002,27731.214194685872,21803.65168384424,21803.65228131496,582.7605272250674,582.7605272250674,582.7605272250674,351.65304209369174,351.65304209369174,351.65304209369174,231.10748513137568,231.10748513137568,231.10748513137568,0.0,0.0,0.0,22386.412211069306
2025-08-24,21804.059087406742,17163.226798508644,28091.13003315581,21804.0556053547,21804.064928367632,476.75228038948813,476.75228038948813,476.75228038948813,234.81271771605253,234.81271771605253,234.81271771605253,241.9395626734357,241.9395626734357,241.9395626734357,0.0,0.0,0.0,22280.811367796232
2025-08-25,21804.46649096924,16804.882396495083,28351.931206029178,21804.461300033683,21804.475140272563,508.5079909930629,508.5079909930629,508.5079909930629,256.19748190688097,256.19748190688097,256.19748190688097,252.3105090861819,252.3105090861819,252.3105090861819,0.0,0.0,0.0,22312.974481962305
2025-08-26,21804.873894531745,16340.10676091695,27609.325853948583,21804.8650628159,21804.88728929535,-89.53541526414637,-89.53541526414637,-89.53541526414637,-351.73863613994655,-351.73863613994655,-351.73863613994655,262.2032208758002,262.2032208758002,262.2032208758002,0.0,0.0,0.0,21715.3384792676
2025-08-27,21805.281298094247,16901.47501216525,27840.088324055603,21805.269416070692,21805.301143590747,512.2690073696365,512.2690073696365,512.2690073696365,240.69501629263576,240.69501629263576,240.69501629263576,271.5739910770007,271.5739910770007,271.5739910770007,0.0,0.0,0.0,22317.550305463883
2025-08-28,21805.688701656745,17018.194036166402,27817.56049172783,21805.67200080783,21805.714232065406,296.0692581643453,296.0692581643453,296.0692581643453,15.713991665998181,15.713991665998181,15.713991665998181,280.3552664983471,280.3552664983471,280.3552664983471,0.0,0.0,0.0,22101.75795982109
2025-08-29,21806.09610521925,16248.689440139417,26813.009562473697,21806.076538104808,21806.128769846287,-458.87407400251186,-458.87407400251186,-458.87407400251186,-747.3336135363166,-747.3336135363166,-747.3336135363166,288.45953953380484,288.45953953380484,288.45953953380484,0.0,0.0,0.0,21347.222031216737
2025-08-30,21806.503508781752,16978.098282725572,27971.841785907425,21806.4761382783,21806.539228500642,647.43723021202,647.43723021202,647.43723021202,351.6530420944898,351.6530420944898,351.6530420944898,295.7841881175302,295.7841881175302,295.7841881175302,0.0,0.0,0.0,22453.940738993773
2025-08-31,21806.91091234425,16856.050952915743,28037.760371928478,21806.877925870987,21806.952597317635,537.0297627729477,537.0297627729477,537.0297627729477,234.81271771575246,234.81271771575246,234.81271771575246,302.21704505719526,302.21704505719526,302.21704505719526,0.0,0.0,0.0,22343.9406751172
2025-09-01,21807.318315906756,16949.682741602843,27749.14269946205,21807.280762057904,21807.367610451052,563.8399359190939,563.8399359190939,563.8399359190939,256.1974819049431,256.1974819049431,256.1974819049431,307.6424540141508,307.6424540141508,307.6424540141508,0.0,0.0,0.0,22371.15825182585
2025-09-02,21807.725719469257,16083.184442942706,27546.42602739443,21807.67314408087,21807.77981270971,-39.79108159539258,-39.79108159539258,-39.79108159539258,-351.7386361374103,-351.7386361374103,-351.7386361374103,311.9475545420177,311.9475545420177,311.9475545420177,0.0,0.0,0.0,21767.934637873866
2025-09-03,21808.133123031756,16924.123566919818,28072.599207520187,21808.069849971576,21808.192201022423,555.7235495429621,555.7235495429621,555.7235495429621,240.69501629227932,240.69501629227932,240.69501629227932,315.0285332506828,315.0285332506828,315.0285332506828,0.0,0.0,0.0,22363.85667257472
2025-09-04,21808.54052659426,16748.58626195128,27916.953968665908,21808.46977638935,21808.611340265794,332.5105740949438,332.5105740949438,332.5105740949438,15.713991668682501,15.713991668682501,15.713991668682501,316.79658242626135,316.79658242626135,316.79658242626135,0.0,0.0,0.0,22141.051100689205
2025-09-05,21808.94793015676,15843.413691720525,26752.303232975213,21808.864059728992,21809.02832169032,-430.1502924712848,-430.1502924712848,-430.1502924712848,-747.3336135350803,-747.3336135350803,-747.3336135350803,317.18332106379546,317.18332106379546,317.18332106379546,0.0,0.0,0.0,21378.797637685475
